Participant,Stimulus_Name,Amused*,Angry*,Bored*,Calm*,Content*,Disgust*,Excited*,Fearful*,Happy*,Negative*,Positive*,Sad*,Amused*_normalized,Angry*_normalized,Bored*_normalized,Calm*_normalized,Content*_normalized,Disgust*_normalized,Excited*_normalized,Fearful*_normalized,Happy*_normalized,Negative*_normalized,Positive*_normalized,Sad*_normalized
6k6gw,HN_1,0.0,0.0,0.0,0.0,0.0,4.0,0.0,0.0,0.0,3.0,0.0,5.0,-0.29651156738431234,-0.05442765785137815,-0.11972020773191996,-0.2961424447971787,-0.1658416268838452,0.37831024606678765,-0.19622556460160495,-0.09793805513617797,-0.32520883533665373,0.22240341469170222,-0.29431338345847063,0.41463175817847686
6k6gw,HN_4,0.0,0.0,0.0,0.0,0.0,4.0,1.0,2.0,0.0,7.0,0.0,6.0,-0.29651156738431234,-0.05442765785137815,-0.11972020773191996,-0.2961424447971787,-0.1658416268838452,0.37831024606678765,-0.04669736902640434,0.14604817933852823,-0.32520883533665373,0.7408011382305674,-0.29431338345847063,0.5609738186338576
6k6gw,HN_5,0.0,3.0,0.0,0.0,0.0,3.0,0.0,8.0,0.0,5.0,0.0,3.0,-0.29651156738431234,1.0,-0.11972020773191996,-0.2961424447971787,-0.1658416268838452,0.2539722952801452,-0.19622556460160495,0.878006882762647,-0.32520883533665373,0.4816022764611348,-0.29431338345847063,0.12194763726771525
6k6gw,HN_6,0.0,0.0,0.0,0.0,0.0,0.0,0.0,0.0,0.0,6.0,0.0,8.0,-0.29651156738431234,-0.05442765785137815,-0.11972020773191996,-0.2961424447971787,-0.1658416268838452,-0.11904155707978215,-0.19622556460160495,-0.09793805513617797,-0.32520883533665373,0.6112017073458511,-0.29431338345847063,0.8536579395446192
6k6gw,HN_7,0.0,0.0,0.0,0.0,0.0,0.0,0.0,0.0,0.0,0.0,0.0,1.0,-0.29651156738431234,-0.05442765785137815,-0.11972020773191996,-0.2961424447971787,-0.1658416268838452,-0.11904155707978215,-0.19622556460160495,-0.09793805513617797,-0.32520883533665373,-0.16639487796244667,-0.29431338345847063,-0.17073648364304633
6k6gw,HN_8,0.0,0.0,0.0,0.0,0.0,7.0,0.0,0.0,0.0,9.0,0.0,8.0,-0.29651156738431234,-0.05442765785137815,-0.11972020773191996,-0.2961424447971787,-0.1658416268838452,0.751324098426715,-0.19622556460160495,-0.09793805513617797,-0.32520883533665373,1.0,-0.29431338345847063,0.8536579395446192
6k6gw,HP_2,4.0,0.0,0.0,0.0,0.0,0.0,0.0,0.0,2.0,0.0,4.0,0.0,0.35174421630784386,-0.05442765785137815,-0.11972020773191996,-0.2961424447971787,-0.1658416268838452,-0.11904155707978215,-0.19622556460160495,-0.09793805513617797,0.00609337349750969,-0.16639487796244667,0.3528433082707647,-0.3170785440984271
6k6gw,HP_4,7.0,0.0,0.0,0.0,0.0,0.0,2.0,0.0,5.0,0.0,3.0,0.0,0.8379360540769609,-0.05442765785137815,-0.11972020773191996,-0.2961424447971787,-0.1658416268838452,-0.11904155707978215,0.10283082654879627,-0.09793805513617797,0.5030466867487549,-0.16639487796244667,0.19105413533845586,-0.3170785440984271
6k6gw,HP_5,6.0,0.0,0.0,0.0,0.0,0.0,0.0,0.0,0.0,0.0,0.0,0.0,0.675872108153922,-0.05442765785137815,-0.11972020773191996,-0.2961424447971787,-0.1658416268838452,-0.11904155707978215,-0.19622556460160495,-0.09793805513617797,-0.32520883533665373,-0.16639487796244667,-0.29431338345847063,-0.3170785440984271
6k6gw,HP_6,4.0,0.0,0.0,0.0,0.0,0.0,0.0,0.0,4.0,0.0,0.0,0.0,0.35174421630784386,-0.05442765785137815,-0.11972020773191996,-0.2961424447971787,-0.1658416268838452,-0.11904155707978215,-0.19622556460160495,-0.09793805513617797,0.3373955823316731,-0.16639487796244667,-0.29431338345847063,-0.3170785440984271
6k6gw,HP_8,7.0,0.0,0.0,0.0,0.0,0.0,5.0,0.0,6.0,0.0,5.0,0.0,0.8379360540769609,-0.05442765785137815,-0.11972020773191996,-0.2961424447971787,-0.1658416268838452,-0.11904155707978215,0.5514154132743981,-0.09793805513617797,0.6686977911658366,-0.16639487796244667,0.5146324812030735,-0.3170785440984271
6k6gw,LN_1,0.0,0.0,0.0,0.0,0.0,0.0,0.0,0.0,0.0,0.0,0.0,0.0,-0.29651156738431234,-0.05442765785137815,-0.11972020773191996,-0.2961424447971787,-0.1658416268838452,-0.11904155707978215,-0.19622556460160495,-0.09793805513617797,-0.32520883533665373,-0.16639487796244667,-0.29431338345847063,-0.3170785440984271
6k6gw,LN_2,0.0,0.0,0.0,0.0,0.0,0.0,0.0,0.0,0.0,0.0,0.0,5.0,-0.29651156738431234,-0.05442765785137815,-0.11972020773191996,-0.2961424447971787,-0.1658416268838452,-0.11904155707978215,-0.19622556460160495,-0.09793805513617797,-0.32520883533665373,-0.16639487796244667,-0.29431338345847063,0.41463175817847686
6k6gw,LN_3,0.0,2.0,0.0,0.0,0.0,9.0,0.0,0.0,0.0,4.0,0.0,6.0,-0.29651156738431234,0.6485241140495406,-0.11972020773191996,-0.2961424447971787,-0.1658416268838452,1.0,-0.19622556460160495,-0.09793805513617797,-0.32520883533665373,0.35200284557641853,-0.29431338345847063,0.5609738186338576
6k6gw,LN_4,0.0,0.0,0.0,0.0,0.0,0.0,0.0,0.0,0.0,1.0,0.0,9.0,-0.29651156738431234,-0.05442765785137815,-0.11972020773191996,-0.2961424447971787,-0.1658416268838452,-0.11904155707978215,-0.19622556460160495,-0.09793805513617797,-0.32520883533665373,-0.03679544707773037,-0.29431338345847063,1.0
6k6gw,LN_5,0.0,0.0,0.0,0.0,0.0,0.0,0.0,0.0,0.0,0.0,0.0,5.0,-0.29651156738431234,-0.05442765785137815,-0.11972020773191996,-0.2961424447971787,-0.1658416268838452,-0.11904155707978215,-0.19622556460160495,-0.09793805513617797,-0.32520883533665373,-0.16639487796244667,-0.29431338345847063,0.41463175817847686
6k6gw,LN_6,0.0,0.0,0.0,0.0,0.0,0.0,0.0,0.0,0.0,0.0,0.0,6.0,-0.29651156738431234,-0.05442765785137815,-0.11972020773191996,-0.2961424447971787,-0.1658416268838452,-0.11904155707978215,-0.19622556460160495,-0.09793805513617797,-0.32520883533665373,-0.16639487796244667,-0.29431338345847063,0.5609738186338576
6k6gw,LN_8,0.0,0.0,0.0,0.0,0.0,0.0,0.0,0.0,0.0,0.0,0.0,8.0,-0.29651156738431234,-0.05442765785137815,-0.11972020773191996,-0.2961424447971787,-0.1658416268838452,-0.11904155707978215,-0.19622556460160495,-0.09793805513617797,-0.32520883533665373,-0.16639487796244667,-0.29431338345847063,0.8536579395446192
6k6gw,LP_1,3.0,0.0,0.0,1.0,0.0,0.0,0.0,0.0,2.0,0.0,2.0,0.0,0.18968027038480478,-0.05442765785137815,-0.11972020773191996,-0.1341246391975314,-0.1658416268838452,-0.11904155707978215,-0.19622556460160495,-0.09793805513617797,0.00609337349750969,-0.16639487796244667,0.029264962406147028,-0.3170785440984271
6k6gw,LP_2,0.0,0.0,0.0,6.0,0.0,0.0,3.0,0.0,7.0,0.0,5.0,0.0,-0.29651156738431234,-0.05442765785137815,-0.11972020773191996,0.6759643888007053,-0.1658416268838452,-0.11904155707978215,0.2523590221239969,-0.09793805513617797,0.8343488955829182,-0.16639487796244667,0.5146324812030735,-0.3170785440984271
6k6gw,LP_3,0.0,0.0,0.0,6.0,0.0,0.0,4.0,0.0,5.0,0.0,4.0,0.0,-0.29651156738431234,-0.05442765785137815,-0.11972020773191996,0.6759643888007053,-0.1658416268838452,-0.11904155707978215,0.4018872176991975,-0.09793805513617797,0.5030466867487549,-0.16639487796244667,0.3528433082707647,-0.3170785440984271
6k6gw,LP_4,0.0,0.0,0.0,8.0,0.0,0.0,0.0,0.0,0.0,0.0,3.0,0.0,-0.29651156738431234,-0.05442765785137815,-0.11972020773191996,1.0,-0.1658416268838452,-0.11904155707978215,-0.19622556460160495,-0.09793805513617797,-0.32520883533665373,-0.16639487796244667,0.19105413533845586,-0.3170785440984271
6k6gw,LP_5,4.0,0.0,0.0,7.0,7.0,0.0,4.0,0.0,7.0,0.0,7.0,0.0,0.35174421630784386,-0.05442765785137815,-0.11972020773191996,0.8379821944003527,1.0,-0.11904155707978215,0.4018872176991975,-0.09793805513617797,0.8343488955829182,-0.16639487796244667,0.8382108270676911,-0.3170785440984271
6k6gw,LP_6,0.0,0.0,0.0,7.0,0.0,0.0,0.0,0.0,0.0,0.0,0.0,0.0,-0.29651156738431234,-0.05442765785137815,-0.11972020773191996,0.8379821944003527,-0.1658416268838452,-0.11904155707978215,-0.19622556460160495,-0.09793805513617797,-0.32520883533665373,-0.16639487796244667,-0.29431338345847063,-0.3170785440984271
6k6gw,LP_7,0.0,0.0,0.0,6.0,6.0,0.0,8.0,0.0,8.0,0.0,8.0,0.0,-0.29651156738431234,-0.05442765785137815,-0.11972020773191996,0.6759643888007053,0.8334511961594507,-0.11904155707978215,1.0,-0.09793805513617797,1.0,-0.16639487796244667,1.0,-0.3170785440984271
6k6gw,LP_8,1.0,0.0,0.0,0.0,0.0,0.0,0.0,0.0,0.0,0.0,0.0,0.0,-0.1344476214612733,-0.05442765785137815,-0.11972020773191996,-0.2961424447971787,-0.1658416268838452,-0.11904155707978215,-0.19622556460160495,-0.09793805513617797,-0.32520883533665373,-0.16639487796244667,-0.29431338345847063,-0.3170785440984271
D7GcxxFf3,HN_1,0.0,1.0,1.0,1.0,1.0,8.0,0.0,7.0,1.0,8.0,0.0,4.0,-0.6633256550460824,0.059788947783078604,0.038864435145142595,-0.8002580421886634,-0.7805700281687444,1.0,-0.6468914109304907,1.0,-0.7739459737500805,0.850684873907677,-0.8345117733157231,0.3280357886844362
D7GcxxFf3,HN_4,1.0,1.0,0.0,3.0,3.0,1.0,5.0,3.0,1.0,4.0,1.0,1.0,-0.4785116933742955,0.059788947783078604,-0.09844064554840846,-0.40077412656599015,-0.3417100845062332,0.0001036107416102921,0.7255180981782515,0.3512291965029985,-0.7739459737500805,0.2534243695383849,-0.6306771318361983,-0.07514273810490198
D7GcxxFf3,HN_5,0.0,0.0,0.0,4.0,2.0,2.0,4.0,5.0,2.0,5.0,2.0,0.0,-0.6633256550460824,-0.09691289425307498,-0.09844064554840846,-0.20103216875465352,-0.5611400563374888,0.1429459520642374,0.4510361963565031,0.6756145982514993,-0.547891947500161,0.4027394956307079,-0.42684249035667354,-0.20953558036801473
D7GcxxFf3,HN_6,0.0,7.0,0.0,2.0,1.0,1.0,0.0,0.0,0.0,9.0,0.0,9.0,-0.6633256550460824,1.0,-0.09844064554840846,-0.6005160843773267,-0.7805700281687444,0.0001036107416102921,-0.6468914109304907,-0.13534890611975253,-1.0,1.0,-0.8345117733157231,1.0
D7GcxxFf3,HN_7,0.0,0.0,0.0,4.0,4.0,0.0,1.0,0.0,4.0,5.0,2.0,1.0,-0.6633256550460824,-0.09691289425307498,-0.09844064554840846,-0.20103216875465352,-0.12228011267497758,-0.14273873058101683,-0.37240950910874226,-0.13534890611975253,-0.09578389500032194,0.4027394956307079,-0.42684249035667354,-0.07514273810490198
D7GcxxFf3,HN_8,0.0,5.0,0.0,1.0,1.0,6.0,0.0,2.0,1.0,8.0,0.0,5.0,-0.6633256550460824,0.6865963159276929,-0.09844064554840846,-0.8002580421886634,-0.7805700281687444,0.7143153173547457,-0.6468914109304907,0.18903649562874816,-0.7739459737500805,0.850684873907677,-0.8345117733157231,0.462428630947549
D7GcxxFf3,HP_2,8.0,0.0,0.0,8.0,8.0,0.0,5.0,0.0,8.0,0.0,7.0,0.0,0.815186038328213,-0.09691289425307498,-0.09844064554840846,0.597935662490693,0.7554397746500449,-0.14273873058101683,0.7255180981782515,-0.13534890611975253,0.808432209999356,-0.34383613483090725,0.5923307170409504,-0.20953558036801473
D7GcxxFf3,HP_4,8.0,0.0,0.0,8.0,8.0,0.0,1.0,0.0,8.0,0.0,7.0,0.0,0.815186038328213,-0.09691289425307498,-0.09844064554840846,0.597935662490693,0.7554397746500449,-0.14273873058101683,-0.37240950910874226,-0.13534890611975253,0.808432209999356,-0.34383613483090725,0.5923307170409504,-0.20953558036801473
D7GcxxFf3,HP_5,7.0,0.0,1.0,7.0,7.0,0.0,4.0,0.0,7.0,0.0,5.0,0.0,0.6303720766564261,-0.09691289425307498,0.038864435145142595,0.39819370467935633,0.5360098028187892,-0.14273873058101683,0.4510361963565031,-0.13534890611975253,0.5823781837494366,-0.34383613483090725,0.18466143408190083,-0.20953558036801473
D7GcxxFf3,HP_6,8.0,0.0,0.0,8.0,8.0,0.0,6.0,0.0,8.0,0.0,8.0,0.0,0.815186038328213,-0.09691289425307498,-0.09844064554840846,0.597935662490693,0.7554397746500449,-0.14273873058101683,1.0,-0.13534890611975253,0.808432209999356,-0.34383613483090725,0.7961653585204752,-0.20953558036801473
D7GcxxFf3,HP_8,3.0,0.0,8.0,5.0,5.0,0.0,0.0,0.0,5.0,4.0,2.0,0.0,-0.10888377003072162,-0.09691289425307498,1.0,-0.0012902109433168953,0.09714985915627802,-0.14273873058101683,-0.6468914109304907,-0.13534890611975253,0.13027013124959758,0.2534243695383849,-0.42684249035667354,-0.20953558036801473
D7GcxxFf3,LN_1,0.0,0.0,1.0,7.0,7.0,0.0,0.0,0.0,4.0,0.0,7.0,1.0,-0.6633256550460824,-0.09691289425307498,0.038864435145142595,0.39819370467935633,0.5360098028187892,-0.14273873058101683,-0.6468914109304907,-0.13534890611975253,-0.09578389500032194,-0.34383613483090725,0.5923307170409504,-0.07514273810490198
D7GcxxFf3,LN_2,0.0,0.0,1.0,4.0,2.0,0.0,0.0,0.0,0.0,4.0,2.0,6.0,-0.6633256550460824,-0.09691289425307498,0.038864435145142595,-0.20103216875465352,-0.5611400563374888,-0.14273873058101683,-0.6468914109304907,-0.13534890611975253,-1.0,0.2534243695383849,-0.42684249035667354,0.5968214732106617
D7GcxxFf3,LN_3,0.0,6.0,0.0,0.0,0.0,8.0,0.0,0.0,0.0,7.0,0.0,8.0,-0.6633256550460824,0.8432981579638464,-0.09844064554840846,-1.0,-1.0,1.0,-0.6468914109304907,-0.13534890611975253,-1.0,0.701369747815354,-0.8345117733157231,0.8656071577368872
D7GcxxFf3,LN_4,0.0,0.0,0.0,4.0,4.0,0.0,0.0,0.0,2.0,2.0,1.0,2.0,-0.6633256550460824,-0.09691289425307498,-0.09844064554840846,-0.20103216875465352,-0.12228011267497758,-0.14273873058101683,-0.6468914109304907,-0.13534890611975253,-0.547891947500161,-0.04520588264626117,-0.6306771318361983,0.059250104158210776
D7GcxxFf3,LN_5,2.0,0.0,3.0,4.0,4.0,0.0,0.0,0.0,4.0,2.0,1.0,0.0,-0.29369773170250857,-0.09691289425307498,0.3134745965322447,-0.20103216875465352,-0.12228011267497758,-0.14273873058101683,-0.6468914109304907,-0.13534890611975253,-0.09578389500032194,-0.04520588264626117,-0.6306771318361983,-0.20953558036801473
D7GcxxFf3,LN_6,1.0,0.0,0.0,6.0,6.0,0.0,1.0,0.0,4.0,0.0,4.0,1.0,-0.4785116933742955,-0.09691289425307498,-0.09844064554840846,0.19845174686801972,0.3165798309875336,-0.14273873058101683,-0.37240950910874226,-0.13534890611975253,-0.09578389500032194,-0.34383613483090725,-0.01917320739762396,-0.07514273810490198
D7GcxxFf3,LN_8,0.0,0.0,1.0,4.0,4.0,0.0,1.0,0.0,4.0,4.0,3.0,3.0,-0.6633256550460824,-0.09691289425307498,0.038864435145142595,-0.20103216875465352,-0.12228011267497758,-0.14273873058101683,-0.37240950910874226,-0.13534890611975253,-0.09578389500032194,0.2534243695383849,-0.22300784887714875,0.19364294642132351
D7GcxxFf3,LP_1,9.0,0.0,0.0,8.0,8.0,0.0,4.0,0.0,8.0,0.0,9.0,0.0,1.0,-0.09691289425307498,-0.09844064554840846,0.597935662490693,0.7554397746500449,-0.14273873058101683,0.4510361963565031,-0.13534890611975253,0.808432209999356,-0.34383613483090725,1.0,-0.20953558036801473
D7GcxxFf3,LP_2,8.0,0.0,0.0,8.0,8.0,0.0,3.0,0.0,8.0,0.0,8.0,1.0,0.815186038328213,-0.09691289425307498,-0.09844064554840846,0.597935662490693,0.7554397746500449,-0.14273873058101683,0.17655429453475463,-0.13534890611975253,0.808432209999356,-0.34383613483090725,0.7961653585204752,-0.07514273810490198
D7GcxxFf3,LP_3,8.0,0.0,0.0,8.0,8.0,0.0,4.0,0.0,8.0,0.0,7.0,0.0,0.815186038328213,-0.09691289425307498,-0.09844064554840846,0.597935662490693,0.7554397746500449,-0.14273873058101683,0.4510361963565031,-0.13534890611975253,0.808432209999356,-0.34383613483090725,0.5923307170409504,-0.20953558036801473
D7GcxxFf3,LP_4,8.0,0.0,1.0,8.0,0.0,0.0,4.0,0.0,8.0,0.0,8.0,0.0,0.815186038328213,-0.09691289425307498,0.038864435145142595,0.597935662490693,-1.0,-0.14273873058101683,0.4510361963565031,-0.13534890611975253,0.808432209999356,-0.34383613483090725,0.7961653585204752,-0.20953558036801473
D7GcxxFf3,LP_5,8.0,0.0,0.0,7.0,7.0,0.0,3.0,0.0,7.0,0.0,8.0,0.0,0.815186038328213,-0.09691289425307498,-0.09844064554840846,0.39819370467935633,0.5360098028187892,-0.14273873058101683,0.17655429453475463,-0.13534890611975253,0.5823781837494366,-0.34383613483090725,0.7961653585204752,-0.20953558036801473
D7GcxxFf3,LP_6,1.0,0.0,0.0,9.0,9.0,0.0,0.0,0.0,6.0,0.0,8.0,0.0,-0.4785116933742955,-0.09691289425307498,-0.09844064554840846,0.7976776203020296,0.9748697464813004,-0.14273873058101683,-0.6468914109304907,-0.13534890611975253,0.35632415749951707,-0.34383613483090725,0.7961653585204752,-0.20953558036801473
D7GcxxFf3,LP_7,5.0,0.0,0.0,7.0,7.0,0.0,5.0,0.0,8.0,0.0,7.0,0.0,0.2607441533128523,-0.09691289425307498,-0.09844064554840846,0.39819370467935633,0.5360098028187892,-0.14273873058101683,0.7255180981782515,-0.13534890611975253,0.808432209999356,-0.34383613483090725,0.5923307170409504,-0.20953558036801473
D7GcxxFf3,LP_8,5.0,0.0,2.0,4.0,4.0,0.0,2.0,0.0,4.0,0.0,4.0,0.0,0.2607441533128523,-0.09691289425307498,0.17616951583869367,-0.20103216875465352,-0.12228011267497758,-0.14273873058101683,-0.09792760728699383,-0.13534890611975253,-0.09578389500032194,-0.34383613483090725,-0.01917320739762396,-0.20953558036801473
FWvvb87,HN_1,0.0,6.0,0.0,0.0,0.0,8.0,0.0,3.0,0.0,8.0,0.0,6.0,-0.3371161516344111,1.0,-0.0875432574899662,-0.7929800856846984,-0.6418493102739832,1.0,-0.20403897090715378,0.25647249101374914,-0.36614727761412474,1.0,-0.3979496492491495,0.5811896587029395
FWvvb87,HN_4,0.0,0.0,0.0,2.0,1.0,2.0,0.0,0.0,0.0,3.0,0.0,3.0,-0.3371161516344111,-0.13858391591643732,-0.0875432574899662,-0.07578805141081899,-0.34974115077738493,0.12129921637215936,-0.20403897090715378,-0.11529126347937636,-0.36614727761412474,0.19257764074913672,-0.3979496492491495,0.16237931740587905
FWvvb87,HN_5,0.0,0.0,0.0,0.0,0.0,5.0,0.0,3.0,0.0,4.0,0.0,5.0,-0.3371161516344111,-0.13858391591643732,-0.0875432574899662,-0.7929800856846984,-0.6418493102739832,0.5606496081860797,-0.20403897090715378,0.25647249101374914,-0.36614727761412474,0.35406211259930936,-0.3979496492491495,0.44158621160391937
FWvvb87,HN_6,0.0,6.0,1.0,2.0,0.0,7.0,0.0,4.0,0.0,8.0,0.0,8.0,-0.3371161516344111,1.0,0.03329488223114116,-0.07578805141081899,-0.6418493102739832,0.8535498693953599,-0.20403897090715378,0.38039374251145763,-0.36614727761412474,1.0,-0.3979496492491495,0.8603965529009798
FWvvb87,HN_7,0.0,0.0,0.0,0.0,0.0,0.0,0.0,0.0,0.0,2.0,0.0,2.0,-0.3371161516344111,-0.13858391591643732,-0.0875432574899662,-0.7929800856846984,-0.6418493102739832,-0.17160104483712088,-0.20403897090715378,-0.11529126347937636,-0.36614727761412474,0.031093168898964074,-0.3979496492491495,0.022775870306858886
FWvvb87,HN_8,0.0,0.0,0.0,0.0,0.0,4.0,0.0,0.0,0.0,6.0,0.0,5.0,-0.3371161516344111,-0.13858391591643732,-0.0875432574899662,-0.7929800856846984,-0.6418493102739832,0.4141994775814396,-0.20403897090715378,-0.11529126347937636,-0.36614727761412474,0.6770310562996547,-0.3979496492491495,0.44158621160391937
FWvvb87,HP_2,3.0,0.0,0.0,2.0,2.0,0.0,0.0,0.0,3.0,0.0,3.0,0.0,0.15281953751407537,-0.13858391591643732,-0.0875432574899662,-0.07578805141081899,-0.057632991280786715,-0.17160104483712088,-0.20403897090715378,-0.11529126347937636,0.14615795149117206,-0.2918757748013812,0.12628146921928157,-0.25643102389118144
FWvvb87,HP_4,2.0,0.0,2.0,2.0,2.0,0.0,0.0,0.0,2.0,0.0,3.0,0.0,-0.010492358868753464,-0.13858391591643732,0.1541330219522485,-0.07578805141081899,-0.057632991280786715,-0.17160104483712088,-0.20403897090715378,-0.11529126347937636,-0.02461045821059354,-0.2918757748013812,0.12628146921928157,-0.25643102389118144
FWvvb87,HP_5,5.0,0.0,0.0,2.0,2.0,0.0,1.0,0.0,3.0,0.0,1.0,0.0,0.479443330279733,-0.13858391591643732,-0.0875432574899662,-0.07578805141081899,-0.057632991280786715,-0.17160104483712088,0.006305186660963431,-0.11529126347937636,0.14615795149117206,-0.2918757748013812,-0.2232059430930058,-0.25643102389118144
FWvvb87,HP_6,2.0,0.0,1.0,2.0,2.0,0.0,0.0,0.0,2.0,0.0,1.0,0.0,-0.010492358868753464,-0.13858391591643732,0.03329488223114116,-0.07578805141081899,-0.057632991280786715,-0.17160104483712088,-0.20403897090715378,-0.11529126347937636,-0.02461045821059354,-0.2918757748013812,-0.2232059430930058,-0.25643102389118144
FWvvb87,HP_8,4.0,0.0,0.0,2.0,2.0,0.0,0.0,0.0,3.0,0.0,3.0,0.0,0.3161314338969042,-0.13858391591643732,-0.0875432574899662,-0.07578805141081899,-0.057632991280786715,-0.17160104483712088,-0.20403897090715378,-0.11529126347937636,0.14615795149117206,-0.2918757748013812,0.12628146921928157,-0.25643102389118144
FWvvb87,LN_1,0.0,0.0,2.0,2.0,2.0,0.0,0.0,0.0,0.0,0.0,4.0,0.0,-0.3371161516344111,-0.13858391591643732,0.1541330219522485,-0.07578805141081899,-0.057632991280786715,-0.17160104483712088,-0.20403897090715378,-0.11529126347937636,-0.36614727761412474,-0.2918757748013812,0.3010251753754253,-0.25643102389118144
FWvvb87,LN_2,0.0,0.0,0.0,1.0,0.0,0.0,0.0,0.0,0.0,7.0,0.0,7.0,-0.3371161516344111,-0.13858391591643732,-0.0875432574899662,-0.43438406854775863,-0.6418493102739832,-0.17160104483712088,-0.20403897090715378,-0.11529126347937636,-0.36614727761412474,0.8385155281498273,-0.3979496492491495,0.7207931058019597
FWvvb87,LN_3,0.0,4.0,9.0,4.0,4.0,2.0,0.0,9.0,1.0,2.0,2.0,2.0,-0.3371161516344111,0.6204720280278543,1.0,0.6414039828630603,0.5265833277124098,0.12129921637215936,-0.20403897090715378,1.0,-0.19537886791235914,0.031093168898964074,-0.0484622369368621,0.022775870306858886
FWvvb87,LN_4,0.0,0.0,0.0,1.0,1.0,0.0,0.0,0.0,0.0,2.0,0.0,5.0,-0.3371161516344111,-0.13858391591643732,-0.0875432574899662,-0.43438406854775863,-0.34974115077738493,-0.17160104483712088,-0.20403897090715378,-0.11529126347937636,-0.36614727761412474,0.031093168898964074,-0.3979496492491495,0.44158621160391937
FWvvb87,LN_5,0.0,0.0,2.0,2.0,2.0,0.0,0.0,0.0,0.0,0.0,0.0,0.0,-0.3371161516344111,-0.13858391591643732,0.1541330219522485,-0.07578805141081899,-0.057632991280786715,-0.17160104483712088,-0.20403897090715378,-0.11529126347937636,-0.36614727761412474,-0.2918757748013812,-0.3979496492491495,-0.25643102389118144
FWvvb87,LN_6,2.0,0.0,0.0,2.0,1.0,1.0,2.0,0.0,2.0,3.0,2.0,3.0,-0.010492358868753464,-0.13858391591643732,-0.0875432574899662,-0.07578805141081899,-0.34974115077738493,-0.02515091423248076,0.2166493442290806,-0.11529126347937636,-0.02461045821059354,0.19257764074913672,-0.0484622369368621,0.16237931740587905
FWvvb87,LN_8,0.0,3.0,1.0,1.0,1.0,3.0,0.0,3.0,0.0,5.0,1.0,7.0,-0.3371161516344111,0.43070804204178137,0.03329488223114116,-0.43438406854775863,-0.34974115077738493,0.2677493469767995,-0.20403897090715378,0.25647249101374914,-0.36614727761412474,0.5155465844494821,-0.2232059430930058,0.7207931058019597
FWvvb87,LP_1,8.0,0.0,0.0,4.0,4.0,0.0,5.0,0.0,8.0,0.0,8.0,0.0,0.9693790194282196,-0.13858391591643732,-0.0875432574899662,0.6414039828630603,0.5265833277124098,-0.17160104483712088,0.8476818169334323,-0.11529126347937636,1.0,-0.2918757748013812,1.0,-0.25643102389118144
FWvvb87,LP_2,6.0,0.0,0.0,4.0,4.0,0.0,2.0,0.0,6.0,0.0,5.0,2.0,0.6427552266625619,-0.13858391591643732,-0.0875432574899662,0.6414039828630603,0.5265833277124098,-0.17160104483712088,0.2166493442290806,-0.11529126347937636,0.6584631805964689,-0.2918757748013812,0.47576888153156893,0.022775870306858886
FWvvb87,LP_3,6.0,0.0,0.0,4.0,4.0,0.0,0.0,0.0,6.0,0.0,4.0,0.0,0.6427552266625619,-0.13858391591643732,-0.0875432574899662,0.6414039828630603,0.5265833277124098,-0.17160104483712088,-0.20403897090715378,-0.11529126347937636,0.6584631805964689,-0.2918757748013812,0.3010251753754253,-0.25643102389118144
FWvvb87,LP_4,1.0,0.0,0.0,3.0,3.0,0.0,0.0,0.0,2.0,0.0,2.0,0.0,-0.1738042552515823,-0.13858391591643732,-0.0875432574899662,0.28280796572612066,0.23447516821581152,-0.17160104483712088,-0.20403897090715378,-0.11529126347937636,-0.02461045821059354,-0.2918757748013812,-0.0484622369368621,-0.25643102389118144
FWvvb87,LP_5,2.0,0.0,1.0,2.0,2.0,0.0,0.0,0.0,3.0,0.0,3.0,0.0,-0.010492358868753464,-0.13858391591643732,0.03329488223114116,-0.07578805141081899,-0.057632991280786715,-0.17160104483712088,-0.20403897090715378,-0.11529126347937636,0.14615795149117206,-0.2918757748013812,0.12628146921928157,-0.25643102389118144
FWvvb87,LP_6,0.0,0.0,0.0,5.0,5.0,0.0,0.0,0.0,3.0,0.0,3.0,0.0,-0.3371161516344111,-0.13858391591643732,-0.0875432574899662,1.0,0.818691487209008,-0.17160104483712088,-0.20403897090715378,-0.11529126347937636,0.14615795149117206,-0.2918757748013812,0.12628146921928157,-0.25643102389118144
FWvvb87,LP_7,5.0,0.0,0.0,4.0,5.0,0.0,5.0,0.0,8.0,0.0,8.0,0.0,0.479443330279733,-0.13858391591643732,-0.0875432574899662,0.6414039828630603,0.818691487209008,-0.17160104483712088,0.8476818169334323,-0.11529126347937636,1.0,-0.2918757748013812,1.0,-0.25643102389118144
FWvvb87,LP_8,0.0,0.0,2.0,2.0,2.0,0.0,0.0,0.0,0.0,0.0,1.0,0.0,-0.3371161516344111,-0.13858391591643732,0.1541330219522485,-0.07578805141081899,-0.057632991280786715,-0.17160104483712088,-0.20403897090715378,-0.11529126347937636,-0.36614727761412474,-0.2918757748013812,-0.2232059430930058,-0.25643102389118144
FcXX1,HN_1,0.0,7.0,4.0,0.0,0.0,2.0,0.0,0.0,0.0,9.0,0.0,9.0,-0.572635665243525,0.8669578398393324,-0.011182500344148338,-0.6111373847926749,-0.493199996050011,0.8506891255800063,-0.46223163572024095,-0.10386355949419762,-0.7256664045280502,1.0,-0.8313542161065511,1.0
FcXX1,HN_4,0.0,0.0,2.0,0.0,0.0,0.0,0.0,8.0,0.0,9.0,0.0,9.0,-0.572635665243525,-0.06433728128534101,-0.41565550048180766,-0.6111373847926749,-0.493199996050011,-0.13300604706936495,-0.46223163572024095,1.0,-0.7256664045280502,1.0,-0.8313542161065511,1.0
FcXX1,HN_5,2.0,0.0,7.0,3.0,1.0,0.0,4.0,6.0,0.0,0.0,1.0,0.0,-0.22316107296718618,-0.06433728128534101,0.5955269998623407,-0.07409158986178324,-0.3272888853777876,-0.13300604706936495,0.1876490912665328,0.7240341101264506,-0.7256664045280502,-0.32377296996602617,-0.6278704143169344,-0.2945634285839792
FcXX1,HN_6,3.0,0.0,2.0,1.0,1.0,0.0,0.0,0.0,0.0,5.0,0.0,5.0,-0.04842377682901673,-0.06433728128534101,-0.41565550048180766,-0.43212211981571097,-0.3272888853777876,-0.13300604706936495,-0.46223163572024095,-0.10386355949419762,-0.7256664045280502,0.4116564577928772,-0.8313542161065511,0.42463847618489814
FcXX1,HN_7,0.0,0.0,6.0,1.0,0.0,0.0,0.0,0.0,0.0,2.0,0.0,3.0,-0.572635665243525,-0.06433728128534101,0.393290499793511,-0.43212211981571097,-0.493199996050011,-0.13300604706936495,-0.46223163572024095,-0.10386355949419762,-0.7256664045280502,-0.029601198862464834,-0.8313542161065511,0.1369577142773472
FcXX1,HN_8,1.0,0.0,5.0,2.0,1.0,0.0,0.0,0.0,0.0,1.0,0.0,2.0,-0.39789836910535564,-0.06433728128534101,0.19105399972468132,-0.2531068548387471,-0.3272888853777876,-0.13300604706936495,-0.46223163572024095,-0.10386355949419762,-0.7256664045280502,-0.17668708441424552,-0.8313542161065511,-0.006882666676428263
FcXX1,HP_2,3.0,0.0,6.0,9.0,8.0,0.0,4.0,0.0,8.0,0.0,8.0,0.0,-0.04842377682901673,-0.06433728128534101,0.393290499793511,1.0,0.8340888893277766,-0.13300604706936495,0.1876490912665328,-0.10386355949419762,0.8082592883857722,-0.32377296996602617,0.7965161982103832,-0.2945634285839792
FcXX1,HP_4,3.0,0.0,9.0,3.0,3.0,0.0,5.0,0.0,6.0,0.0,8.0,0.0,-0.04842377682901673,-0.06433728128534101,1.0,-0.07409158986178324,0.004533335966659308,-0.13300604706936495,0.35011927301322626,-0.10386355949419762,0.4247778651573166,-0.32377296996602617,0.7965161982103832,-0.2945634285839792
FcXX1,HP_5,5.0,0.0,2.0,5.0,4.0,0.0,3.0,0.0,6.0,0.0,5.0,0.0,0.30105081544732215,-0.06433728128534101,-0.41565550048180766,0.2839389400921445,0.17044444663888275,-0.13300604706936495,0.025178909519839365,-0.10386355949419762,0.4247778651573166,-0.32377296996602617,0.18606479284153282,-0.2945634285839792
FcXX1,HP_6,9.0,0.0,0.0,9.0,9.0,0.0,9.0,0.0,9.0,0.0,9.0,0.0,1.0,-0.06433728128534101,-0.820128500619467,1.0,1.0,-0.13300604706936495,1.0,-0.10386355949419762,1.0,-0.32377296996602617,1.0,-0.2945634285839792
FcXX1,HP_8,0.0,0.0,9.0,1.0,1.0,0.0,1.0,0.0,1.0,0.0,3.0,0.0,-0.572635665243525,-0.06433728128534101,1.0,-0.43212211981571097,-0.3272888853777876,-0.13300604706936495,-0.29976145397354753,-0.10386355949419762,-0.5339256929138224,-0.32377296996602617,-0.22090281073770077,-0.2945634285839792
FcXX1,LN_1,1.0,0.0,9.0,1.0,3.0,0.0,1.0,0.0,3.0,3.0,2.0,0.0,-0.39789836910535564,-0.06433728128534101,1.0,-0.43212211981571097,0.004533335966659308,-0.13300604706936495,-0.29976145397354753,-0.10386355949419762,-0.15044426968536684,0.11748468668931585,-0.4243866125273176,-0.2945634285839792
FcXX1,LN_2,1.0,0.0,7.0,1.0,0.0,1.0,1.0,0.0,0.0,6.0,0.0,6.0,-0.39789836910535564,-0.06433728128534101,0.5955269998623407,-0.43212211981571097,-0.493199996050011,0.3588415392553207,-0.29976145397354753,-0.10386355949419762,-0.7256664045280502,0.5587423433446579,-0.8313542161065511,0.5684788571386736
FcXX1,LN_3,0.0,8.0,1.0,1.0,0.0,1.0,1.0,0.0,0.0,6.0,0.0,9.0,-0.572635665243525,1.0,-0.6178920005506373,-0.43212211981571097,-0.493199996050011,0.3588415392553207,-0.29976145397354753,-0.10386355949419762,-0.7256664045280502,0.5587423433446579,-0.8313542161065511,1.0
FcXX1,LN_4,1.0,0.0,0.0,7.0,4.0,0.0,0.0,0.0,2.0,6.0,0.0,9.0,-0.39789836910535564,-0.06433728128534101,-0.820128500619467,0.6419694700460723,0.17044444663888275,-0.13300604706936495,-0.46223163572024095,-0.10386355949419762,-0.3421849812995946,0.5587423433446579,-0.8313542161065511,1.0
FcXX1,LN_5,1.0,0.0,9.0,1.0,1.0,0.0,0.0,0.0,0.0,4.0,1.0,2.0,-0.39789836910535564,-0.06433728128534101,1.0,-0.43212211981571097,-0.3272888853777876,-0.13300604706936495,-0.46223163572024095,-0.10386355949419762,-0.7256664045280502,0.26457057224109654,-0.6278704143169344,-0.006882666676428263
FcXX1,LN_6,1.0,0.0,9.0,1.0,0.0,0.0,0.0,0.0,0.0,0.0,2.0,3.0,-0.39789836910535564,-0.06433728128534101,1.0,-0.43212211981571097,-0.493199996050011,-0.13300604706936495,-0.46223163572024095,-0.10386355949419762,-0.7256664045280502,-0.32377296996602617,-0.4243866125273176,0.1369577142773472
FcXX1,LN_8,0.0,0.0,4.0,1.0,4.0,0.0,0.0,0.0,0.0,6.0,0.0,7.0,-0.572635665243525,-0.06433728128534101,-0.011182500344148338,-0.43212211981571097,0.17044444663888275,-0.13300604706936495,-0.46223163572024095,-0.10386355949419762,-0.7256664045280502,0.5587423433446579,-0.8313542161065511,0.712319238092449
FcXX1,LP_1,5.0,0.0,4.0,4.0,4.0,0.0,4.0,0.0,9.0,0.0,9.0,0.0,0.30105081544732215,-0.06433728128534101,-0.011182500344148338,0.10492367511518064,0.17044444663888275,-0.13300604706936495,0.1876490912665328,-0.10386355949419762,1.0,-0.32377296996602617,1.0,-0.2945634285839792
FcXX1,LP_2,8.0,0.0,2.0,8.0,0.0,0.0,9.0,0.0,9.0,0.0,9.0,0.0,0.8252627038618305,-0.06433728128534101,-0.41565550048180766,0.8209847350230361,-0.493199996050011,-0.13300604706936495,1.0,-0.10386355949419762,1.0,-0.32377296996602617,1.0,-0.2945634285839792
FcXX1,LP_3,5.0,0.0,0.0,9.0,4.0,0.0,4.0,0.0,9.0,0.0,9.0,0.0,0.30105081544732215,-0.06433728128534101,-0.820128500619467,1.0,0.17044444663888275,-0.13300604706936495,0.1876490912665328,-0.10386355949419762,1.0,-0.32377296996602617,1.0,-0.2945634285839792
FcXX1,LP_4,8.0,0.0,3.0,8.0,8.0,0.0,7.0,0.0,8.0,0.0,9.0,0.0,0.8252627038618305,-0.06433728128534101,-0.213419000412978,0.8209847350230361,0.8340888893277766,-0.13300604706936495,0.6750596365066132,-0.10386355949419762,0.8082592883857722,-0.32377296996602617,1.0,-0.2945634285839792
FcXX1,LP_5,9.0,0.0,0.0,7.0,8.0,0.0,9.0,0.0,9.0,0.0,9.0,0.0,1.0,-0.06433728128534101,-0.820128500619467,0.6419694700460723,0.8340888893277766,-0.13300604706936495,1.0,-0.10386355949419762,1.0,-0.32377296996602617,1.0,-0.2945634285839792
FcXX1,LP_6,2.0,0.0,8.0,3.0,3.0,1.0,1.0,0.0,3.0,4.0,5.0,1.0,-0.22316107296718618,-0.06433728128534101,0.7977634999311704,-0.07409158986178324,0.004533335966659308,0.3588415392553207,-0.29976145397354753,-0.10386355949419762,-0.15044426968536684,0.26457057224109654,0.18606479284153282,-0.15072304763020372
FcXX1,LP_7,5.0,0.0,6.0,4.0,4.0,0.0,7.0,0.0,9.0,0.0,9.0,0.0,0.30105081544732215,-0.06433728128534101,0.393290499793511,0.10492367511518064,0.17044444663888275,-0.13300604706936495,0.6750596365066132,-0.10386355949419762,1.0,-0.32377296996602617,1.0,-0.2945634285839792
FcXX1,LP_8,6.0,0.0,4.0,5.0,5.0,0.0,3.0,0.0,8.0,0.0,8.0,0.0,0.4757881115854916,-0.06433728128534101,-0.011182500344148338,0.2839389400921445,0.3363555573111062,-0.13300604706936495,0.025178909519839365,-0.10386355949419762,0.8082592883857722,-0.32377296996602617,0.7965161982103832,-0.2945634285839792
K34LOp,HN_1,0.0,3.0,0.0,0.0,0.0,4.0,0.0,1.0,0.0,3.0,0.0,2.0,-0.2660884716113801,1.0,-0.13938953179760663,-0.8857710422717869,-0.6130642539080767,1.0,-0.1696998084620843,0.03885434931003471,-0.2886315044587283,0.5204905573532114,-0.3597454764600533,0.18717674221962904
K34LOp,HN_4,0.0,3.0,0.0,1.0,2.0,4.0,1.0,5.0,0.0,5.0,3.0,5.0,-0.2660884716113801,1.0,-0.13938953179760663,-0.5086168338174295,-0.03909047030888375,1.0,0.03464533879936416,0.5194271746550173,-0.2886315044587283,1.0,0.20534355271815063,0.6748706968878516
K34LOp,HN_5,0.0,0.0,0.0,0.0,0.0,0.0,1.0,2.0,0.0,0.0,0.0,0.0,-0.2660884716113801,-0.10146263350000263,-0.13938953179760663,-0.8857710422717869,-0.6130642539080767,-0.12569608952742428,0.03464533879936416,0.1589975556462804,-0.2886315044587283,-0.19877360661697163,-0.3597454764600533,-0.13795256089251937
K34LOp,HN_6,0.0,1.0,0.0,1.0,0.0,2.0,0.0,0.0,0.0,3.0,0.0,1.0,-0.2660884716113801,0.2656915776666649,-0.13938953179760663,-0.5086168338174295,-0.6130642539080767,0.4371519552362878,-0.1696998084620843,-0.08128885702621096,-0.2886315044587283,0.5204905573532114,-0.3597454764600533,0.024612090663554832
K34LOp,HN_7,0.0,0.0,0.0,1.0,0.0,0.0,0.0,0.0,0.0,1.0,0.0,1.0,-0.2660884716113801,-0.10146263350000263,-0.13938953179760663,-0.5086168338174295,-0.6130642539080767,-0.12569608952742428,-0.1696998084620843,-0.08128885702621096,-0.2886315044587283,0.040981114706422704,-0.3597454764600533,0.024612090663554832
K34LOp,HN_8,0.0,2.0,0.0,0.0,0.0,0.0,0.0,0.0,0.0,3.0,0.0,2.0,-0.2660884716113801,0.6328457888333324,-0.13938953179760663,-0.8857710422717869,-0.6130642539080767,-0.12569608952742428,-0.1696998084620843,-0.08128885702621096,-0.2886315044587283,0.5204905573532114,-0.3597454764600533,0.18717674221962904
K34LOp,HP_2,5.0,0.0,0.0,5.0,5.0,0.0,0.0,0.0,6.0,0.0,6.0,0.0,0.5070953278459512,-0.10146263350000263,-0.13938953179760663,1.0,0.8218702050899057,-0.12569608952742428,-0.1696998084620843,-0.08128885702621096,0.7542609689171728,-0.19877360661697163,0.7704325818963547,-0.13795256089251937
K34LOp,HP_4,2.0,0.0,2.0,3.0,3.0,0.0,0.0,0.0,2.0,0.0,2.0,0.0,0.04318504817155245,-0.10146263350000263,0.31636628092143604,0.24569158309128522,0.24789642149071273,-0.12569608952742428,-0.1696998084620843,-0.08128885702621096,0.05899931999990538,-0.19877360661697163,0.01698054299208266,-0.13795256089251937
K34LOp,HP_5,5.0,0.0,0.0,3.0,3.0,0.0,1.0,0.0,4.0,0.0,3.0,0.0,0.5070953278459512,-0.10146263350000263,-0.13938953179760663,0.24569158309128522,0.24789642149071273,-0.12569608952742428,0.03464533879936416,-0.08128885702621096,0.40663014445853907,-0.19877360661697163,0.20534355271815063,-0.13795256089251937
K34LOp,HP_6,3.0,0.0,0.0,2.0,2.0,0.0,1.0,0.0,1.0,1.0,2.0,1.0,0.19782180806301872,-0.10146263350000263,-0.13938953179760663,-0.13146262536307216,-0.03909047030888375,-0.12569608952742428,0.03464533879936416,-0.08128885702621096,-0.11481609222941146,0.040981114706422704,0.01698054299208266,0.024612090663554832
K34LOp,HP_8,2.0,0.0,0.0,3.0,3.0,0.0,1.0,0.0,2.0,0.0,2.0,0.0,0.04318504817155245,-0.10146263350000263,-0.13938953179760663,0.24569158309128522,0.24789642149071273,-0.12569608952742428,0.03464533879936416,-0.08128885702621096,0.05899931999990538,-0.19877360661697163,0.01698054299208266,-0.13795256089251937
K34LOp,LN_1,0.0,0.0,0.0,5.0,0.0,0.0,0.0,0.0,0.0,0.0,0.0,0.0,-0.2660884716113801,-0.10146263350000263,-0.13938953179760663,1.0,-0.6130642539080767,-0.12569608952742428,-0.1696998084620843,-0.08128885702621096,-0.2886315044587283,-0.19877360661697163,-0.3597454764600533,-0.13795256089251937
K34LOp,LN_2,0.0,0.0,0.0,1.0,2.0,0.0,0.0,0.0,0.0,1.0,0.0,3.0,-0.2660884716113801,-0.10146263350000263,-0.13938953179760663,-0.5086168338174295,-0.03909047030888375,-0.12569608952742428,-0.1696998084620843,-0.08128885702621096,-0.2886315044587283,0.040981114706422704,-0.3597454764600533,0.34974139377570324
K34LOp,LN_3,0.0,0.0,0.0,1.0,2.0,0.0,0.0,0.0,0.0,0.0,1.0,1.0,-0.2660884716113801,-0.10146263350000263,-0.13938953179760663,-0.5086168338174295,-0.03909047030888375,-0.12569608952742428,-0.1696998084620843,-0.08128885702621096,-0.2886315044587283,-0.19877360661697163,-0.17138246673398533,0.024612090663554832
K34LOp,LN_4,0.0,0.0,0.0,1.0,1.0,0.0,0.0,0.0,0.0,1.0,0.0,7.0,-0.2660884716113801,-0.10146263350000263,-0.13938953179760663,-0.5086168338174295,-0.3260773621084802,-0.12569608952742428,-0.1696998084620843,-0.08128885702621096,-0.2886315044587283,0.040981114706422704,-0.3597454764600533,1.0
K34LOp,LN_5,0.0,0.0,2.0,3.0,1.0,0.0,0.0,0.0,0.0,0.0,0.0,0.0,-0.2660884716113801,-0.10146263350000263,0.31636628092143604,0.24569158309128522,-0.3260773621084802,-0.12569608952742428,-0.1696998084620843,-0.08128885702621096,-0.2886315044587283,-0.19877360661697163,-0.3597454764600533,-0.13795256089251937
K34LOp,LN_6,0.0,0.0,1.0,3.0,1.0,0.0,0.0,0.0,0.0,0.0,0.0,1.0,-0.2660884716113801,-0.10146263350000263,0.08848837456191469,0.24569158309128522,-0.3260773621084802,-0.12569608952742428,-0.1696998084620843,-0.08128885702621096,-0.2886315044587283,-0.19877360661697163,-0.3597454764600533,0.024612090663554832
K34LOp,LN_8,0.0,0.0,3.0,2.0,0.0,0.0,0.0,0.0,0.0,0.0,0.0,0.0,-0.2660884716113801,-0.10146263350000263,0.5442441872809574,-0.13146262536307216,-0.6130642539080767,-0.12569608952742428,-0.1696998084620843,-0.08128885702621096,-0.2886315044587283,-0.19877360661697163,-0.3597454764600533,-0.13795256089251937
K34LOp,LP_1,3.0,0.0,0.0,5.0,4.0,0.0,1.0,0.0,2.0,0.0,4.0,0.0,0.19782180806301872,-0.10146263350000263,-0.13938953179760663,1.0,0.5348833132903092,-0.12569608952742428,0.03464533879936416,-0.08128885702621096,0.05899931999990538,-0.19877360661697163,0.3937065624442187,-0.13795256089251937
K34LOp,LP_2,3.0,0.0,0.0,2.0,3.0,0.0,1.0,0.0,4.0,0.0,3.0,0.0,0.19782180806301872,-0.10146263350000263,-0.13938953179760663,-0.13146262536307216,0.24789642149071273,-0.12569608952742428,0.03464533879936416,-0.08128885702621096,0.40663014445853907,-0.19877360661697163,0.20534355271815063,-0.13795256089251937
K34LOp,LP_3,2.0,0.0,0.0,4.0,4.0,0.0,1.0,0.0,2.0,0.0,4.0,0.0,0.04318504817155245,-0.10146263350000263,-0.13938953179760663,0.6228457915456426,0.5348833132903092,-0.12569608952742428,0.03464533879936416,-0.08128885702621096,0.05899931999990538,-0.19877360661697163,0.3937065624442187,-0.13795256089251937
K34LOp,LP_4,1.0,0.0,2.0,4.0,3.0,0.0,0.0,0.0,1.0,0.0,1.0,0.0,-0.11145171171991382,-0.10146263350000263,0.31636628092143604,0.6228457915456426,0.24789642149071273,-0.12569608952742428,-0.1696998084620843,-0.08128885702621096,-0.11481609222941146,-0.19877360661697163,-0.17138246673398533,-0.13795256089251937
K34LOp,LP_5,1.0,0.0,0.0,2.0,3.0,0.0,1.0,0.0,4.0,0.0,5.0,0.0,-0.11145171171991382,-0.10146263350000263,-0.13938953179760663,-0.13146262536307216,0.24789642149071273,-0.12569608952742428,0.03464533879936416,-0.08128885702621096,0.40663014445853907,-0.19877360661697163,0.5820695721702867,-0.13795256089251937
K34LOp,LP_6,0.0,0.0,5.0,3.0,2.0,0.0,0.0,0.0,0.0,0.0,0.0,0.0,-0.2660884716113801,-0.10146263350000263,1.0,0.24569158309128522,-0.03909047030888375,-0.12569608952742428,-0.1696998084620843,-0.08128885702621096,-0.2886315044587283,-0.19877360661697163,-0.3597454764600533,-0.13795256089251937
K34LOp,LP_7,0.0,0.0,0.0,3.0,3.0,0.0,0.0,0.0,1.0,0.0,4.0,0.0,-0.2660884716113801,-0.10146263350000263,-0.13938953179760663,0.24569158309128522,0.24789642149071273,-0.12569608952742428,-0.1696998084620843,-0.08128885702621096,-0.11481609222941146,-0.19877360661697163,0.3937065624442187,-0.13795256089251937
K34LOp,LP_8,3.0,0.0,0.0,3.0,2.0,0.0,0.0,0.0,2.0,0.0,2.0,0.0,0.19782180806301872,-0.10146263350000263,-0.13938953179760663,0.24569158309128522,-0.03909047030888375,-0.12569608952742428,-0.1696998084620843,-0.08128885702621096,0.05899931999990538,-0.19877360661697163,0.01698054299208266,-0.13795256089251937
KLO33,HN_1,0.0,2.0,1.0,1.0,0.0,3.0,1.0,4.0,0.0,6.0,2.0,5.0,-0.5971194550368181,0.3027469406775131,-0.19049500537627773,-1.0,-0.9257575180060699,1.0,-0.4860083336242968,0.4625748051162064,-0.4442005164584943,0.7786132404904565,-0.2871462689376875,0.47328659089678327
KLO33,HN_4,2.0,0.0,1.0,2.0,1.0,0.0,3.0,5.0,1.0,2.0,3.0,3.0,-0.20698340495148845,-0.1620884322041448,-0.19049500537627773,-0.5911580692541539,-0.5831380822871985,-0.22985001358611934,0.10839499982542193,0.6417165367441376,-0.24940137702920898,-0.10693379754771712,-0.0405074629136995,0.12214431816130542
KLO33,HN_5,6.0,1.0,1.0,4.0,3.0,0.0,4.0,1.0,2.0,2.0,3.0,2.0,0.5732886952191707,0.07032925423668417,-0.19049500537627773,0.22652579223753824,0.1021007891505441,-0.22985001358611934,0.4055966665502813,-0.07485038976758719,-0.0546022375999237,-0.10693379754771712,-0.0405074629136995,-0.053426818206433496
KLO33,HN_6,0.0,5.0,1.0,3.0,2.0,1.0,2.0,1.0,1.0,6.0,2.0,6.0,-0.5971194550368181,1.0,-0.19049500537627773,-0.18231613850830786,-0.24051864656832722,0.1800999909425871,-0.18880666689943743,-0.07485038976758719,-0.24940137702920898,0.7786132404904565,-0.2871462689376875,0.6488577272645222
KLO33,HN_7,1.0,1.0,3.0,4.0,3.0,0.0,2.0,2.0,1.0,3.0,2.0,1.0,-0.4020514299941532,0.07032925423668417,0.1071287459677917,0.22652579223753824,0.1021007891505441,-0.22985001358611934,-0.18880666689943743,0.10429134186034401,-0.24940137702920898,0.1144529619618263,-0.2871462689376875,-0.2289979545741724
KLO33,HN_8,3.0,1.0,2.0,3.0,3.0,1.0,2.0,2.0,1.0,5.0,2.0,5.0,-0.011915379908823647,0.07032925423668417,-0.04168312970424301,-0.18231613850830786,0.1021007891505441,0.1800999909425871,-0.18880666689943743,0.10429134186034401,-0.24940137702920898,0.5572264809809131,-0.2871462689376875,0.47328659089678327
KLO33,HP_2,3.0,0.0,6.0,3.0,2.0,0.0,0.0,0.0,2.0,0.0,2.0,0.0,-0.011915379908823647,-0.1620884322041448,0.5535643729838958,-0.18231613850830786,-0.24051864656832722,-0.22985001358611934,-0.7832100003491561,-0.2539921213955184,-0.0546022375999237,-0.5497073165668039,-0.2871462689376875,-0.40456909094191135
KLO33,HP_4,5.0,0.0,2.0,4.0,4.0,0.0,4.0,0.0,3.0,1.0,5.0,1.0,0.37822067017650596,-0.1620884322041448,-0.04168312970424301,0.22652579223753824,0.4447202248694154,-0.22985001358611934,0.4055966665502813,-0.2539921213955184,0.1401969018293616,-0.32832055705726054,0.4527701491342765,-0.2289979545741724
KLO33,HP_5,4.0,0.0,1.0,3.0,2.0,0.0,3.0,2.0,2.0,2.0,4.0,1.0,0.18315264513384116,-0.1620884322041448,-0.19049500537627773,-0.18231613850830786,-0.24051864656832722,-0.22985001358611934,0.10839499982542193,0.10429134186034401,-0.0546022375999237,-0.10693379754771712,0.2061313431102885,-0.2289979545741724
KLO33,HP_6,4.0,2.0,1.0,4.0,3.0,1.0,5.0,0.0,3.0,3.0,6.0,1.0,0.18315264513384116,0.3027469406775131,-0.19049500537627773,0.22652579223753824,0.1021007891505441,0.1800999909425871,0.7027983332751406,-0.2539921213955184,0.1401969018293616,0.1144529619618263,0.6994089551582645,-0.2289979545741724
KLO33,HP_8,5.0,0.0,2.0,3.0,2.0,0.0,3.0,1.0,2.0,1.0,3.0,0.0,0.37822067017650596,-0.1620884322041448,-0.04168312970424301,-0.18231613850830786,-0.24051864656832722,-0.22985001358611934,0.10839499982542193,-0.07485038976758719,-0.0546022375999237,-0.32832055705726054,-0.0405074629136995,-0.40456909094191135
KLO33,LN_1,1.0,1.0,4.0,4.0,3.0,0.0,2.0,0.0,2.0,1.0,3.0,4.0,-0.4020514299941532,0.07032925423668417,0.25594062163982645,0.22652579223753824,0.1021007891505441,-0.22985001358611934,-0.18880666689943743,-0.2539921213955184,-0.0546022375999237,-0.32832055705726054,-0.0405074629136995,0.29771545452904435
KLO33,LN_2,0.0,1.0,2.0,2.0,1.0,0.0,1.0,7.0,0.0,7.0,1.0,8.0,-0.5971194550368181,0.07032925423668417,-0.04168312970424301,-0.5911580692541539,-0.5831380822871985,-0.22985001358611934,-0.4860083336242968,1.0,-0.4442005164584943,1.0,-0.5337850749616755,1.0
KLO33,LN_3,0.0,4.0,1.0,3.0,1.0,1.0,2.0,3.0,0.0,7.0,2.0,6.0,-0.5971194550368181,0.7675823135591711,-0.19049500537627773,-0.18231613850830786,-0.5831380822871985,0.1800999909425871,-0.18880666689943743,0.28343307348827523,-0.4442005164584943,1.0,-0.2871462689376875,0.6488577272645222
KLO33,LN_4,3.0,0.0,3.0,4.0,3.0,1.0,1.0,0.0,2.0,2.0,3.0,4.0,-0.011915379908823647,-0.1620884322041448,0.1071287459677917,0.22652579223753824,0.1021007891505441,0.1800999909425871,-0.4860083336242968,-0.2539921213955184,-0.0546022375999237,-0.10693379754771712,-0.0405074629136995,0.29771545452904435
KLO33,LN_5,2.0,1.0,9.0,4.0,2.0,1.0,0.0,0.0,1.0,5.0,1.0,1.0,-0.20698340495148845,0.07032925423668417,1.0,0.22652579223753824,-0.24051864656832722,0.1800999909425871,-0.7832100003491561,-0.2539921213955184,-0.24940137702920898,0.5572264809809131,-0.5337850749616755,-0.2289979545741724
KLO33,LN_6,1.0,0.0,3.0,4.0,3.0,0.0,1.0,1.0,1.0,3.0,2.0,4.0,-0.4020514299941532,-0.1620884322041448,0.1071287459677917,0.22652579223753824,0.1021007891505441,-0.22985001358611934,-0.4860083336242968,-0.07485038976758719,-0.24940137702920898,0.1144529619618263,-0.2871462689376875,0.29771545452904435
KLO33,LN_8,0.0,0.0,3.0,2.0,2.0,0.0,1.0,0.0,1.0,0.0,3.0,3.0,-0.5971194550368181,-0.1620884322041448,0.1071287459677917,-0.5911580692541539,-0.24051864656832722,-0.22985001358611934,-0.4860083336242968,-0.2539921213955184,-0.24940137702920898,-0.5497073165668039,-0.0405074629136995,0.12214431816130542
KLO33,LP_1,2.0,0.0,6.0,5.0,5.0,0.0,2.0,0.0,3.0,2.0,3.0,1.0,-0.20698340495148845,-0.1620884322041448,0.5535643729838958,0.6353677229833843,0.7873396605882867,-0.22985001358611934,-0.18880666689943743,-0.2539921213955184,0.1401969018293616,-0.10693379754771712,-0.0405074629136995,-0.2289979545741724
KLO33,LP_2,4.0,0.0,2.0,5.0,4.0,1.0,2.0,1.0,3.0,2.0,4.0,2.0,0.18315264513384116,-0.1620884322041448,-0.04168312970424301,0.6353677229833843,0.4447202248694154,0.1800999909425871,-0.18880666689943743,-0.07485038976758719,0.1401969018293616,-0.10693379754771712,0.2061313431102885,-0.053426818206433496
KLO33,LP_3,4.0,0.0,2.0,4.0,4.0,0.0,3.0,1.0,5.0,1.0,5.0,1.0,0.18315264513384116,-0.1620884322041448,-0.04168312970424301,0.22652579223753824,0.4447202248694154,-0.22985001358611934,0.10839499982542193,-0.07485038976758719,0.5297951806879322,-0.32832055705726054,0.4527701491342765,-0.2289979545741724
KLO33,LP_4,2.0,2.0,2.0,2.0,1.0,1.0,2.0,1.0,1.0,3.0,2.0,4.0,-0.20698340495148845,0.3027469406775131,-0.04168312970424301,-0.5911580692541539,-0.5831380822871985,0.1800999909425871,-0.18880666689943743,-0.07485038976758719,-0.24940137702920898,0.1144529619618263,-0.2871462689376875,0.29771545452904435
KLO33,LP_5,5.0,0.0,2.0,5.0,4.0,1.0,3.0,0.0,4.0,2.0,5.0,1.0,0.37822067017650596,-0.1620884322041448,-0.04168312970424301,0.6353677229833843,0.4447202248694154,0.1800999909425871,0.10839499982542193,-0.2539921213955184,0.33499604125864685,-0.10693379754771712,0.4527701491342765,-0.2289979545741724
KLO33,LP_6,0.0,0.0,2.0,3.0,1.0,0.0,3.0,3.0,2.0,1.0,2.0,1.0,-0.5971194550368181,-0.1620884322041448,-0.04168312970424301,-0.18231613850830786,-0.5831380822871985,-0.22985001358611934,0.10839499982542193,0.28343307348827523,-0.0546022375999237,-0.32832055705726054,-0.2871462689376875,-0.2289979545741724
KLO33,LP_7,4.0,3.0,4.0,3.0,2.0,1.0,2.0,1.0,2.0,5.0,3.0,4.0,0.18315264513384116,0.5351646271183421,0.25594062163982645,-0.18231613850830786,-0.24051864656832722,0.1800999909425871,-0.18880666689943743,-0.07485038976758719,-0.0546022375999237,0.5572264809809131,-0.0405074629136995,0.29771545452904435
KLO33,LP_8,4.0,0.0,3.0,4.0,4.0,1.0,3.0,0.0,2.0,2.0,3.0,1.0,0.18315264513384116,-0.1620884322041448,0.1071287459677917,0.22652579223753824,0.4447202248694154,0.1800999909425871,0.10839499982542193,-0.2539921213955184,-0.0546022375999237,-0.10693379754771712,-0.0405074629136995,-0.2289979545741724
Lso2g,HN_1,0.0,9.0,0.0,0.0,2.0,9.0,0.0,2.0,0.0,9.0,0.0,9.0,-0.2923845451100142,1.0,-0.6105451356310978,-1.0,-0.7709518493478996,1.0,-0.09879454535256448,0.30610172783485995,-0.575957585662331,1.0,-0.7727531839913676,1.0
Lso2g,HN_4,0.0,3.0,0.0,2.0,4.0,0.0,0.0,0.0,0.0,7.0,1.0,5.0,-0.2923845451100142,0.2609370253502002,-0.6105451356310978,-0.6067177916096624,-0.3701175857067242,-0.07877055365754244,-0.09879454535256448,-0.15649712027523346,-0.575957585662331,0.7271049242254108,-0.5271769853432128,0.43860303062583583
Lso2g,HN_5,0.0,0.0,0.0,4.0,4.0,0.0,0.0,5.0,0.0,3.0,1.0,2.0,-0.2923845451100142,-0.1085944619746998,-0.6105451356310978,-0.21343558321932485,-0.3701175857067242,-0.07877055365754244,-0.09879454535256448,1.0,-0.575957585662331,0.1813147726762327,-0.5271769853432128,0.017555303595212752
Lso2g,HN_6,0.0,7.0,2.0,7.0,7.0,0.0,0.0,2.0,1.0,4.0,1.0,8.0,-0.2923845451100142,0.7536456751167334,-0.20790885172332338,0.3764877293661815,0.23113380975503894,-0.07877055365754244,-0.09879454535256448,0.30610172783485995,-0.3789628874545397,0.3177623105635272,-0.5271769853432128,0.8596507576564589
Lso2g,HN_7,0.0,0.0,3.0,3.0,7.0,0.0,0.0,4.0,0.0,7.0,0.0,6.0,-0.2923845451100142,-0.1085944619746998,-0.006590709769436157,-0.4100766874144936,0.23113380975503894,-0.07877055365754244,-0.09879454535256448,0.7687005759449534,-0.575957585662331,0.7271049242254108,-0.7727531839913676,0.5789522729693769
Lso2g,HN_8,1.0,0.0,1.0,7.0,7.0,0.0,0.0,1.0,2.0,0.0,1.0,0.0,-0.13453605105077582,-0.1085944619746998,-0.4092269936772106,0.3764877293661815,0.23113380975503894,-0.07877055365754244,-0.09879454535256448,0.07480230377981324,-0.1819681892467483,-0.22802784098565096,-0.5271769853432128,-0.2631431810918693
Lso2g,HP_2,0.0,0.0,8.0,6.0,7.0,0.0,0.0,0.0,0.0,0.0,4.0,0.0,-0.2923845451100142,-0.1085944619746998,1.0,0.17984662517101274,0.23113380975503894,-0.07877055365754244,-0.09879454535256448,-0.15649712027523346,-0.575957585662331,-0.22802784098565096,0.2095516106012516,-0.2631431810918693
Lso2g,HP_4,1.0,0.0,4.0,7.0,7.0,0.0,0.0,0.0,4.0,0.0,4.0,0.0,-0.13453605105077582,-0.1085944619746998,0.19472743218445107,0.3764877293661815,0.23113380975503894,-0.07877055365754244,-0.09879454535256448,-0.15649712027523346,0.21202120716883446,-0.22802784098565096,0.2095516106012516,-0.2631431810918693
Lso2g,HP_5,0.0,0.0,7.0,7.0,7.0,0.0,0.0,0.0,4.0,0.0,5.0,0.0,-0.2923845451100142,-0.1085944619746998,0.7986818580461128,0.3764877293661815,0.23113380975503894,-0.07877055365754244,-0.09879454535256448,-0.15649712027523346,0.21202120716883446,-0.22802784098565096,0.45512780924940643,-0.2631431810918693
Lso2g,HP_6,5.0,0.0,4.0,7.0,7.0,0.0,1.0,0.0,6.0,0.0,4.0,0.0,0.49685792518617766,-0.1085944619746998,0.19472743218445107,0.3764877293661815,0.23113380975503894,-0.07877055365754244,0.0931635378716787,-0.15649712027523346,0.6060106035844173,-0.22802784098565096,0.2095516106012516,-0.2631431810918693
Lso2g,HP_8,4.0,0.0,6.0,7.0,7.0,0.0,0.0,0.0,5.0,0.0,4.0,0.0,0.33900943112693926,-0.1085944619746998,0.5973637160922255,0.3764877293661815,0.23113380975503894,-0.07877055365754244,-0.09879454535256448,-0.15649712027523346,0.40901590537662585,-0.22802784098565096,0.2095516106012516,-0.2631431810918693
Lso2g,LN_1,0.0,4.0,4.0,6.0,6.0,3.0,0.0,0.0,0.0,0.0,2.0,3.0,-0.2923845451100142,0.3841141877918335,0.19472743218445107,0.17984662517101274,0.03071667793445122,0.2808196308949717,-0.09879454535256448,-0.15649712027523346,-0.575957585662331,-0.22802784098565096,-0.281600786695058,0.15790454593875378
Lso2g,LN_2,0.0,0.0,1.0,5.0,5.0,0.0,0.0,3.0,0.0,4.0,1.0,9.0,-0.2923845451100142,-0.1085944619746998,-0.4092269936772106,-0.016794479024156043,-0.1697004538861365,-0.07877055365754244,-0.09879454535256448,0.5374011518899067,-0.575957585662331,0.3177623105635272,-0.5271769853432128,1.0
Lso2g,LN_3,0.0,5.0,4.0,7.0,5.0,8.0,0.0,0.0,0.0,5.0,1.0,8.0,-0.2923845451100142,0.5072913502334668,0.19472743218445107,0.3764877293661815,-0.1697004538861365,0.8801366051491619,-0.09879454535256448,-0.15649712027523346,-0.575957585662331,0.4542098484508218,-0.5271769853432128,0.8596507576564589
Lso2g,LN_4,0.0,1.0,1.0,4.0,4.0,0.0,0.0,0.0,0.0,7.0,0.0,8.0,-0.2923845451100142,0.014582700466933529,-0.4092269936772106,-0.21343558321932485,-0.3701175857067242,-0.07877055365754244,-0.09879454535256448,-0.15649712027523346,-0.575957585662331,0.7271049242254108,-0.7727531839913676,0.8596507576564589
Lso2g,LN_5,0.0,0.0,6.0,7.0,7.0,0.0,0.0,0.0,4.0,0.0,4.0,0.0,-0.2923845451100142,-0.1085944619746998,0.5973637160922255,0.3764877293661815,0.23113380975503894,-0.07877055365754244,-0.09879454535256448,-0.15649712027523346,0.21202120716883446,-0.22802784098565096,0.2095516106012516,-0.2631431810918693
Lso2g,LN_6,0.0,0.0,2.0,7.0,7.0,0.0,0.0,0.0,4.0,0.0,4.0,1.0,-0.2923845451100142,-0.1085944619746998,-0.20790885172332338,0.3764877293661815,0.23113380975503894,-0.07877055365754244,-0.09879454535256448,-0.15649712027523346,0.21202120716883446,-0.22802784098565096,0.2095516106012516,-0.12279393874832828
Lso2g,LN_8,0.0,0.0,5.0,7.0,7.0,0.0,0.0,0.0,2.0,1.0,4.0,3.0,-0.2923845451100142,-0.1085944619746998,0.3960455741383383,0.3764877293661815,0.23113380975503894,-0.07877055365754244,-0.09879454535256448,-0.15649712027523346,-0.1819681892467483,-0.09158030309835642,0.2095516106012516,0.15790454593875378
Lso2g,LP_1,0.0,0.0,6.0,7.0,7.0,0.0,0.0,0.0,4.0,0.0,4.0,0.0,-0.2923845451100142,-0.1085944619746998,0.5973637160922255,0.3764877293661815,0.23113380975503894,-0.07877055365754244,-0.09879454535256448,-0.15649712027523346,0.21202120716883446,-0.22802784098565096,0.2095516106012516,-0.2631431810918693
Lso2g,LP_2,7.0,0.0,1.0,4.0,7.0,0.0,0.0,0.0,8.0,0.0,4.0,0.0,0.8125549133046545,-0.1085944619746998,-0.4092269936772106,-0.21343558321932485,0.23113380975503894,-0.07877055365754244,-0.09879454535256448,-0.15649712027523346,1.0,-0.22802784098565096,0.2095516106012516,-0.2631431810918693
Lso2g,LP_3,1.0,0.0,5.0,7.0,7.0,0.0,0.0,0.0,5.0,0.0,5.0,0.0,-0.13453605105077582,-0.1085944619746998,0.3960455741383383,0.3764877293661815,0.23113380975503894,-0.07877055365754244,-0.09879454535256448,-0.15649712027523346,0.40901590537662585,-0.22802784098565096,0.45512780924940643,-0.2631431810918693
Lso2g,LP_4,1.0,0.0,4.0,7.0,7.0,0.0,0.0,0.0,5.0,0.0,4.0,0.0,-0.13453605105077582,-0.1085944619746998,0.19472743218445107,0.3764877293661815,0.23113380975503894,-0.07877055365754244,-0.09879454535256448,-0.15649712027523346,0.40901590537662585,-0.22802784098565096,0.2095516106012516,-0.2631431810918693
Lso2g,LP_5,7.0,0.0,2.0,4.0,7.0,0.0,0.0,0.0,7.0,0.0,6.0,0.0,0.8125549133046545,-0.1085944619746998,-0.20790885172332338,-0.21343558321932485,0.23113380975503894,-0.07877055365754244,-0.09879454535256448,-0.15649712027523346,0.8030053017922086,-0.22802784098565096,0.7007040078975613,-0.2631431810918693
Lso2g,LP_6,0.0,0.0,4.0,7.0,7.0,0.0,0.0,0.0,4.0,0.0,4.0,0.0,-0.2923845451100142,-0.1085944619746998,0.19472743218445107,0.3764877293661815,0.23113380975503894,-0.07877055365754244,-0.09879454535256448,-0.15649712027523346,0.21202120716883446,-0.22802784098565096,0.2095516106012516,-0.2631431810918693
Lso2g,LP_7,0.0,0.0,5.0,5.0,7.0,0.0,0.0,0.0,4.0,0.0,5.0,0.0,-0.2923845451100142,-0.1085944619746998,0.3960455741383383,-0.016794479024156043,0.23113380975503894,-0.07877055365754244,-0.09879454535256448,-0.15649712027523346,0.21202120716883446,-0.22802784098565096,0.45512780924940643,-0.2631431810918693
Lso2g,LP_8,6.0,0.0,2.0,6.0,7.0,0.0,0.0,0.0,8.0,0.0,4.0,0.0,0.6547064192454161,-0.1085944619746998,-0.20790885172332338,0.17984662517101274,0.23113380975503894,-0.07877055365754244,-0.09879454535256448,-0.15649712027523346,1.0,-0.22802784098565096,0.2095516106012516,-0.2631431810918693
Ou4tR,HN_1,0.0,9.0,0.0,0.0,0.0,9.0,0.0,3.0,0.0,9.0,0.0,8.0,-0.6979129827573846,1.0,-0.21849900379255874,-0.7544027367359635,-0.7043770291820927,1.0,-0.6378430974247317,0.49223429228915905,-0.636654408039789,1.0,-0.7126092811103906,1.0
Ou4tR,HN_4,0.0,5.0,0.0,0.0,0.0,2.0,0.0,3.0,0.0,4.0,0.0,4.0,-0.6979129827573846,0.4984637193415395,-0.21849900379255874,-0.7544027367359635,-0.7043770291820927,0.09365756790073008,-0.6378430974247317,0.49223429228915905,-0.636654408039789,0.33102002671181185,-0.7126092811103906,0.34590139295345385
Ou4tR,HN_5,0.0,1.0,1.0,0.0,0.0,2.0,2.0,3.0,0.0,1.0,1.0,4.0,-0.6979129827573846,-0.003072561316920945,-0.015415836493798938,-0.7544027367359635,-0.7043770291820927,0.09365756790073008,-0.27387796466368014,0.49223429228915905,-0.636654408039789,-0.07036795726110105,-0.5223193609870138,0.34590139295345385
Ou4tR,HN_6,0.0,6.0,6.0,0.0,0.0,8.0,0.0,1.0,0.0,6.0,0.0,1.0,-0.6979129827573846,0.6238477895061546,1.0,-0.7544027367359635,-0.7043770291820927,0.8705225097001043,-0.6378430974247317,-0.015531415421681875,-0.636654408039789,0.5986120160270871,-0.7126092811103906,-0.14467256233145576
Ou4tR,HN_7,0.0,1.0,1.0,0.0,0.0,1.0,0.0,5.0,0.0,3.0,0.0,5.0,-0.6979129827573846,-0.003072561316920945,-0.015415836493798938,-0.7544027367359635,-0.7043770291820927,-0.03581992239916562,-0.6378430974247317,1.0,-0.636654408039789,0.1972240320541742,-0.7126092811103906,0.5094260447150905
Ou4tR,HN_8,0.0,8.0,1.0,0.0,0.0,6.0,1.0,1.0,0.0,8.0,1.0,4.0,-0.6979129827573846,0.8746159298353848,-0.015415836493798938,-0.7544027367359635,-0.7043770291820927,0.6115675291003129,-0.4558605310442059,-0.015531415421681875,-0.636654408039789,0.8662040053423624,-0.5223193609870138,0.34590139295345385
Ou4tR,HP_2,4.0,0.0,1.0,4.0,4.0,0.0,4.0,0.0,4.0,1.0,5.0,1.0,0.05671500957923081,-0.12845663148153608,-0.015415836493798938,0.02533181292446474,0.05312387267661518,-0.1652974126990613,0.09008716809737131,-0.2694142692771023,0.0907475510890061,-0.07036795726110105,0.23884031950649304,-0.14467256233145576
Ou4tR,HP_4,8.0,0.0,0.0,8.0,8.0,0.0,8.0,0.0,8.0,0.0,8.0,0.0,0.8113430019158462,-0.12845663148153608,-0.21849900379255874,0.805066362584893,0.810624774535323,-0.1652974126990613,0.8180174336194742,-0.2694142692771023,0.8181495102178012,-0.20416395191873868,0.8097100798766232,-0.3081972140930923
Ou4tR,HP_5,4.0,0.0,1.0,4.0,5.0,0.0,4.0,0.0,4.0,2.0,6.0,2.0,0.05671500957923081,-0.12845663148153608,-0.015415836493798938,0.02533181292446474,0.24249909814129214,-0.1652974126990613,0.09008716809737131,-0.2694142692771023,0.0907475510890061,0.06342803739653657,0.42913023962986974,0.018852089430180765
Ou4tR,HP_6,7.0,0.0,1.0,7.0,7.0,0.0,7.0,0.0,8.0,1.0,7.0,0.0,0.6226860038316924,-0.12845663148153608,-0.015415836493798938,0.6101327251697859,0.6212495490706461,-0.1652974126990613,0.6360348672389485,-0.2694142692771023,0.8181495102178012,-0.07036795726110105,0.6194201597532465,-0.3081972140930923
Ou4tR,HP_8,5.0,0.0,0.0,4.0,5.0,0.0,5.0,0.0,5.0,0.0,5.0,0.0,0.24537200766338466,-0.12845663148153608,-0.21849900379255874,0.02533181292446474,0.24249909814129214,-0.1652974126990613,0.27206973447789706,-0.2694142692771023,0.27259804087120487,-0.20416395191873868,0.23884031950649304,-0.3081972140930923
Ou4tR,LN_1,2.0,0.0,4.0,2.0,2.0,0.0,0.0,0.0,0.0,1.0,1.0,0.0,-0.3205989865890769,-0.12845663148153608,0.5938336654024805,-0.36453546190574937,-0.3256265782527387,-0.1652974126990613,-0.6378430974247317,-0.2694142692771023,-0.636654408039789,-0.07036795726110105,-0.5223193609870138,-0.3081972140930923
Ou4tR,LN_2,2.0,0.0,1.0,2.0,2.0,1.0,1.0,1.0,0.0,2.0,1.0,4.0,-0.3205989865890769,-0.12845663148153608,-0.015415836493798938,-0.36453546190574937,-0.3256265782527387,-0.03581992239916562,-0.4558605310442059,-0.015531415421681875,-0.636654408039789,0.06342803739653657,-0.5223193609870138,0.34590139295345385
Ou4tR,LN_3,0.0,5.0,1.0,5.0,1.0,8.0,0.0,3.0,0.0,5.0,0.0,5.0,-0.6979129827573846,0.4984637193415395,-0.015415836493798938,0.2202654503395718,-0.5150018037174157,0.8705225097001043,-0.6378430974247317,0.49223429228915905,-0.636654408039789,0.4648160213694495,-0.7126092811103906,0.5094260447150905
Ou4tR,LN_4,2.0,0.0,0.0,2.0,2.0,0.0,4.0,2.0,2.0,0.0,4.0,6.0,-0.3205989865890769,-0.12845663148153608,-0.21849900379255874,-0.36453546190574937,-0.3256265782527387,-0.1652974126990613,0.09008716809737131,0.2383514384337386,-0.27295342847539145,-0.20416395191873868,0.048550399383116324,0.6729506964767269
Ou4tR,LN_5,2.0,0.0,2.0,2.0,2.0,0.0,1.0,0.0,1.0,0.0,1.0,2.0,-0.3205989865890769,-0.12845663148153608,0.18766733080496087,-0.36453546190574937,-0.3256265782527387,-0.1652974126990613,-0.4558605310442059,-0.2694142692771023,-0.45480391825759026,-0.20416395191873868,-0.5223193609870138,0.018852089430180765
Ou4tR,LN_6,1.0,1.0,2.0,1.0,1.0,1.0,1.0,1.0,0.0,0.0,1.0,3.0,-0.5092559846732307,-0.003072561316920945,0.18766733080496087,-0.5594690993208564,-0.5150018037174157,-0.03581992239916562,-0.4558605310442059,-0.015531415421681875,-0.636654408039789,-0.20416395191873868,-0.5223193609870138,0.1823767411918173
Ou4tR,LN_8,1.0,0.0,0.0,1.0,1.0,1.0,2.0,3.0,1.0,1.0,1.0,4.0,-0.5092559846732307,-0.12845663148153608,-0.21849900379255874,-0.5594690993208564,-0.5150018037174157,-0.03581992239916562,-0.27387796466368014,0.49223429228915905,-0.45480391825759026,-0.07036795726110105,-0.5223193609870138,0.34590139295345385
Ou4tR,LP_1,8.0,0.0,0.0,8.0,8.0,0.0,9.0,0.0,8.0,0.0,7.0,0.0,0.8113430019158462,-0.12845663148153608,-0.21849900379255874,0.805066362584893,0.810624774535323,-0.1652974126990613,1.0,-0.2694142692771023,0.8181495102178012,-0.20416395191873868,0.6194201597532465,-0.3081972140930923
Ou4tR,LP_2,8.0,0.0,1.0,8.0,7.0,0.0,7.0,0.0,7.0,0.0,7.0,0.0,0.8113430019158462,-0.12845663148153608,-0.015415836493798938,0.805066362584893,0.6212495490706461,-0.1652974126990613,0.6360348672389485,-0.2694142692771023,0.6362990204356025,-0.20416395191873868,0.6194201597532465,-0.3081972140930923
Ou4tR,LP_3,8.0,0.0,1.0,8.0,8.0,0.0,7.0,0.0,8.0,0.0,8.0,3.0,0.8113430019158462,-0.12845663148153608,-0.015415836493798938,0.805066362584893,0.810624774535323,-0.1652974126990613,0.6360348672389485,-0.2694142692771023,0.8181495102178012,-0.20416395191873868,0.8097100798766232,0.1823767411918173
Ou4tR,LP_4,7.0,0.0,0.0,7.0,7.0,0.0,5.0,0.0,8.0,1.0,7.0,1.0,0.6226860038316924,-0.12845663148153608,-0.21849900379255874,0.6101327251697859,0.6212495490706461,-0.1652974126990613,0.27206973447789706,-0.2694142692771023,0.8181495102178012,-0.07036795726110105,0.6194201597532465,-0.14467256233145576
Ou4tR,LP_5,9.0,0.0,0.0,9.0,9.0,0.0,9.0,0.0,9.0,0.0,9.0,1.0,1.0,-0.12845663148153608,-0.21849900379255874,1.0,1.0,-0.1652974126990613,1.0,-0.2694142692771023,1.0,-0.20416395191873868,1.0,-0.14467256233145576
Ou4tR,LP_6,6.0,0.0,2.0,6.0,6.0,0.0,3.0,0.0,3.0,0.0,4.0,0.0,0.4340290057475385,-0.12845663148153608,0.18766733080496087,0.41519908775467884,0.4318743236059691,-0.1652974126990613,-0.09189539828315442,-0.2694142692771023,-0.09110293869319268,-0.20416395191873868,0.048550399383116324,-0.3081972140930923
Ou4tR,LP_7,6.0,0.0,0.0,6.0,6.0,0.0,5.0,0.0,6.0,0.0,5.0,2.0,0.4340290057475385,-0.12845663148153608,-0.21849900379255874,0.41519908775467884,0.4318743236059691,-0.1652974126990613,0.27206973447789706,-0.2694142692771023,0.4544485306534037,-0.20416395191873868,0.23884031950649304,0.018852089430180765
Ou4tR,LP_8,7.0,0.0,0.0,7.0,7.0,0.0,8.0,0.0,8.0,0.0,8.0,0.0,0.6226860038316924,-0.12845663148153608,-0.21849900379255874,0.6101327251697859,0.6212495490706461,-0.1652974126990613,0.8180174336194742,-0.2694142692771023,0.8181495102178012,-0.20416395191873868,0.8097100798766232,-0.3081972140930923
P67Dftt,HN_1,0.0,4.0,0.0,0.0,0.0,9.0,0.0,9.0,0.0,9.0,0.0,3.0,-0.6796714334740909,0.47445586591655164,-0.19520794406615508,-0.6467397032025398,-0.5543816971084211,1.0,-0.23845319663666512,1.0,-0.8001130261950705,1.0,-0.885358028294907,0.16100855491467864
P67Dftt,HN_4,9.0,0.0,0.0,2.0,2.0,0.0,1.0,0.0,1.0,1.0,5.0,0.0,1.0,-0.05108826816689668,-0.19520794406615508,-0.2807975469353088,-0.16578627283131583,-0.16432560636286872,-0.10084728589925789,-0.10450469436005612,-0.6001004677289516,-0.26564935590996896,0.16206309853559692,-0.2584871676279821
P67Dftt,HN_5,3.0,0.0,3.0,1.0,1.0,1.0,0.0,0.0,0.0,2.0,1.0,0.0,-0.11978095564939388,-0.05108826816689668,0.20319470395589664,-0.4637686250689243,-0.36008398496986843,-0.0349560945447722,-0.23845319663666512,-0.10450469436005612,-0.8001130261950705,-0.10744318642122284,-0.6758738029288062,-0.2584871676279821
P67Dftt,HN_6,0.0,1.0,1.0,2.0,1.0,9.0,0.0,1.0,0.0,8.0,0.0,5.0,-0.6796714334740909,0.08029776535396539,-0.06240706139213784,-0.2807975469353088,-0.36008398496986843,1.0,-0.23845319663666512,0.0182180494577279,-0.8001130261950705,0.8417938305112539,-0.885358028294907,0.4406723699431191
P67Dftt,HN_7,0.0,0.0,9.0,5.0,2.0,0.0,0.0,0.0,0.0,0.0,0.0,0.0,-0.6796714334740909,-0.05108826816689668,1.0,0.2681156874655378,-0.16578627283131583,-0.16432560636286872,-0.23845319663666512,-0.10450469436005612,-0.8001130261950705,-0.4238555253987151,-0.885358028294907,-0.2584871676279821
P67Dftt,HN_8,3.0,0.0,5.0,4.0,4.0,0.0,0.0,0.0,0.0,8.0,1.0,6.0,-0.11978095564939388,-0.05108826816689668,0.4687964693039311,0.0851446093319223,0.22280915144578942,-0.16432560636286872,-0.23845319663666512,-0.10450469436005612,-0.8001130261950705,0.8417938305112539,-0.6758738029288062,0.5805042774573392
P67Dftt,HP_2,9.0,0.0,0.0,8.0,8.0,0.0,7.0,0.0,9.0,0.0,9.0,0.0,1.0,-0.05108826816689668,-0.19520794406615508,0.8170289218663844,1.0,-0.16432560636286872,0.7247881785251855,-0.10450469436005612,1.0,-0.4238555253987151,1.0,-0.2584871676279821
P67Dftt,HP_4,9.0,0.0,0.0,1.0,1.0,0.0,0.0,0.0,7.0,0.0,6.0,0.0,1.0,-0.05108826816689668,-0.19520794406615508,-0.4637686250689243,-0.36008398496986843,-0.16432560636286872,-0.23845319663666512,-0.10450469436005612,0.5999748830677621,-0.4238555253987151,0.3715473239016977,-0.2584871676279821
P67Dftt,HP_5,9.0,0.0,0.0,6.0,6.0,0.0,6.0,0.0,9.0,0.0,9.0,0.0,1.0,-0.05108826816689668,-0.19520794406615508,0.4510867655991534,0.6114045757228946,-0.16432560636286872,0.5871822677877783,-0.10450469436005612,1.0,-0.4238555253987151,1.0,-0.2584871676279821
P67Dftt,HP_6,9.0,0.0,0.0,3.0,3.0,0.0,9.0,0.0,9.0,0.0,9.0,0.0,1.0,-0.05108826816689668,-0.19520794406615508,-0.09782646880169324,0.028511439307236795,-0.16432560636286872,1.0,-0.10450469436005612,1.0,-0.4238555253987151,1.0,-0.2584871676279821
P67Dftt,HP_8,9.0,0.0,1.0,5.0,5.0,0.0,5.0,0.0,9.0,0.0,9.0,0.0,1.0,-0.05108826816689668,-0.06240706139213784,0.2681156874655378,0.41710686358434207,-0.16432560636286872,0.4495763570503711,-0.10450469436005612,1.0,-0.4238555253987151,1.0,-0.2584871676279821
P67Dftt,LN_1,0.0,0.0,4.0,4.0,4.0,9.0,0.0,0.0,0.0,7.0,0.0,6.0,-0.6796714334740909,-0.05108826816689668,0.33599558662991386,0.0851446093319223,0.22280915144578942,1.0,-0.23845319663666512,-0.10450469436005612,-0.8001130261950705,0.6835876610225078,-0.885358028294907,0.5805042774573392
P67Dftt,LN_2,0.0,0.0,3.0,0.0,0.0,1.0,0.0,0.0,0.0,2.0,0.0,4.0,-0.6796714334740909,-0.05108826816689668,0.20319470395589664,-0.6467397032025398,-0.5543816971084211,-0.0349560945447722,-0.23845319663666512,-0.10450469436005612,-0.8001130261950705,-0.10744318642122284,-0.885358028294907,0.3008404624288989
P67Dftt,LN_3,0.0,8.0,0.0,1.0,1.0,9.0,0.0,1.0,0.0,9.0,0.0,9.0,-0.6796714334740909,1.0,-0.19520794406615508,-0.4637686250689243,-0.36008398496986843,1.0,-0.23845319663666512,0.0182180494577279,-0.8001130261950705,1.0,-0.885358028294907,1.0
P67Dftt,LN_4,0.0,0.0,1.0,6.0,0.0,0.0,0.0,0.0,0.0,9.0,0.0,9.0,-0.6796714334740909,-0.05108826816689668,-0.06240706139213784,0.4510867655991534,-0.5543816971084211,-0.16432560636286872,-0.23845319663666512,-0.10450469436005612,-0.8001130261950705,1.0,-0.885358028294907,1.0
P67Dftt,LN_5,0.0,0.0,9.0,3.0,3.0,0.0,0.0,0.0,0.0,0.0,0.0,0.0,-0.6796714334740909,-0.05108826816689668,1.0,-0.09782646880169324,0.028511439307236795,-0.16432560636286872,-0.23845319663666512,-0.10450469436005612,-0.8001130261950705,-0.4238555253987151,-0.885358028294907,-0.2584871676279821
P67Dftt,LN_6,0.0,0.0,2.0,5.0,0.0,0.0,0.0,0.0,0.0,7.0,0.0,8.0,-0.6796714334740909,-0.05108826816689668,0.07039382128187939,0.2681156874655378,-0.5543816971084211,-0.16432560636286872,-0.23845319663666512,-0.10450469436005612,-0.8001130261950705,0.6835876610225078,-0.885358028294907,0.8601680924857797
P67Dftt,LN_8,0.0,0.0,1.0,5.0,1.0,0.0,0.0,0.0,0.0,9.0,0.0,9.0,-0.6796714334740909,-0.05108826816689668,-0.06240706139213784,0.2681156874655378,-0.36008398496986843,-0.16432560636286872,-0.23845319663666512,-0.10450469436005612,-0.8001130261950705,1.0,-0.885358028294907,1.0
P67Dftt,LP_1,9.0,0.0,0.0,7.0,6.0,0.0,7.0,0.0,9.0,0.0,9.0,0.0,1.0,-0.05108826816689668,-0.19520794406615508,0.634057843732769,0.6114045757228946,-0.16432560636286872,0.7247881785251855,-0.10450469436005612,1.0,-0.4238555253987151,1.0,-0.2584871676279821
P67Dftt,LP_2,6.0,0.0,0.0,2.0,2.0,0.0,1.0,0.0,9.0,0.0,9.0,0.0,0.4401095221753031,-0.05108826816689668,-0.19520794406615508,-0.2807975469353088,-0.16578627283131583,-0.16432560636286872,-0.10084728589925789,-0.10450469436005612,1.0,-0.4238555253987151,1.0,-0.2584871676279821
P67Dftt,LP_3,2.0,0.0,0.0,5.0,5.0,0.0,2.0,0.0,7.0,0.0,7.0,0.0,-0.30641111492429285,-0.05108826816689668,-0.19520794406615508,0.2681156874655378,0.41710686358434207,-0.16432560636286872,0.036758624838149345,-0.10450469436005612,0.5999748830677621,-0.4238555253987151,0.5810315492677984,-0.2584871676279821
P67Dftt,LP_4,6.0,0.0,1.0,6.0,6.0,0.0,4.0,0.0,9.0,0.0,9.0,0.0,0.4401095221753031,-0.05108826816689668,-0.06240706139213784,0.4510867655991534,0.6114045757228946,-0.16432560636286872,0.31197044631296383,-0.10450469436005612,1.0,-0.4238555253987151,1.0,-0.2584871676279821
P67Dftt,LP_5,1.0,0.0,0.0,3.0,3.0,0.0,1.0,0.0,9.0,0.0,8.0,0.0,-0.49304127419919186,-0.05108826816689668,-0.19520794406615508,-0.09782646880169324,0.028511439307236795,-0.16432560636286872,-0.10084728589925789,-0.10450469436005612,1.0,-0.4238555253987151,0.7905157746338992,-0.2584871676279821
P67Dftt,LP_6,0.0,0.0,3.0,9.0,5.0,0.0,0.0,0.0,4.0,0.0,5.0,0.0,-0.6796714334740909,-0.05108826816689668,0.20319470395589664,1.0,0.41710686358434207,-0.16432560636286872,-0.23845319663666512,-0.10450469436005612,-6.279233059475462e-05,-0.4238555253987151,0.16206309853559692,-0.2584871676279821
P67Dftt,LP_7,2.0,0.0,0.0,4.0,5.0,0.0,1.0,0.0,9.0,0.0,9.0,0.0,-0.30641111492429285,-0.05108826816689668,-0.19520794406615508,0.0851446093319223,0.41710686358434207,-0.16432560636286872,-0.10084728589925789,-0.10450469436005612,1.0,-0.4238555253987151,1.0,-0.2584871676279821
P67Dftt,LP_8,9.0,0.0,0.0,4.0,4.0,0.0,1.0,0.0,9.0,0.0,9.0,0.0,1.0,-0.05108826816689668,-0.19520794406615508,0.0851446093319223,0.22280915144578942,-0.16432560636286872,-0.10084728589925789,-0.10450469436005612,1.0,-0.4238555253987151,1.0,-0.2584871676279821
SxRtt99,HN_1,0.0,6.0,1.0,0.0,0.0,9.0,0.0,9.0,0.0,9.0,0.0,9.0,-0.7471436250182231,0.6305984554594549,0.27547190215196155,-0.8496933068305008,-1.0,1.0,-0.8243804559831891,1.0,-0.9268815376779853,1.0,-1.0,1.0
SxRtt99,HN_4,0.0,0.0,0.0,0.0,9.0,0.0,0.0,4.0,0.0,0.0,0.0,9.0,-0.7471436250182231,-0.10820463362163482,-0.1218499579582531,-0.8496933068305008,0.2966275473524906,-0.10629075437871102,-0.8243804559831891,0.3176201228895514,-0.9268815376779853,-0.173334193313083,-1.0,1.0
SxRtt99,HN_5,0.0,9.0,0.0,0.0,9.0,2.0,0.0,9.0,0.0,8.0,0.0,9.0,-0.7471436250182231,1.0,-0.1218499579582531,-0.8496933068305008,0.2966275473524906,0.13955163548322477,-0.8243804559831891,1.0,-0.9268815376779853,0.8696295340763242,-1.0,1.0
SxRtt99,HN_6,0.0,6.0,0.0,0.0,1.0,5.0,0.0,9.0,0.0,9.0,0.0,3.0,-0.7471436250182231,0.6305984554594549,-0.1218499579582531,-0.8496933068305008,-0.85593027251639,0.5083152202761284,-0.8243804559831891,1.0,-0.9268815376779853,1.0,-1.0,-0.005103087763331828
SxRtt99,HN_7,0.0,2.0,0.0,0.0,6.0,0.0,0.0,7.0,0.0,1.0,0.0,5.0,-0.7471436250182231,0.13806306273872848,-0.1218499579582531,-0.8496933068305008,-0.13558163509833962,-0.10629075437871102,-0.8243804559831891,0.7270480491558206,-0.9268815376779853,-0.04296372738940711,-1.0,0.32993127482444545
SxRtt99,HN_8,0.0,2.0,0.0,0.0,6.0,4.0,0.0,0.0,0.0,8.0,0.0,0.0,-0.7471436250182231,0.13806306273872848,-0.1218499579582531,-0.8496933068305008,-0.13558163509833962,0.3853940253451606,-0.8243804559831891,-0.2282837787988076,-0.9268815376779853,0.8696295340763242,-1.0,-0.5076546316449978
SxRtt99,HP_2,9.0,0.0,0.0,9.0,9.0,0.0,9.0,0.0,9.0,0.0,9.0,0.0,1.0,-0.10820463362163482,-0.1218499579582531,1.0,0.2966275473524906,-0.10629075437871102,1.0,-0.2282837787988076,1.0,-0.173334193313083,0.848148785733693,-0.5076546316449978
SxRtt99,HP_4,0.0,0.0,0.0,9.0,9.0,0.0,9.0,0.0,9.0,0.0,9.0,0.0,-0.7471436250182231,-0.10820463362163482,-0.1218499579582531,1.0,0.2966275473524906,-0.10629075437871102,1.0,-0.2282837787988076,1.0,-0.173334193313083,0.848148785733693,-0.5076546316449978
SxRtt99,HP_5,5.0,0.0,0.0,8.0,9.0,0.0,8.0,0.0,8.0,0.0,7.0,0.0,0.2234917222141231,-0.10820463362163482,-0.1218499579582531,0.7944785214632777,0.2966275473524906,-0.10629075437871102,0.7972910604463124,-0.2282837787988076,0.7859020513691127,-0.173334193313083,0.4374490555706501,-0.5076546316449978
SxRtt99,HP_6,9.0,0.0,0.0,9.0,9.0,0.0,9.0,0.0,9.0,0.0,9.0,0.0,1.0,-0.10820463362163482,-0.1218499579582531,1.0,0.2966275473524906,-0.10629075437871102,1.0,-0.2282837787988076,1.0,-0.173334193313083,0.848148785733693,-0.5076546316449978
SxRtt99,HP_8,5.0,0.0,0.0,5.0,9.0,0.0,5.0,0.0,7.0,0.0,5.0,0.0,0.2234917222141231,-0.10820463362163482,-0.1218499579582531,0.17791408585311075,0.2966275473524906,-0.10629075437871102,0.1891642417852493,-0.2282837787988076,0.5718041027382255,-0.173334193313083,0.026749325407607223,-0.5076546316449978
SxRtt99,LN_1,3.0,0.0,0.0,1.0,8.0,0.0,1.0,0.0,5.0,0.0,4.0,0.0,-0.16476241667881533,-0.10820463362163482,-0.1218499579582531,-0.6441718282937785,0.1525578198688805,-0.10629075437871102,-0.6216715164295015,-0.2282837787988076,0.143608205476451,-0.173334193313083,-0.17860053967391423,-0.5076546316449978
SxRtt99,LN_2,0.0,0.0,0.0,0.0,8.0,0.0,0.0,0.0,0.0,0.0,6.0,9.0,-0.7471436250182231,-0.10820463362163482,-0.1218499579582531,-0.8496933068305008,0.1525578198688805,-0.10629075437871102,-0.8243804559831891,-0.2282837787988076,-0.9268815376779853,-0.173334193313083,0.23209919048912867,1.0
SxRtt99,LN_3,5.0,6.0,0.0,0.0,0.0,0.0,0.0,0.0,0.0,1.0,0.0,9.0,0.2234917222141231,0.6305984554594549,-0.1218499579582531,-0.8496933068305008,-1.0,-0.10629075437871102,-0.8243804559831891,-0.2282837787988076,-0.9268815376779853,-0.04296372738940711,-1.0,1.0
SxRtt99,LN_4,0.0,0.0,0.0,0.0,9.0,0.0,0.0,0.0,0.0,0.0,9.0,9.0,-0.7471436250182231,-0.10820463362163482,-0.1218499579582531,-0.8496933068305008,0.2966275473524906,-0.10629075437871102,-0.8243804559831891,-0.2282837787988076,-0.9268815376779853,-0.173334193313083,0.848148785733693,1.0
SxRtt99,LN_5,0.0,0.0,0.0,0.0,8.0,0.0,0.0,0.0,0.0,0.0,0.0,9.0,-0.7471436250182231,-0.10820463362163482,-0.1218499579582531,-0.8496933068305008,0.1525578198688805,-0.10629075437871102,-0.8243804559831891,-0.2282837787988076,-0.9268815376779853,-0.173334193313083,-1.0,1.0
SxRtt99,LN_6,0.0,0.0,0.0,0.0,9.0,0.0,0.0,0.0,0.0,0.0,2.0,9.0,-0.7471436250182231,-0.10820463362163482,-0.1218499579582531,-0.8496933068305008,0.2966275473524906,-0.10629075437871102,-0.8243804559831891,-0.2282837787988076,-0.9268815376779853,-0.173334193313083,-0.5893002698369572,1.0
SxRtt99,LN_8,0.0,0.0,0.0,0.0,9.0,0.0,0.0,0.0,0.0,0.0,2.0,9.0,-0.7471436250182231,-0.10820463362163482,-0.1218499579582531,-0.8496933068305008,0.2966275473524906,-0.10629075437871102,-0.8243804559831891,-0.2282837787988076,-0.9268815376779853,-0.173334193313083,-0.5893002698369572,1.0
SxRtt99,LP_1,9.0,0.0,0.0,9.0,0.0,0.0,9.0,0.0,9.0,0.0,9.0,0.0,1.0,-0.10820463362163482,-0.1218499579582531,1.0,-1.0,-0.10629075437871102,1.0,-0.2282837787988076,1.0,-0.173334193313083,0.848148785733693,-0.5076546316449978
SxRtt99,LP_2,9.0,0.0,0.0,9.0,9.0,0.0,9.0,0.0,9.0,0.0,9.0,0.0,1.0,-0.10820463362163482,-0.1218499579582531,1.0,0.2966275473524906,-0.10629075437871102,1.0,-0.2282837787988076,1.0,-0.173334193313083,0.848148785733693,-0.5076546316449978
SxRtt99,LP_3,9.0,0.0,0.0,9.0,9.0,0.0,9.0,0.0,9.0,0.0,9.0,0.0,1.0,-0.10820463362163482,-0.1218499579582531,1.0,0.2966275473524906,-0.10629075437871102,1.0,-0.2282837787988076,1.0,-0.173334193313083,0.848148785733693,-0.5076546316449978
SxRtt99,LP_4,9.0,0.0,0.0,9.0,9.0,0.0,9.0,0.0,9.0,0.0,9.0,0.0,1.0,-0.10820463362163482,-0.1218499579582531,1.0,0.2966275473524906,-0.10629075437871102,1.0,-0.2282837787988076,1.0,-0.173334193313083,0.848148785733693,-0.5076546316449978
SxRtt99,LP_5,9.0,0.0,0.0,9.0,9.0,0.0,9.0,0.0,9.0,0.0,9.0,3.0,1.0,-0.10820463362163482,-0.1218499579582531,1.0,0.2966275473524906,-0.10629075437871102,1.0,-0.2282837787988076,1.0,-0.173334193313083,0.848148785733693,-0.005103087763331828
SxRtt99,LP_6,9.0,0.0,0.0,9.0,9.0,0.0,9.0,0.0,9.0,0.0,9.0,0.0,1.0,-0.10820463362163482,-0.1218499579582531,1.0,0.2966275473524906,-0.10629075437871102,1.0,-0.2282837787988076,1.0,-0.173334193313083,0.848148785733693,-0.5076546316449978
SxRtt99,LP_7,9.0,0.0,0.0,9.0,9.0,0.0,9.0,0.0,9.0,0.0,9.0,0.0,1.0,-0.10820463362163482,-0.1218499579582531,1.0,0.2966275473524906,-0.10629075437871102,1.0,-0.2282837787988076,1.0,-0.173334193313083,0.848148785733693,-0.5076546316449978
SxRtt99,LP_8,9.0,0.0,0.0,9.0,9.0,0.0,9.0,0.0,9.0,0.0,9.0,7.0,1.0,-0.10820463362163482,-0.1218499579582531,1.0,0.2966275473524906,-0.10629075437871102,1.0,-0.2282837787988076,1.0,-0.173334193313083,0.848148785733693,0.6649656374122228
V11GHjjk,HN_1,0.0,0.0,0.0,0.0,0.0,0.0,0.0,4.0,0.0,6.0,0.0,0.0,-0.359239700643863,-0.14995369242417905,-0.24752557485537766,-0.5427427983756132,-0.4157026222411728,-0.18298821173125898,-0.23634140000815212,0.4856548600720616,-0.3465199358467156,1.0,-0.37130260761350653,-0.1187994373740372
V11GHjjk,HN_4,0.0,3.0,0.0,0.0,0.0,2.0,0.0,6.0,0.0,3.0,0.0,0.0,-0.359239700643863,0.5400185230303284,-0.24752557485537766,-0.5427427983756132,-0.4157026222411728,0.21134119217916064,-0.23634140000815212,0.8285516200240205,-0.3465199358467156,0.4068459608614904,-0.37130260761350653,-0.1187994373740372
V11GHjjk,HN_5,0.0,3.0,0.0,0.0,0.0,4.0,0.0,6.0,0.0,0.0,0.0,0.0,-0.359239700643863,0.5400185230303284,-0.24752557485537766,-0.5427427983756132,-0.4157026222411728,0.6056705960895803,-0.23634140000815212,0.8285516200240205,-0.3465199358467156,-0.18630807827701915,-0.37130260761350653,-0.1187994373740372
V11GHjjk,HN_6,0.0,1.0,0.0,0.0,0.0,5.0,0.0,0.0,0.0,3.0,0.0,4.0,-0.359239700643863,0.08003704606065676,-0.24752557485537766,-0.5427427983756132,-0.4157026222411728,0.8028352980447901,-0.23634140000815212,-0.20013865983185633,-0.3465199358467156,0.4068459608614904,-0.37130260761350653,0.5205145268396983
V11GHjjk,HN_7,0.0,0.0,0.0,0.0,0.0,0.0,0.0,7.0,0.0,6.0,0.0,0.0,-0.359239700643863,-0.14995369242417905,-0.24752557485537766,-0.5427427983756132,-0.4157026222411728,-0.18298821173125898,-0.23634140000815212,1.0,-0.3465199358467156,1.0,-0.37130260761350653,-0.1187994373740372
V11GHjjk,HN_8,5.0,4.0,0.0,0.0,0.0,5.0,0.0,0.0,0.0,2.0,0.0,1.0,0.3958934663805053,0.7700092615151642,-0.24752557485537766,-0.5427427983756132,-0.4157026222411728,0.8028352980447901,-0.23634140000815212,-0.20013865983185633,-0.3465199358467156,0.2091279478153206,-0.37130260761350653,0.041029053679396695
V11GHjjk,HP_2,7.0,0.0,2.0,8.0,7.0,0.0,0.0,0.0,7.0,0.0,8.0,0.0,0.6979467331902527,-0.14995369242417905,0.029702330668039602,0.8285841335138208,0.6853994172797393,-0.18298821173125898,-0.23634140000815212,-0.20013865983185633,0.7007733475896187,-0.18630807827701915,0.8476330435984992,-0.1187994373740372
V11GHjjk,HP_4,8.0,0.0,1.0,6.0,6.0,0.0,3.0,0.0,6.0,0.0,4.0,0.0,0.8489733665951263,-0.14995369242417905,-0.10891162209366902,0.4857524005414622,0.5280991259196091,-0.18298821173125898,0.29351919999534165,-0.20013865983185633,0.5511600213844281,-0.18630807827701915,0.23816521799249638,-0.1187994373740372
V11GHjjk,HP_5,4.0,0.0,4.0,0.0,0.0,0.0,4.0,0.0,1.0,0.0,2.0,0.0,0.24486683297563167,-0.14995369242417905,0.3069302361914569,-0.5427427983756132,-0.4157026222411728,-0.18298821173125898,0.4701393999965062,-0.20013865983185633,-0.19690660964152495,-0.18630807827701915,-0.06656869481050509,-0.1187994373740372
V11GHjjk,HP_6,9.0,0.0,0.0,6.0,7.0,0.0,7.0,0.0,8.0,0.0,9.0,0.0,1.0,-0.14995369242417905,-0.24752557485537766,0.4857524005414622,0.6853994172797393,-0.18298821173125898,1.0,-0.20013865983185633,0.8503866737948094,-0.18630807827701915,1.0,-0.1187994373740372
V11GHjjk,HP_8,2.0,0.0,8.0,0.0,0.0,0.0,0.0,0.0,0.0,0.0,0.0,0.0,-0.05718643383411568,-0.14995369242417905,0.8613860472382914,-0.5427427983756132,-0.4157026222411728,-0.18298821173125898,-0.23634140000815212,-0.20013865983185633,-0.3465199358467156,-0.18630807827701915,-0.37130260761350653,-0.1187994373740372
V11GHjjk,LN_1,0.0,0.0,9.0,6.0,4.0,0.0,0.0,0.0,0.0,0.0,0.0,0.0,-0.359239700643863,-0.14995369242417905,1.0,0.4857524005414622,0.21349854319934844,-0.18298821173125898,-0.23634140000815212,-0.20013865983185633,-0.3465199358467156,-0.18630807827701915,-0.37130260761350653,-0.1187994373740372
V11GHjjk,LN_2,0.0,0.0,0.0,0.0,0.0,0.0,0.0,3.0,0.0,0.0,0.0,4.0,-0.359239700643863,-0.14995369242417905,-0.24752557485537766,-0.5427427983756132,-0.4157026222411728,-0.18298821173125898,-0.23634140000815212,0.3142064800960821,-0.3465199358467156,-0.18630807827701915,-0.37130260761350653,0.5205145268396983
V11GHjjk,LN_3,0.0,5.0,0.0,0.0,0.0,6.0,0.0,0.0,0.0,5.0,0.0,2.0,-0.359239700643863,1.0,-0.24752557485537766,-0.5427427983756132,-0.4157026222411728,1.0,-0.23634140000815212,-0.20013865983185633,-0.3465199358467156,0.8022819869538301,-0.37130260761350653,0.20085754473283057
V11GHjjk,LN_4,0.0,0.0,0.0,0.0,0.0,0.0,0.0,0.0,0.0,0.0,0.0,7.0,-0.359239700643863,-0.14995369242417905,-0.24752557485537766,-0.5427427983756132,-0.4157026222411728,-0.18298821173125898,-0.23634140000815212,-0.20013865983185633,-0.3465199358467156,-0.18630807827701915,-0.37130260761350653,1.0
V11GHjjk,LN_5,0.0,0.0,6.0,6.0,0.0,0.0,0.0,0.0,0.0,0.0,0.0,0.0,-0.359239700643863,-0.14995369242417905,0.5841581417148741,0.4857524005414622,-0.4157026222411728,-0.18298821173125898,-0.23634140000815212,-0.20013865983185633,-0.3465199358467156,-0.18630807827701915,-0.37130260761350653,-0.1187994373740372
V11GHjjk,LN_6,0.0,0.0,8.0,6.0,0.0,0.0,0.0,0.0,0.0,0.0,0.0,0.0,-0.359239700643863,-0.14995369242417905,0.8613860472382914,0.4857524005414622,-0.4157026222411728,-0.18298821173125898,-0.23634140000815212,-0.20013865983185633,-0.3465199358467156,-0.18630807827701915,-0.37130260761350653,-0.1187994373740372
V11GHjjk,LN_8,0.0,5.0,2.0,0.0,0.0,5.0,0.0,1.0,0.0,2.0,0.0,5.0,-0.359239700643863,1.0,0.029702330668039602,-0.5427427983756132,-0.4157026222411728,0.8028352980447901,-0.23634140000815212,-0.028690279855876848,-0.3465199358467156,0.2091279478153206,-0.37130260761350653,0.6803430178931322
V11GHjjk,LP_1,0.0,0.0,6.0,8.0,7.0,0.0,0.0,0.0,0.0,0.0,0.0,0.0,-0.359239700643863,-0.14995369242417905,0.5841581417148741,0.8285841335138208,0.6853994172797393,-0.18298821173125898,-0.23634140000815212,-0.20013865983185633,-0.3465199358467156,-0.18630807827701915,-0.37130260761350653,-0.1187994373740372
V11GHjjk,LP_2,0.0,0.0,0.0,5.0,5.0,0.0,2.0,0.0,9.0,0.0,6.0,0.0,-0.359239700643863,-0.14995369242417905,-0.24752557485537766,0.31433653405528295,0.37079883455947876,-0.18298821173125898,0.11689899999417705,-0.20013865983185633,1.0,-0.18630807827701915,0.5428991307954978,-0.1187994373740372
V11GHjjk,LP_3,0.0,0.0,0.0,7.0,8.0,0.0,0.0,0.0,6.0,0.0,5.0,0.0,-0.359239700643863,-0.14995369242417905,-0.24752557485537766,0.6571682670276414,0.8426997086398696,-0.18298821173125898,-0.23634140000815212,-0.20013865983185633,0.5511600213844281,-0.18630807827701915,0.39053217439399707,-0.1187994373740372
V11GHjjk,LP_4,5.0,0.0,3.0,9.0,9.0,0.0,0.0,0.0,8.0,0.0,7.0,0.0,0.3958934663805053,-0.14995369242417905,0.16831628342974822,1.0,1.0,-0.18298821173125898,-0.23634140000815212,-0.20013865983185633,0.8503866737948094,-0.18630807827701915,0.6952660871969986,-0.1187994373740372
V11GHjjk,LP_5,3.0,0.0,0.0,8.0,7.0,0.0,0.0,0.0,2.0,0.0,5.0,0.0,0.09384019957075798,-0.14995369242417905,-0.24752557485537766,0.8285841335138208,0.6853994172797393,-0.18298821173125898,-0.23634140000815212,-0.20013865983185633,-0.04729328343633433,-0.18630807827701915,0.39053217439399707,-0.1187994373740372
V11GHjjk,LP_6,0.0,0.0,2.0,0.0,0.0,0.0,0.0,4.0,0.0,0.0,0.0,0.0,-0.359239700643863,-0.14995369242417905,0.029702330668039602,-0.5427427983756132,-0.4157026222411728,-0.18298821173125898,-0.23634140000815212,0.4856548600720616,-0.3465199358467156,-0.18630807827701915,-0.37130260761350653,-0.1187994373740372
V11GHjjk,LP_7,0.0,0.0,0.0,0.0,0.0,3.0,0.0,0.0,3.0,2.0,1.0,0.0,-0.359239700643863,-0.14995369242417905,-0.24752557485537766,-0.5427427983756132,-0.4157026222411728,0.40850589413437044,-0.23634140000815212,-0.20013865983185633,0.1023200427688563,0.2091279478153206,-0.2189356512120058,-0.1187994373740372
V11GHjjk,LP_8,3.0,0.0,4.0,9.0,8.0,0.0,0.0,0.0,0.0,0.0,5.0,0.0,0.09384019957075798,-0.14995369242417905,0.3069302361914569,1.0,0.8426997086398696,-0.18298821173125898,-0.23634140000815212,-0.20013865983185633,-0.3465199358467156,-0.18630807827701915,0.39053217439399707,-0.1187994373740372
VBr4ssd,HN_1,3.0,9.0,0.0,0.0,5.0,8.0,0.0,0.0,0.0,9.0,0.0,9.0,0.05897054858314892,1.0,-0.2783842658651114,-0.3582361144758569,0.47037102134276904,0.8713494200991863,-0.36913388900403465,-0.12938096045240788,-0.45301531647165066,1.0,-0.5604258120179751,1.0
VBr4ssd,HN_4,1.0,6.0,1.0,0.0,2.0,0.0,0.0,0.0,0.0,7.0,0.0,6.0,-0.25470593522246815,0.6068427071399068,-0.1363415696578768,-0.3582361144758569,-0.059257957314461956,-0.157855219107324,-0.36913388900403465,-0.12938096045240788,-0.45301531647165066,0.6807161861391002,-0.5604258120179751,0.511341203465521
VBr4ssd,HN_5,0.0,5.0,0.0,0.0,3.0,0.0,0.0,0.0,0.0,7.0,0.0,4.0,-0.41154417712527663,0.47579027618654246,-0.2783842658651114,-0.3582361144758569,0.1172850355712817,-0.157855219107324,-0.36913388900403465,-0.12938096045240788,-0.45301531647165066,0.6807161861391002,-0.5604258120179751,0.18556867244253508
VBr4ssd,HN_6,2.0,6.0,0.0,4.0,1.0,7.0,0.0,2.0,0.0,9.0,0.0,2.0,-0.0978676933196596,0.6068427071399068,-0.2783842658651114,0.24542438084674612,-0.2358009502002056,0.7426988401983724,-0.36913388900403465,0.1932993139625658,-0.45301531647165066,1.0,-0.5604258120179751,-0.14020385858045087
VBr4ssd,HN_7,0.0,3.0,0.0,0.0,1.0,3.0,0.0,0.0,0.0,9.0,0.0,9.0,-0.41154417712527663,0.21368541427981366,-0.2783842658651114,-0.3582361144758569,-0.2358009502002056,0.22809652059511734,-0.36913388900403465,-0.12938096045240788,-0.45301531647165066,1.0,-0.5604258120179751,1.0
VBr4ssd,HN_8,1.0,4.0,3.0,2.0,2.0,2.0,0.0,0.0,0.0,4.0,0.0,1.0,-0.25470593522246815,0.3447378452331781,0.1477438227565924,-0.0564058668145554,-0.059257957314461956,0.09944594069430356,-0.36913388900403465,-0.12938096045240788,-0.45301531647165066,0.2017904653477506,-0.5604258120179751,-0.30309012409194386
VBr4ssd,HP_2,3.0,0.0,5.0,0.0,0.0,0.0,5.0,1.0,6.0,0.0,7.0,0.0,0.05897054858314892,-0.1794718785802795,0.4318292151710616,-0.3582361144758569,-0.4123439430859493,-0.157855219107324,0.3914960493315401,0.03195917675507896,0.5156615611761165,-0.4367771623740489,0.65323870844045,-0.46597638960343685
VBr4ssd,HP_4,1.0,0.0,2.0,0.0,2.0,0.0,1.0,2.0,3.0,0.0,7.0,0.0,-0.25470593522246815,-0.1794718785802795,0.005701126549357807,-0.3582361144758569,-0.059257957314461956,-0.157855219107324,-0.21700790133691972,0.1932993139625658,0.0313231223522329,-0.4367771623740489,0.65323870844045,-0.46597638960343685
VBr4ssd,HP_5,6.0,2.0,2.0,1.0,1.0,0.0,0.0,0.0,0.0,2.0,0.0,4.0,0.5294852742915745,0.08263298332644926,0.005701126549357807,-0.20732099064520618,-0.2358009502002056,-0.157855219107324,-0.36913388900403465,-0.12938096045240788,-0.45301531647165066,-0.11749334851314916,-0.5604258120179751,0.18556867244253508
VBr4ssd,HP_6,2.0,0.0,7.0,2.0,0.0,0.0,0.0,1.0,0.0,0.0,3.0,0.0,-0.0978676933196596,-0.1794718785802795,0.7159146075855308,-0.0564058668145554,-0.4123439430859493,-0.157855219107324,-0.36913388900403465,0.03195917675507896,-0.45301531647165066,-0.4367771623740489,-0.04028387467865012,-0.46597638960343685
VBr4ssd,HP_8,1.0,2.0,8.0,0.0,1.0,0.0,0.0,3.0,0.0,2.0,2.0,0.0,-0.25470593522246815,0.08263298332644926,0.8579573037927654,-0.3582361144758569,-0.2358009502002056,-0.157855219107324,-0.36913388900403465,0.35463945117005263,-0.45301531647165066,-0.11749334851314916,-0.21366452045842513,-0.46597638960343685
VBr4ssd,LN_1,0.0,0.0,9.0,0.0,0.0,0.0,0.0,0.0,0.0,0.0,0.0,0.0,-0.41154417712527663,-0.1794718785802795,1.0,-0.3582361144758569,-0.4123439430859493,-0.157855219107324,-0.36913388900403465,-0.12938096045240788,-0.45301531647165066,-0.4367771623740489,-0.5604258120179751,-0.46597638960343685
VBr4ssd,LN_2,5.0,0.0,0.0,1.0,1.0,1.0,0.0,0.0,0.0,5.0,0.0,7.0,0.37264703238876595,-0.1794718785802795,-0.2783842658651114,-0.20732099064520618,-0.2358009502002056,-0.02920463920651022,-0.36913388900403465,-0.12938096045240788,-0.45301531647165066,0.36143237227820046,-0.5604258120179751,0.674227468977014
VBr4ssd,LN_3,2.0,6.0,0.0,1.0,1.0,5.0,0.0,0.0,0.0,9.0,0.0,9.0,-0.0978676933196596,0.6068427071399068,-0.2783842658651114,-0.20732099064520618,-0.2358009502002056,0.48539768039674486,-0.36913388900403465,-0.12938096045240788,-0.45301531647165066,1.0,-0.5604258120179751,1.0
VBr4ssd,LN_4,0.0,0.0,2.0,2.0,3.0,0.0,0.0,3.0,0.0,0.0,0.0,9.0,-0.41154417712527663,-0.1794718785802795,0.005701126549357807,-0.0564058668145554,0.1172850355712817,-0.157855219107324,-0.36913388900403465,0.35463945117005263,-0.45301531647165066,-0.4367771623740489,-0.5604258120179751,1.0
VBr4ssd,LN_5,3.0,0.0,1.0,3.0,3.0,0.0,8.0,1.0,4.0,1.0,5.0,1.0,0.05897054858314892,-0.1794718785802795,-0.1363415696578768,0.09450925701609536,0.1172850355712817,-0.157855219107324,0.8478740123328851,0.03195917675507896,0.19276926862686075,-0.277135255443599,0.3064774168808999,-0.30309012409194386
VBr4ssd,LN_6,1.0,0.0,3.0,1.0,1.0,0.0,0.0,2.0,0.0,0.0,0.0,1.0,-0.25470593522246815,-0.1794718785802795,0.1477438227565924,-0.20732099064520618,-0.2358009502002056,-0.157855219107324,-0.36913388900403465,0.1932993139625658,-0.45301531647165066,-0.4367771623740489,-0.5604258120179751,-0.30309012409194386
VBr4ssd,LN_8,6.0,0.0,2.0,6.0,7.0,0.0,0.0,2.0,0.0,7.0,0.0,7.0,0.5294852742915745,-0.1794718785802795,0.005701126549357807,0.5472546285080476,0.8234570071142563,-0.157855219107324,-0.36913388900403465,0.1932993139625658,-0.45301531647165066,0.6807161861391002,-0.5604258120179751,0.674227468977014
VBr4ssd,LP_1,9.0,0.0,0.0,9.0,8.0,0.0,9.0,0.0,9.0,0.0,9.0,0.0,1.0,-0.1794718785802795,-0.2783842658651114,1.0,1.0,-0.157855219107324,1.0,-0.12938096045240788,1.0,-0.4367771623740489,1.0,-0.46597638960343685
VBr4ssd,LP_2,5.0,0.0,1.0,0.0,2.0,0.0,9.0,0.0,9.0,0.0,9.0,2.0,0.37264703238876595,-0.1794718785802795,-0.1363415696578768,-0.3582361144758569,-0.059257957314461956,-0.157855219107324,1.0,-0.12938096045240788,1.0,-0.4367771623740489,1.0,-0.14020385858045087
VBr4ssd,LP_3,0.0,0.0,0.0,7.0,2.0,0.0,8.0,2.0,9.0,0.0,9.0,2.0,-0.41154417712527663,-0.1794718785802795,-0.2783842658651114,0.6981697523386985,-0.059257957314461956,-0.157855219107324,0.8478740123328851,0.1932993139625658,1.0,-0.4367771623740489,1.0,-0.14020385858045087
VBr4ssd,LP_4,0.0,0.0,1.0,8.0,3.0,0.0,7.0,1.0,9.0,0.0,9.0,0.0,-0.41154417712527663,-0.1794718785802795,-0.1363415696578768,0.8490848761693492,0.1172850355712817,-0.157855219107324,0.6957480246657701,0.03195917675507896,1.0,-0.4367771623740489,1.0,-0.46597638960343685
VBr4ssd,LP_5,6.0,0.0,0.0,2.0,1.0,0.0,8.0,0.0,9.0,0.0,9.0,0.0,0.5294852742915745,-0.1794718785802795,-0.2783842658651114,-0.0564058668145554,-0.2358009502002056,-0.157855219107324,0.8478740123328851,-0.12938096045240788,1.0,-0.4367771623740489,1.0,-0.46597638960343685
VBr4ssd,LP_6,0.0,0.0,7.0,3.0,0.0,0.0,0.0,0.0,2.0,0.0,3.0,0.0,-0.41154417712527663,-0.1794718785802795,0.7159146075855308,0.09450925701609536,-0.4123439430859493,-0.157855219107324,-0.36913388900403465,-0.12938096045240788,-0.13012302392239494,-0.4367771623740489,-0.04028387467865012,-0.46597638960343685
VBr4ssd,LP_7,0.0,0.0,0.0,3.0,2.0,0.0,6.0,7.0,8.0,0.0,8.0,7.0,-0.41154417712527663,-0.1794718785802795,-0.2783842658651114,0.09450925701609536,-0.059257957314461956,-0.157855219107324,0.5436220369986551,1.0,0.8385538537253722,-0.4367771623740489,0.826619354220225,0.674227468977014
VBr4ssd,LP_8,7.0,0.0,0.0,7.0,6.0,0.0,8.0,0.0,9.0,0.0,9.0,0.0,0.6863235161943829,-0.1794718785802795,-0.2783842658651114,0.6981697523386985,0.6469140142285127,-0.157855219107324,0.8478740123328851,-0.12938096045240788,1.0,-0.4367771623740489,1.0,-0.46597638960343685
XCv32m,HN_1,0.0,9.0,0.0,0.0,0.0,9.0,0.0,9.0,0.0,9.0,0.0,9.0,-0.5965520184347529,1.0,-0.14910392814370185,-0.6329485619156032,-0.8198637077355363,1.0,-0.47400351984538863,1.0,-0.7165843060498807,1.0,-0.6699646037353554,1.0
XCv32m,HN_4,0.0,3.0,0.0,0.0,0.0,1.0,0.0,4.0,0.0,4.0,0.0,5.0,-0.5965520184347529,0.23645527941814556,-0.14910392814370185,-0.6329485619156032,-0.8198637077355363,-0.026537501891462614,-0.47400351984538863,0.33667853222287664,-0.7165843060498807,0.3026935895720946,-0.6699646037353554,0.4172726593811327
XCv32m,HN_5,0.0,0.0,0.0,0.0,0.0,2.0,0.0,4.0,0.0,3.0,0.0,3.0,-0.5965520184347529,-0.14531708087278164,-0.14910392814370185,-0.6329485619156032,-0.8198637077355363,0.1017796858449702,-0.47400351984538863,0.33667853222287664,-0.7165843060498807,0.16323230748651343,-0.6699646037353554,0.12590898907169912
XCv32m,HN_6,0.0,5.0,0.0,0.0,4.0,4.0,0.0,4.0,0.0,4.0,0.0,5.0,-0.5965520184347529,0.4909701862787637,-0.14910392814370185,-0.6329485619156032,0.4814913458407131,0.3584140613178358,-0.47400351984538863,0.33667853222287664,-0.7165843060498807,0.3026935895720946,-0.6699646037353554,0.4172726593811327
XCv32m,HN_7,0.0,3.0,0.0,0.0,0.0,0.0,0.0,5.0,0.0,3.0,0.0,4.0,-0.5965520184347529,0.23645527941814556,-0.14910392814370185,-0.6329485619156032,-0.8198637077355363,-0.15485468962789542,-0.47400351984538863,0.46934282577830133,-0.7165843060498807,0.16323230748651343,-0.6699646037353554,0.27159082422641595
XCv32m,HN_8,0.0,8.0,0.0,0.0,0.0,5.0,0.0,3.0,0.0,6.0,0.0,4.0,-0.5965520184347529,0.872742546569691,-0.14910392814370185,-0.6329485619156032,-0.8198637077355363,0.4867312490542687,-0.47400351984538863,0.20401423866745197,-0.7165843060498807,0.5816161537432567,-0.6699646037353554,0.27159082422641595
XCv32m,HP_2,7.0,0.0,0.0,5.0,4.0,0.0,5.0,0.0,7.0,0.0,7.0,0.0,0.7684390202270206,-0.14531708087278164,-0.14910392814370185,0.5334432680241133,0.4814913458407131,-0.15485468962789542,0.5788561371870318,-0.19397864199882206,0.9479822937560641,-0.25515153877022984,0.9493950120080196,-0.3111365163924513
XCv32m,HP_4,6.0,0.0,0.0,3.0,3.0,0.0,5.0,0.0,6.0,0.0,5.0,0.0,0.5734403004181958,-0.14531708087278164,-0.14910392814370185,0.06688653604822675,0.15615258244665076,-0.15485468962789542,0.5788561371870318,-0.19397864199882206,0.7101870652123577,-0.25515153877022984,0.4867208360813409,-0.3111365163924513
XCv32m,HP_5,5.0,0.0,0.0,3.0,3.0,0.0,2.0,0.0,6.0,0.0,4.0,0.0,0.378441580609371,-0.14531708087278164,-0.14910392814370185,0.06688653604822675,0.15615258244665076,-0.15485468962789542,-0.05285965703242046,-0.19397864199882206,0.7101870652123577,-0.25515153877022984,0.2553837481180017,-0.3111365163924513
XCv32m,HP_6,7.0,0.0,0.0,3.0,4.0,0.0,5.0,0.0,5.0,0.0,4.0,0.0,0.7684390202270206,-0.14531708087278164,-0.14910392814370185,0.06688653604822675,0.4814913458407131,-0.15485468962789542,0.5788561371870318,-0.19397864199882206,0.4723918366686513,-0.25515153877022984,0.2553837481180017,-0.3111365163924513
XCv32m,HP_8,6.0,0.0,1.0,3.0,3.0,0.0,3.0,0.0,5.0,0.0,4.0,0.0,0.5734403004181958,-0.14531708087278164,0.08071685748503851,0.06688653604822675,0.15615258244665076,-0.15485468962789542,0.15771227437406363,-0.19397864199882206,0.4723918366686513,-0.25515153877022984,0.2553837481180017,-0.3111365163924513
XCv32m,LN_1,0.0,0.0,5.0,4.0,4.0,0.0,0.0,0.0,0.0,0.0,0.0,0.0,-0.5965520184347529,-0.14531708087278164,1.0,0.3001649020361701,0.4814913458407131,-0.15485468962789542,-0.47400351984538863,-0.19397864199882206,-0.7165843060498807,-0.25515153877022984,-0.6699646037353554,-0.3111365163924513
XCv32m,LN_2,1.0,0.0,0.0,5.0,4.0,0.0,0.0,0.0,4.0,2.0,4.0,6.0,-0.4015532986259281,-0.14531708087278164,-0.14910392814370185,0.5334432680241133,0.4814913458407131,-0.15485468962789542,-0.47400351984538863,-0.19397864199882206,0.23459660812494493,0.023771025400932344,0.2553837481180017,0.5629544945358496
XCv32m,LN_3,0.0,7.0,0.0,0.0,0.0,6.0,0.0,0.0,0.0,7.0,0.0,8.0,-0.5965520184347529,0.7454850931393818,-0.14910392814370185,-0.6329485619156032,-0.8198637077355363,0.6150484367907015,-0.47400351984538863,-0.19397864199882206,-0.7165843060498807,0.7210774358288379,-0.6699646037353554,0.8543181648452832
XCv32m,LN_4,0.0,0.0,0.0,0.0,0.0,0.0,0.0,0.0,0.0,3.0,0.0,7.0,-0.5965520184347529,-0.14531708087278164,-0.14910392814370185,-0.6329485619156032,-0.8198637077355363,-0.15485468962789542,-0.47400351984538863,-0.19397864199882206,-0.7165843060498807,0.16323230748651343,-0.6699646037353554,0.7086363296905663
XCv32m,LN_5,0.0,1.0,0.0,3.0,3.0,1.0,2.0,0.0,0.0,0.0,0.0,4.0,-0.5965520184347529,-0.018059627442472585,-0.14910392814370185,0.06688653604822675,0.15615258244665076,-0.026537501891462614,-0.05285965703242046,-0.19397864199882206,-0.7165843060498807,-0.25515153877022984,-0.6699646037353554,0.27159082422641595
XCv32m,LN_6,0.0,0.0,0.0,1.0,4.0,0.0,0.0,2.0,0.0,3.0,0.0,5.0,-0.5965520184347529,-0.14531708087278164,-0.14910392814370185,-0.3996701959276599,0.4814913458407131,-0.15485468962789542,-0.47400351984538863,0.07134994511202729,-0.7165843060498807,0.16323230748651343,-0.6699646037353554,0.4172726593811327
XCv32m,LN_8,0.0,3.0,1.0,0.0,0.0,1.0,0.0,3.0,0.0,4.0,0.0,7.0,-0.5965520184347529,0.23645527941814556,0.08071685748503851,-0.6329485619156032,-0.8198637077355363,-0.026537501891462614,-0.47400351984538863,0.20401423866745197,-0.7165843060498807,0.3026935895720946,-0.6699646037353554,0.7086363296905663
XCv32m,LP_1,7.0,0.0,0.0,6.0,4.0,0.0,5.0,0.0,7.0,0.0,7.0,0.0,0.7684390202270206,-0.14531708087278164,-0.14910392814370185,0.7667216340120567,0.4814913458407131,-0.15485468962789542,0.5788561371870318,-0.19397864199882206,0.9479822937560641,-0.25515153877022984,0.9493950120080196,-0.3111365163924513
XCv32m,LP_2,5.0,0.0,0.0,3.0,3.0,0.0,6.0,0.0,6.0,0.0,7.0,0.0,0.378441580609371,-0.14531708087278164,-0.14910392814370185,0.06688653604822675,0.15615258244665076,-0.15485468962789542,0.7894280685935159,-0.19397864199882206,0.7101870652123577,-0.25515153877022984,0.9493950120080196,-0.3111365163924513
XCv32m,LP_3,7.0,0.0,0.0,3.0,3.0,0.0,2.0,0.0,6.0,0.0,5.0,0.0,0.7684390202270206,-0.14531708087278164,-0.14910392814370185,0.06688653604822675,0.15615258244665076,-0.15485468962789542,-0.05285965703242046,-0.19397864199882206,0.7101870652123577,-0.25515153877022984,0.4867208360813409,-0.3111365163924513
XCv32m,LP_4,5.0,0.0,2.0,5.0,1.0,0.0,2.0,0.0,5.0,0.0,5.0,0.0,0.378441580609371,-0.14531708087278164,0.31053764311377885,0.5334432680241133,-0.4945249443414739,-0.15485468962789542,-0.05285965703242046,-0.19397864199882206,0.4723918366686513,-0.25515153877022984,0.4867208360813409,-0.3111365163924513
XCv32m,LP_5,6.0,0.0,0.0,7.0,4.0,0.0,6.0,0.0,6.0,0.0,6.0,0.0,0.5734403004181958,-0.14531708087278164,-0.14910392814370185,1.0,0.4814913458407131,-0.15485468962789542,0.7894280685935159,-0.19397864199882206,0.7101870652123577,-0.25515153877022984,0.7180579240446802,-0.3111365163924513
XCv32m,LP_6,4.0,0.0,3.0,7.0,4.0,0.0,4.0,0.0,4.0,0.0,4.0,0.0,0.18344286080054623,-0.14531708087278164,0.5403584287425192,1.0,0.4814913458407131,-0.15485468962789542,0.3682842057805477,-0.19397864199882206,0.23459660812494493,-0.25515153877022984,0.2553837481180017,-0.3111365163924513
XCv32m,LP_7,7.0,0.0,0.0,3.0,5.0,0.0,5.0,0.0,7.0,0.0,5.0,2.0,0.7684390202270206,-0.14531708087278164,-0.14910392814370185,0.06688653604822675,0.8068301092347755,-0.15485468962789542,0.5788561371870318,-0.19397864199882206,0.9479822937560641,-0.25515153877022984,0.4867208360813409,-0.01977284608301769
XCv32m,LP_8,7.0,0.0,0.0,5.0,4.0,0.0,7.0,0.0,7.0,0.0,7.0,0.0,0.7684390202270206,-0.14531708087278164,-0.14910392814370185,0.5334432680241133,0.4814913458407131,-0.15485468962789542,1.0,-0.19397864199882206,0.9479822937560641,-0.25515153877022984,0.9493950120080196,-0.3111365163924513
XfdEE1,HN_1,0.0,7.0,2.0,2.0,1.0,9.0,0.0,9.0,0.0,9.0,0.0,3.0,-0.677000206029806,0.8580831925709713,-0.029933826634806995,-0.7438654485181357,-0.7722434810603873,1.0,-0.3002532008640394,1.0,-0.6017680691958696,1.0,-0.6549514764130505,0.042887036522153914
XfdEE1,HN_4,3.0,0.0,8.0,2.0,0.0,0.0,0.0,7.0,0.0,5.0,0.0,0.0,-0.118000137353204,-0.13533445943222952,1.0,-0.7438654485181357,-1.0,-0.15780662886357624,-0.3002532008640394,0.7136430370405938,-0.6017680691958696,0.29517211707301005,-0.6549514764130505,-0.43566944521676915
XfdEE1,HN_5,1.0,3.0,1.0,3.0,3.0,6.0,0.0,7.0,0.0,6.0,0.0,4.0,-0.490666849804272,0.29041596285485655,-0.20158946440727485,-0.4877308970362715,-0.316730443181162,0.6140644570454745,-0.3002532008640394,0.7136430370405938,-0.6017680691958696,0.4713790878047575,-0.6549514764130505,0.2024058637684616
XfdEE1,HN_6,0.0,8.0,2.0,2.0,1.0,7.0,0.0,8.0,0.0,8.0,0.0,8.0,-0.677000206029806,1.0,-0.029933826634806995,-0.7438654485181357,-0.7722434810603873,0.7427096380303164,-0.3002532008640394,0.856821518520297,-0.6017680691958696,0.8237930292682525,-0.6549514764130505,0.8404811727536923
XfdEE1,HN_7,0.0,2.0,3.0,2.0,2.0,2.0,0.0,8.0,0.0,6.0,0.0,1.0,-0.677000206029806,0.14849915542582787,0.14172181113766086,-0.7438654485181357,-0.5444869621207746,0.09948373310610738,-0.3002532008640394,0.856821518520297,-0.6017680691958696,0.4713790878047575,-0.6549514764130505,-0.2761506179704614
XfdEE1,HN_8,3.0,1.0,0.0,4.0,2.0,4.0,0.0,3.0,1.0,6.0,1.0,6.0,-0.118000137353204,0.006582347996799185,-0.37324510217974266,-0.23159634555440725,-0.5444869621207746,0.356774095075791,-0.3002532008640394,0.14092911112178172,-0.42379383928521736,0.4713790878047575,-0.47106797903382264,0.5214435182610769
XfdEE1,HP_2,8.0,0.0,2.0,7.0,7.0,0.0,1.0,0.0,7.0,2.0,7.0,0.0,0.813666643774466,-0.13533445943222952,-0.029933826634806995,0.5368073088911854,0.5942956325772887,-0.15780662886357624,-0.13772155075603446,-0.28860633331732743,0.6440515401786957,-0.23344879512223243,0.6322330052415444,-0.43566944521676915
XfdEE1,HP_4,9.0,0.0,0.0,7.0,8.0,0.0,3.0,0.0,9.0,0.0,8.0,0.0,1.0,-0.13533445943222952,-0.37324510217974266,0.5368073088911854,0.8220521515169014,-0.15780662886357624,0.18734174945997542,-0.28860633331732743,1.0,-0.5858627365857274,0.8161165026207722,-0.43566944521676915
XfdEE1,HP_5,9.0,0.0,0.0,5.0,6.0,0.0,5.0,4.0,8.0,1.0,7.0,0.0,1.0,-0.13533445943222952,-0.37324510217974266,0.024538205927456997,0.36653911363767605,-0.15780662886357624,0.5124050496759853,0.28410759260148477,0.8220257700893479,-0.40965576585397995,0.6322330052415444,-0.43566944521676915
XfdEE1,HP_6,8.0,0.0,2.0,6.0,6.0,0.0,3.0,0.0,7.0,1.0,8.0,1.0,0.813666643774466,-0.13533445943222952,-0.029933826634806995,0.28067275740932124,0.36653911363767605,-0.15780662886357624,0.18734174945997542,-0.28860633331732743,0.6440515401786957,-0.40965576585397995,0.8161165026207722,-0.2761506179704614
XfdEE1,HP_8,7.0,0.0,3.0,7.0,6.0,0.0,1.0,0.0,6.0,3.0,7.0,0.0,0.627333287548932,-0.13533445943222952,0.14172181113766086,0.5368073088911854,0.36653911363767605,-0.15780662886357624,-0.13772155075603446,-0.28860633331732743,0.46607731026804355,-0.057241824390484954,0.6322330052415444,-0.43566944521676915
XfdEE1,LN_1,0.0,0.0,8.0,6.0,3.0,0.0,0.0,0.0,0.0,5.0,2.0,3.0,-0.677000206029806,-0.13533445943222952,1.0,0.28067275740932124,-0.316730443181162,-0.15780662886357624,-0.3002532008640394,-0.28860633331732743,-0.6017680691958696,0.29517211707301005,-0.2871844816545948,0.042887036522153914
XfdEE1,LN_2,0.0,0.0,0.0,5.0,4.0,1.0,0.0,1.0,0.0,5.0,1.0,9.0,-0.677000206029806,-0.13533445943222952,-0.37324510217974266,0.024538205927456997,-0.08897392424154932,-0.029161447878734433,-0.3002532008640394,-0.14542785183762438,-0.6017680691958696,0.29517211707301005,-0.47106797903382264,1.0
XfdEE1,LN_3,0.0,8.0,1.0,4.0,2.0,8.0,1.0,6.0,0.0,8.0,0.0,9.0,-0.677000206029806,1.0,-0.20158946440727485,-0.23159634555440725,-0.5444869621207746,0.8713548190151582,-0.13772155075603446,0.5704645555608909,-0.6017680691958696,0.8237930292682525,-0.6549514764130505,1.0
XfdEE1,LN_4,0.0,2.0,2.0,4.0,4.0,0.0,0.0,1.0,0.0,7.0,0.0,9.0,-0.677000206029806,0.14849915542582787,-0.029933826634806995,-0.23159634555440725,-0.08897392424154932,-0.15780662886357624,-0.3002532008640394,-0.14542785183762438,-0.6017680691958696,0.647586058536505,-0.6549514764130505,1.0
XfdEE1,LN_5,2.0,1.0,8.0,7.0,6.0,0.0,0.0,0.0,0.0,8.0,1.0,1.0,-0.304333493578738,0.006582347996799185,1.0,0.5368073088911854,0.36653911363767605,-0.15780662886357624,-0.3002532008640394,-0.28860633331732743,-0.6017680691958696,0.8237930292682525,-0.47106797903382264,-0.2761506179704614
XfdEE1,LN_6,0.0,0.0,7.0,5.0,4.0,0.0,0.0,0.0,0.0,7.0,1.0,6.0,-0.677000206029806,-0.13533445943222952,0.8283443622275322,0.024538205927456997,-0.08897392424154932,-0.15780662886357624,-0.3002532008640394,-0.28860633331732743,-0.6017680691958696,0.647586058536505,-0.47106797903382264,0.5214435182610769
XfdEE1,LN_8,0.0,0.0,1.0,5.0,4.0,0.0,0.0,1.0,1.0,1.0,3.0,8.0,-0.677000206029806,-0.13533445943222952,-0.20158946440727485,0.024538205927456997,-0.08897392424154932,-0.15780662886357624,-0.3002532008640394,-0.14542785183762438,-0.42379383928521736,-0.40965576585397995,-0.10330098427536699,0.8404811727536923
XfdEE1,LP_1,8.0,0.0,0.0,8.0,8.0,0.0,8.0,0.0,9.0,0.0,9.0,0.0,0.813666643774466,-0.13533445943222952,-0.37324510217974266,0.7929418603730497,0.8220521515169014,-0.15780662886357624,1.0,-0.28860633331732743,1.0,-0.5858627365857274,1.0,-0.43566944521676915
XfdEE1,LP_2,7.0,0.0,2.0,7.0,7.0,0.0,2.0,0.0,7.0,0.0,8.0,1.0,0.627333287548932,-0.13533445943222952,-0.029933826634806995,0.5368073088911854,0.5942956325772887,-0.15780662886357624,0.02481009935197048,-0.28860633331732743,0.6440515401786957,-0.5858627365857274,0.8161165026207722,-0.2761506179704614
XfdEE1,LP_3,4.0,0.0,0.0,7.0,7.0,0.0,2.0,0.0,7.0,0.0,6.0,4.0,0.06833321887233,-0.13533445943222952,-0.37324510217974266,0.5368073088911854,0.5942956325772887,-0.15780662886357624,0.02481009935197048,-0.28860633331732743,0.6440515401786957,-0.5858627365857274,0.44834950786231653,0.2024058637684616
XfdEE1,LP_4,8.0,0.0,3.0,7.0,7.0,0.0,5.0,0.0,7.0,1.0,7.0,1.0,0.813666643774466,-0.13533445943222952,0.14172181113766086,0.5368073088911854,0.5942956325772887,-0.15780662886357624,0.5124050496759853,-0.28860633331732743,0.6440515401786957,-0.40965576585397995,0.6322330052415444,-0.2761506179704614
XfdEE1,LP_5,8.0,0.0,0.0,8.0,8.0,0.0,8.0,0.0,7.0,1.0,8.0,7.0,0.813666643774466,-0.13533445943222952,-0.37324510217974266,0.7929418603730497,0.8220521515169014,-0.15780662886357624,1.0,-0.28860633331732743,0.6440515401786957,-0.40965576585397995,0.8161165026207722,0.6809623455073847
XfdEE1,LP_6,0.0,0.0,8.0,7.0,5.0,0.0,0.0,0.0,0.0,7.0,1.0,0.0,-0.677000206029806,-0.13533445943222952,1.0,0.5368073088911854,0.13878259469806337,-0.15780662886357624,-0.3002532008640394,-0.28860633331732743,-0.6017680691958696,0.647586058536505,-0.47106797903382264,-0.43566944521676915
XfdEE1,LP_7,1.0,0.0,1.0,6.0,4.0,0.0,2.0,0.0,5.0,0.0,9.0,8.0,-0.490666849804272,-0.13533445943222952,-0.20158946440727485,0.28067275740932124,-0.08897392424154932,-0.15780662886357624,0.02481009935197048,-0.28860633331732743,0.28810308035739135,-0.5858627365857274,1.0,0.8404811727536923
XfdEE1,LP_8,8.0,0.0,0.0,7.0,8.0,0.0,6.0,0.0,8.0,0.0,0.0,1.0,0.813666643774466,-0.13533445943222952,-0.37324510217974266,0.5368073088911854,0.8220521515169014,-0.15780662886357624,0.6749366997839902,-0.28860633331732743,0.8220257700893479,-0.5858627365857274,-0.6549514764130505,-0.2761506179704614
rt8Ye0r,HN_1,0.0,8.0,4.0,1.0,3.0,8.0,0.0,6.0,0.0,8.0,0.0,5.0,-0.7848552999380314,1.0,0.14005730630615681,-0.6911950849077186,-0.2967511353559239,1.0,-0.7234198984517978,0.7832154091325372,-0.7547586965097831,1.0,-0.7959767958125654,0.4835860868571988
rt8Ye0r,HN_4,3.0,6.0,4.0,2.0,4.0,4.0,2.0,6.0,2.0,6.0,2.0,6.0,-0.18990353329202095,0.671704483456086,0.14005730630615681,-0.4797956992942538,-0.08062594612993657,0.30602341686694695,-0.3404376987958427,0.7832154091325372,-0.36481231950760906,0.6537511512993828,-0.3968708411875509,0.6557240579047992
rt8Ye0r,HN_5,1.0,2.0,5.0,4.0,4.0,1.0,1.0,1.0,1.0,1.0,2.0,1.0,-0.5865380443893613,0.01511345036825806,0.35504297972961757,-0.05699692806732415,-0.08062594612993657,-0.21445902048284285,-0.5319287986238203,-0.3007075452047776,-0.5597855080086961,-0.21187097045215997,-0.3968708411875509,-0.20496579733320283
rt8Ye0r,HN_6,2.0,2.0,4.0,3.0,4.0,3.0,2.0,2.0,2.0,3.0,3.0,3.0,-0.3882207888406911,0.01511345036825806,0.14005730630615681,-0.268396313680789,-0.08062594612993657,0.13252927108368368,-0.3404376987958427,-0.08392295433731463,-0.36481231950760906,0.13437787824845715,-0.19731786387504363,0.13931014476199796
rt8Ye0r,HN_7,0.0,4.0,5.0,0.0,3.0,7.0,0.0,7.0,0.0,7.0,0.0,7.0,-0.7848552999380314,0.34340896691217204,0.35504297972961757,-0.9025944705211835,-0.2967511353559239,0.8265058542167367,-0.7234198984517978,1.0,-0.7547586965097831,0.8268755756496915,-0.7959767958125654,0.8278620289523996
rt8Ye0r,HN_8,2.0,5.0,8.0,2.0,1.0,7.0,2.0,4.0,2.0,6.0,3.0,6.0,-0.3882207888406911,0.5075567251841291,1.0,-0.4797956992942538,-0.7290015138078985,0.8265058542167367,-0.3404376987958427,0.34964622739761125,-0.36481231950760906,0.6537511512993828,-0.19731786387504363,0.6557240579047992
rt8Ye0r,HP_2,8.0,0.0,5.0,7.0,8.0,0.0,8.0,0.0,8.0,0.0,8.0,0.0,0.8016827444513298,-0.3131820661756559,0.35504297972961757,0.5772012287730703,0.7838748107740127,-0.3879531662661061,0.8085089001720225,-0.5174921360722405,0.805026811498913,-0.3849953948024685,0.8004470226874927,-0.37710376838080323
rt8Ye0r,HP_4,8.0,0.0,1.0,7.0,6.0,0.0,8.0,0.0,8.0,0.0,8.0,0.0,0.8016827444513298,-0.3131820661756559,-0.5048997139642255,0.5772012287730703,0.35162443232203805,-0.3879531662661061,0.8085089001720225,-0.5174921360722405,0.805026811498913,-0.3849953948024685,0.8004470226874927,-0.37710376838080323
rt8Ye0r,HP_5,7.0,0.0,0.0,8.0,7.0,0.0,8.0,0.0,8.0,0.0,8.0,0.0,0.6033654889026597,-0.3131820661756559,-0.7198853873876863,0.7886006143865352,0.5677496215480253,-0.3879531662661061,0.8085089001720225,-0.5174921360722405,0.805026811498913,-0.3849953948024685,0.8004470226874927,-0.37710376838080323
rt8Ye0r,HP_6,7.0,0.0,7.0,8.0,7.0,0.0,8.0,1.0,8.0,0.0,8.0,0.0,0.6033654889026597,-0.3131820661756559,0.7850143265765391,0.7886006143865352,0.5677496215480253,-0.3879531662661061,0.8085089001720225,-0.3007075452047776,0.805026811498913,-0.3849953948024685,0.8004470226874927,-0.37710376838080323
rt8Ye0r,HP_8,1.0,1.0,1.0,3.0,1.0,1.0,1.0,1.0,1.0,1.0,1.0,1.0,-0.5865380443893613,-0.14903430790369893,-0.5048997139642255,-0.268396313680789,-0.7290015138078985,-0.21445902048284285,-0.5319287986238203,-0.3007075452047776,-0.5597855080086961,-0.21187097045215997,-0.5964238185000582,-0.20496579733320283
rt8Ye0r,LN_1,3.0,2.0,0.0,3.0,2.0,5.0,3.0,2.0,3.0,5.0,3.0,8.0,-0.18990353329202095,0.01511345036825806,-0.7198853873876863,-0.268396313680789,-0.5128763245819112,0.4795175626502102,-0.14894659896786516,-0.08392295433731463,-0.16983913100652204,0.48062672694907427,-0.19731786387504363,1.0
rt8Ye0r,LN_2,3.0,1.0,3.0,4.0,4.0,1.0,4.0,4.0,2.0,1.0,1.0,1.0,-0.18990353329202095,-0.14903430790369893,-0.07492836711730395,-0.05699692806732415,-0.08062594612993657,-0.21445902048284285,0.042544500860112376,0.34964622739761125,-0.36481231950760906,-0.21187097045215997,-0.5964238185000582,-0.20496579733320283
rt8Ye0r,LN_3,3.0,7.0,8.0,4.0,4.0,6.0,2.0,4.0,1.0,7.0,2.0,6.0,-0.18990353329202095,0.8358522417280431,1.0,-0.05699692806732415,-0.08062594612993657,0.6530117084334734,-0.3404376987958427,0.34964622739761125,-0.5597855080086961,0.8268755756496915,-0.3968708411875509,0.6557240579047992
rt8Ye0r,LN_4,2.0,7.0,0.0,3.0,5.0,1.0,2.0,4.0,2.0,6.0,2.0,6.0,-0.3882207888406911,0.8358522417280431,-0.7198853873876863,-0.268396313680789,0.13549924309605074,-0.21445902048284285,-0.3404376987958427,0.34964622739761125,-0.36481231950760906,0.6537511512993828,-0.3968708411875509,0.6557240579047992
rt8Ye0r,LN_5,4.0,6.0,3.0,5.0,6.0,1.0,4.0,6.0,4.0,2.0,4.0,1.0,0.008413722256649218,0.671704483456086,-0.07492836711730395,0.15440245754614068,0.35162443232203805,-0.21445902048284285,0.042544500860112376,0.7832154091325372,0.025134057494564984,-0.03874654610185141,0.0022351134374636447,-0.20496579733320283
rt8Ye0r,LN_6,1.0,2.0,3.0,2.0,2.0,2.0,1.0,6.0,1.0,1.0,1.0,5.0,-0.5865380443893613,0.01511345036825806,-0.07492836711730395,-0.4797956992942538,-0.5128763245819112,-0.04096487469957957,-0.5319287986238203,0.7832154091325372,-0.5597855080086961,-0.21187097045215997,-0.5964238185000582,0.4835860868571988
rt8Ye0r,LN_8,1.0,1.0,4.0,3.0,3.0,5.0,2.0,7.0,1.0,1.0,2.0,1.0,-0.5865380443893613,-0.14903430790369893,0.14005730630615681,-0.268396313680789,-0.2967511353559239,0.4795175626502102,-0.3404376987958427,1.0,-0.5597855080086961,-0.21187097045215997,-0.3968708411875509,-0.20496579733320283
rt8Ye0r,LP_1,8.0,0.0,1.0,7.0,7.0,0.0,8.0,0.0,8.0,0.0,8.0,0.0,0.8016827444513298,-0.3131820661756559,-0.5048997139642255,0.5772012287730703,0.5677496215480253,-0.3879531662661061,0.8085089001720225,-0.5174921360722405,0.805026811498913,-0.3849953948024685,0.8004470226874927,-0.37710376838080323
rt8Ye0r,LP_2,7.0,0.0,1.0,9.0,9.0,0.0,9.0,0.0,8.0,0.0,8.0,0.0,0.6033654889026597,-0.3131820661756559,-0.5048997139642255,1.0,1.0,-0.3879531662661061,1.0,-0.5174921360722405,0.805026811498913,-0.3849953948024685,0.8004470226874927,-0.37710376838080323
rt8Ye0r,LP_3,7.0,0.0,5.0,6.0,6.0,0.0,7.0,0.0,7.0,0.0,7.0,0.0,0.6033654889026597,-0.3131820661756559,0.35504297972961757,0.3658018431596055,0.35162443232203805,-0.3879531662661061,0.617017800344045,-0.5174921360722405,0.6100536229978261,-0.3849953948024685,0.6008940453749855,-0.37710376838080323
rt8Ye0r,LP_4,0.0,0.0,7.0,0.0,0.0,0.0,0.0,0.0,0.0,0.0,0.0,0.0,-0.7848552999380314,-0.3131820661756559,0.7850143265765391,-0.9025944705211835,-0.9451267030338858,-0.3879531662661061,-0.7234198984517978,-0.5174921360722405,-0.7547586965097831,-0.3849953948024685,-0.7959767958125654,-0.37710376838080323
rt8Ye0r,LP_5,7.0,1.0,7.0,7.0,6.0,1.0,7.0,1.0,7.0,1.0,7.0,1.0,0.6033654889026597,-0.14903430790369893,0.7850143265765391,0.5772012287730703,0.35162443232203805,-0.21445902048284285,0.617017800344045,-0.3007075452047776,0.6100536229978261,-0.21187097045215997,0.6008940453749855,-0.20496579733320283
rt8Ye0r,LP_6,3.0,1.0,0.0,3.0,3.0,1.0,3.0,1.0,3.0,1.0,3.0,1.0,-0.18990353329202095,-0.14903430790369893,-0.7198853873876863,-0.268396313680789,-0.2967511353559239,-0.21445902048284285,-0.14894659896786516,-0.3007075452047776,-0.16983913100652204,-0.21187097045215997,-0.19731786387504363,-0.20496579733320283
rt8Ye0r,LP_7,7.0,0.0,1.0,6.0,5.0,0.0,7.0,0.0,8.0,0.0,7.0,0.0,0.6033654889026597,-0.3131820661756559,-0.5048997139642255,0.3658018431596055,0.13549924309605074,-0.3879531662661061,0.617017800344045,-0.5174921360722405,0.805026811498913,-0.3849953948024685,0.6008940453749855,-0.37710376838080323
rt8Ye0r,LP_8,3.0,2.0,6.0,3.0,3.0,2.0,3.0,2.0,3.0,2.0,3.0,2.0,-0.18990353329202095,0.01511345036825806,0.5700286531530784,-0.268396313680789,-0.2967511353559239,-0.04096487469957957,-0.14894659896786516,-0.08392295433731463,-0.16983913100652204,-0.03874654610185141,-0.19731786387504363,-0.032827826285602435
6k6gw,HP_1_H,5.0,0.0,0.0,0.0,0.0,0.0,1.0,0.0,2.0,0.0,2.0,0.0,0.5138081622308829,-0.05442765785137815,-0.11972020773191996,-0.2961424447971787,-0.1658416268838452,-0.11904155707978215,-0.04669736902640434,-0.09793805513617797,0.00609337349750969,-0.16639487796244667,0.029264962406147028,-0.3170785440984271
D7GcxxFf3,HP_1_L,7.0,0.0,0.0,7.0,7.0,0.0,5.0,0.0,7.0,0.0,6.0,0.0,0.6303720766564261,-0.09691289425307498,-0.09844064554840846,0.39819370467935633,0.5360098028187892,-0.14273873058101683,0.7255180981782515,-0.13534890611975253,0.5823781837494366,-0.34383613483090725,0.3884960755614256,-0.20953558036801473
FWvvb87,HP_1_L,2.0,0.0,1.0,2.0,1.0,0.0,1.0,0.0,2.0,0.0,2.0,0.0,-0.010492358868753464,-0.13858391591643732,0.03329488223114116,-0.07578805141081899,-0.34974115077738493,-0.17160104483712088,0.006305186660963431,-0.11529126347937636,-0.02461045821059354,-0.2918757748013812,-0.0484622369368621,-0.25643102389118144
FcXX1,HP_1_L,2.0,0.0,6.0,4.0,4.0,0.0,2.0,0.0,6.0,0.0,7.0,0.0,-0.22316107296718618,-0.06433728128534101,0.393290499793511,0.10492367511518064,0.17044444663888275,-0.13300604706936495,-0.13729127222685408,-0.10386355949419762,0.4247778651573166,-0.32377296996602617,0.5930323964207664,-0.2945634285839792
K34LOp,HP_1_L,3.0,0.0,0.0,1.0,4.0,0.0,2.0,0.0,4.0,0.0,3.0,0.0,0.19782180806301872,-0.10146263350000263,-0.13938953179760663,-0.5086168338174295,0.5348833132903092,-0.12569608952742428,0.23899048606081263,-0.08128885702621096,0.40663014445853907,-0.19877360661697163,0.20534355271815063,-0.13795256089251937
KLO33,HP_1_L,5.0,0.0,1.0,4.0,4.0,0.0,5.0,0.0,5.0,1.0,5.0,0.0,0.37822067017650596,-0.1620884322041448,-0.19049500537627773,0.22652579223753824,0.4447202248694154,-0.22985001358611934,0.7027983332751406,-0.2539921213955184,0.5297951806879322,-0.32832055705726054,0.4527701491342765,-0.40456909094191135
Lso2g,HP_1_L,4.0,0.0,4.0,7.0,7.0,0.0,0.0,0.0,2.0,0.0,4.0,0.0,0.33900943112693926,-0.1085944619746998,0.19472743218445107,0.3764877293661815,0.23113380975503894,-0.07877055365754244,-0.09879454535256448,-0.15649712027523346,-0.1819681892467483,-0.22802784098565096,0.2095516106012516,-0.2631431810918693
Ou4tR,HP_1_H,8.0,0.0,0.0,8.0,8.0,0.0,8.0,0.0,8.0,0.0,7.0,0.0,0.8113430019158462,-0.12845663148153608,-0.21849900379255874,0.805066362584893,0.810624774535323,-0.1652974126990613,0.8180174336194742,-0.2694142692771023,0.8181495102178012,-0.20416395191873868,0.6194201597532465,-0.3081972140930923
P67Dftt,HP_1_H,9.0,0.0,0.0,1.0,1.0,0.0,1.0,0.0,8.0,0.0,9.0,0.0,1.0,-0.05108826816689668,-0.19520794406615508,-0.4637686250689243,-0.36008398496986843,-0.16432560636286872,-0.10084728589925789,-0.10450469436005612,0.799987441533881,-0.4238555253987151,1.0,-0.2584871676279821
SxRtt99,HP_1_L,0.0,0.0,0.0,7.0,9.0,0.0,9.0,0.0,8.0,0.0,7.0,0.0,-0.7471436250182231,-0.10820463362163482,-0.1218499579582531,0.5889570429265554,0.2966275473524906,-0.10629075437871102,1.0,-0.2282837787988076,0.7859020513691127,-0.173334193313083,0.4374490555706501,-0.5076546316449978
V11GHjjk,HP_1_H,8.0,0.0,0.0,6.0,6.0,0.0,7.0,0.0,6.0,0.0,6.0,0.0,0.8489733665951263,-0.14995369242417905,-0.24752557485537766,0.4857524005414622,0.5280991259196091,-0.18298821173125898,1.0,-0.20013865983185633,0.5511600213844281,-0.18630807827701915,0.5428991307954978,-0.1187994373740372
VBr4ssd,HP_1_H,6.0,2.0,4.0,0.0,1.0,0.0,0.0,0.0,0.0,4.0,0.0,2.0,0.5294852742915745,0.08263298332644926,0.28978651896382696,-0.3582361144758569,-0.2358009502002056,-0.157855219107324,-0.36913388900403465,-0.12938096045240788,-0.45301531647165066,0.2017904653477506,-0.5604258120179751,-0.14020385858045087
XCv32m,HP_1_L,5.0,0.0,0.0,3.0,3.0,0.0,4.0,0.0,4.0,0.0,4.0,0.0,0.378441580609371,-0.14531708087278164,-0.14910392814370185,0.06688653604822675,0.15615258244665076,-0.15485468962789542,0.3682842057805477,-0.19397864199882206,0.23459660812494493,-0.25515153877022984,0.2553837481180017,-0.3111365163924513
XfdEE1,HP_1_L,7.0,0.0,2.0,8.0,8.0,0.0,1.0,0.0,6.0,2.0,5.0,0.0,0.627333287548932,-0.13533445943222952,-0.029933826634806995,0.7929418603730497,0.8220521515169014,-0.15780662886357624,-0.13772155075603446,-0.28860633331732743,0.46607731026804355,-0.23344879512223243,0.26446601048308865,-0.43566944521676915
rt8Ye0r,HP_1_L,9.0,0.0,2.0,9.0,8.0,0.0,9.0,0.0,9.0,0.0,9.0,0.0,1.0,-0.3131820661756559,-0.2899140405407647,1.0,0.7838748107740127,-0.3879531662661061,1.0,-0.5174921360722405,1.0,-0.3849953948024685,1.0,-0.37710376838080323
6k6gw,HP_1_L,4.324324324324325,0.0,2.0,4.918918918918919,4.54054054054054,0.0,3.918918918918919,0.10810810810810811,4.756756756756757,0.2702702702702703,5.216216216216216,0.0,0.4043054960666673,-0.05442765785137815,0.7511732871706844,0.5008100043686542,0.590379968932703,-0.11904155707978215,0.3897633099498569,-0.0847496100294371,0.4627531748635188,-0.1313680047503612,0.5496139239992484,-0.3170785440984271
D7GcxxFf3,HP_1_H,7.0,0.46153846153846156,0.7692307692307693,3.9615384615384617,4.961538461538462,0.34615384615384615,5.269230769230769,0.34615384615384615,6.230769230769231,0.8076923076923077,5.961538461538462,0.5384615384615384,0.6303720766564261,-0.024588967159465628,0.0071786472927846635,-0.2087145517473972,0.08871024485507592,-0.09329330473856898,0.7994170717456454,-0.07920527889405049,0.4084904712494985,-0.22323545606403092,0.380656281658367,-0.13717020376480016
FWvvb87,HP_1_H,7.0,0.46153846153846156,0.7692307692307693,3.9615384615384617,4.961538461538462,0.34615384615384615,5.269230769230769,0.34615384615384615,6.230769230769231,0.8076923076923077,5.961538461538462,0.5384615384615384,0.8060671230453907,-0.05100053776901905,0.005409157680116386,0.6276118283577935,0.8074565579976004,-0.12090676885859161,0.9043129362786946,-0.0723954456532465,0.6978712751430303,-0.1614460090762418,0.6437916759124763,-0.18125993699170903
FcXX1,HP_1_H,7.0,0.46153846153846156,0.7692307692307693,3.9615384615384617,4.961538461538462,0.34615384615384615,5.269230769230769,0.34615384615384615,6.230769230769231,0.8076923076923077,5.961538461538462,0.5384615384615384,0.6505254077236611,-0.0029332073650328704,-0.6645619621049826,0.09803847261606666,0.32997436074678993,0.03724888665841084,0.3938612450219514,-0.05610023240069868,0.46902572168367684,-0.2049728316357418,0.3817222945623182,-0.2171109157627155
K34LOp,HP_1_H,7.0,0.46153846153846156,0.7692307692307693,3.9615384615384617,4.961538461538462,0.34615384615384615,5.269230769230769,0.34615384615384615,6.230769230769231,0.8076923076923077,5.961538461538462,0.5384615384615384,0.8163688476288838,0.06799315626922856,0.03590116540202516,0.6083398604512443,0.8108322477129981,-0.02828008177985872,0.9070419290309325,-0.039700824063664375,0.7943722178931689,-0.005125562471153124,0.7631878507530444,-0.05041774851617173
KLO33,HP_1_H,7.0,0.46153846153846156,0.7692307692307693,3.9615384615384617,4.961538461538462,0.34615384615384615,5.269230769230769,0.34615384615384615,6.230769230769231,0.8076923076923077,5.961538461538462,0.5384615384615384,0.7683567202618355,-0.05481873076991603,-0.22483620745443958,0.2108011025934673,0.7741619899837149,-0.08794424278772095,0.7828141666241413,-0.1919815219858499,0.7695479676778217,-0.3708949338860189,0.689922847234265,-0.3100307867438981
Lso2g,HP_1_H,7.0,0.46153846153846156,0.7692307692307693,3.9615384615384617,4.961538461538462,0.34615384615384615,5.269230769230769,0.34615384615384615,6.230769230769231,0.8076923076923077,5.961538461538462,0.5384615384615384,0.8125549133046545,-0.051743463924715176,-0.4556850264358,-0.2209987026114467,-0.17740880511000523,-0.03727937851686773,0.9126768931751784,-0.07643193502540961,0.651470918555446,-0.11782021423052844,0.6912587694880168,-0.18757051213765494
Ou4tR,HP_1_L,4.324324324324325,0.0,2.0,4.918918918918919,4.54054054054054,0.0,3.918918918918919,0.10810810810810811,4.756756756756757,0.2702702702702703,5.216216216216216,0.0,0.1179010630119294,-0.12845663148153608,0.18766733080496087,0.20446002027888752,0.15548885941427837,-0.1652974126990613,0.07533182487732867,-0.24196747426570553,0.22836413795121063,-0.16800287228153932,0.2799840860196555,-0.3081972140930923
P67Dftt,HP_1_L,4.324324324324325,0.0,2.0,4.918918918918919,4.54054054054054,0.0,3.918918918918919,0.10810810810810811,4.756756756756757,0.2702702702702703,5.216216216216216,0.0,0.1273779039308778,-0.05108826816689668,0.07039382128187939,0.2532801946438934,0.32783494179095296,-0.16432560636286872,0.3008132103072281,-0.09123737070407946,0.15129806272484667,-0.3810971012125675,0.20735698510124023,-0.2584871676279821
SxRtt99,HP_1_H,7.0,0.46153846153846156,0.7692307692307693,3.9615384615384617,4.961538461538462,0.34615384615384615,5.269230769230769,0.34615384615384615,6.230769230769231,0.8076923076923077,5.961538461538462,0.5384615384615384,0.6117458611070615,-0.05137362676924329,0.1837822421265274,-0.035512064935023936,-0.2851925059467039,-0.06374110997952982,0.24373972551124212,-0.18104209499885346,0.4071133730221584,-0.06803497083626786,0.22420111875522403,-0.41745307248675007
V11GHjjk,HP_1_L,4.324324324324325,0.0,2.0,4.918918918918919,4.54054054054054,0.0,3.918918918918919,0.10810810810810811,4.756756756756757,0.2702702702702703,5.216216216216216,0.0,0.29384844380964475,-0.14995369242417905,0.029702330668039602,0.30043795028613335,0.2985257277183378,-0.18298821173125898,0.45581884323965505,-0.18160369983445313,0.36515426448067767,-0.13287077745373,0.4234763811835107,-0.1187994373740372
VBr4ssd,HP_1_L,4.324324324324325,0.0,2.0,4.918918918918919,4.54054054054054,0.0,3.918918918918919,0.10810810810810811,4.756756756756757,0.2702702702702703,5.216216216216216,0.0,0.2666752473193008,-0.1794718785802795,0.005701126549357807,0.38410314328572254,0.38925667326013,-0.157855219107324,0.22703552212384825,-0.11193878345700391,0.3149447306725251,-0.3936307010414949,0.34396512407652685,-0.46597638960343685
XCv32m,HP_1_H,7.0,0.46153846153846156,0.7692307692307693,3.9615384615384617,4.961538461538462,0.34615384615384615,5.269230769230769,0.34615384615384615,6.230769230769231,0.8076923076923077,5.961538461538462,0.5384615384615384,0.7684390202270206,-0.08658287159725439,0.02768129157071382,0.29119265719048,0.7943170798734654,-0.11043720156528407,0.6355485802580082,-0.14805638653732892,0.7650628871839823,-0.14250973400879896,0.709160343738398,-0.2326924513091423
XfdEE1,HP_1_H,7.0,0.46153846153846156,0.7692307692307693,3.9615384615384617,4.961538461538462,0.34615384615384615,5.269230769230769,0.34615384615384615,6.230769230769231,0.8076923076923077,5.961538461538462,0.5384615384615384,0.627333287548932,-0.06983439446498549,-0.24120230389322897,-0.24144767445755586,0.13002272858500136,-0.11327560467651562,0.5561635708589097,-0.239044551266661,0.507148286401271,-0.4435417217639314,0.44127706565542313,-0.3497746920841419
rt8Ye0r,HP_1_H,7.0,0.46153846153846156,0.7692307692307693,3.9615384615384617,4.961538461538462,0.34615384615384615,5.269230769230769,0.34615384615384615,6.230769230769231,0.8076923076923077,5.961538461538462,0.5384615384615384,0.6033654889026597,-0.23742156235782963,-0.5545117924465626,-0.065127673667842,0.1271867358181282,-0.32789750041805343,0.28559089679562233,-0.44245131615658023,0.46007424722775914,-0.24516412898106546,0.3936659535504587,-0.2844140916628646
6k6gw,HP_3_H,8.0,0.0,0.0,6.0,4.0,0.0,5.0,0.0,7.0,0.0,5.0,0.0,1.0,-0.05442765785137815,-0.11972020773191996,0.6759643888007053,0.500353588478352,-0.11904155707978215,0.5514154132743981,-0.09793805513617797,0.8343488955829182,-0.16639487796244667,0.5146324812030735,-0.3170785440984271
D7GcxxFf3,HP_3_L,5.0,0.0,1.0,5.0,5.0,1.0,3.0,0.0,5.0,2.0,5.0,0.0,0.2607441533128523,-0.09691289425307498,0.038864435145142595,-0.0012902109433168953,0.09714985915627802,0.0001036107416102921,0.17655429453475463,-0.13534890611975253,0.13027013124959758,-0.04520588264626117,0.18466143408190083,-0.20953558036801473
FWvvb87,HP_3_L,0.0,0.0,0.0,0.0,0.0,0.0,0.0,0.0,0.0,0.0,0.0,0.0,-0.3371161516344111,-0.13858391591643732,-0.0875432574899662,-0.7929800856846984,-0.6418493102739832,-0.17160104483712088,-0.20403897090715378,-0.11529126347937636,-0.36614727761412474,-0.2918757748013812,-0.3979496492491495,-0.25643102389118144
FcXX1,HP_3_L,4.0,1.0,7.0,3.0,3.0,0.0,4.0,0.0,5.0,0.0,8.0,0.0,0.12631351930915272,0.06870487887532661,0.5955269998623407,-0.07409158986178324,0.004533335966659308,-0.13300604706936495,0.1876490912665328,-0.10386355949419762,0.23303715354308877,-0.32377296996602617,0.7965161982103832,-0.2945634285839792
K34LOp,HP_3_L,3.0,0.0,0.0,2.0,2.0,0.0,0.0,0.0,2.0,0.0,1.0,0.0,0.19782180806301872,-0.10146263350000263,-0.13938953179760663,-0.13146262536307216,-0.03909047030888375,-0.12569608952742428,-0.1696998084620843,-0.08128885702621096,0.05899931999990538,-0.19877360661697163,-0.17138246673398533,-0.13795256089251937
KLO33,HP_3_L,5.0,0.0,2.0,4.0,3.0,0.0,4.0,2.0,2.0,1.0,3.0,1.0,0.37822067017650596,-0.1620884322041448,-0.04168312970424301,0.22652579223753824,0.1021007891505441,-0.22985001358611934,0.4055966665502813,0.10429134186034401,-0.0546022375999237,-0.32832055705726054,-0.0405074629136995,-0.2289979545741724
Lso2g,HP_3_L,0.0,0.0,7.0,7.0,7.0,0.0,0.0,0.0,4.0,0.0,3.0,0.0,-0.2923845451100142,-0.1085944619746998,0.7986818580461128,0.3764877293661815,0.23113380975503894,-0.07877055365754244,-0.09879454535256448,-0.15649712027523346,0.21202120716883446,-0.22802784098565096,-0.036024588046903186,-0.2631431810918693
Ou4tR,HP_3_L,4.0,0.0,2.0,4.0,4.0,0.0,3.0,0.0,3.0,0.0,3.0,0.0,0.05671500957923081,-0.12845663148153608,0.18766733080496087,0.02533181292446474,0.05312387267661518,-0.1652974126990613,-0.09189539828315442,-0.2694142692771023,-0.09110293869319268,-0.20416395191873868,-0.1417395207402604,-0.3081972140930923
P67Dftt,HP_3_H,9.0,0.0,0.0,4.0,4.0,0.0,5.0,0.0,9.0,0.0,9.0,0.0,1.0,-0.05108826816689668,-0.19520794406615508,0.0851446093319223,0.22280915144578942,-0.16432560636286872,0.4495763570503711,-0.10450469436005612,1.0,-0.4238555253987151,1.0,-0.2584871676279821
SxRtt99,HP_3_L,6.0,0.0,0.0,6.0,8.0,0.0,7.0,0.0,7.0,0.0,6.0,0.0,0.41761879166059235,-0.10820463362163482,-0.1218499579582531,0.38343556438983306,0.1525578198688805,-0.10629075437871102,0.5945821208926246,-0.2282837787988076,0.5718041027382255,-0.173334193313083,0.23209919048912867,-0.5076546316449978
V11GHjjk,HP_3_H,9.0,0.0,0.0,1.0,2.0,0.0,5.0,0.0,7.0,0.0,7.0,0.0,1.0,-0.14995369242417905,-0.24752557485537766,-0.371326931889434,-0.1011020395209122,-0.18298821173125898,0.6467595999976709,-0.20013865983185633,0.7007733475896187,-0.18630807827701915,0.6952660871969986,-0.1187994373740372
VBr4ssd,HP_3_L,5.0,0.0,3.0,2.0,3.0,0.0,6.0,0.0,6.0,0.0,8.0,0.0,0.37264703238876595,-0.1794718785802795,0.1477438227565924,-0.0564058668145554,0.1172850355712817,-0.157855219107324,0.5436220369986551,-0.12938096045240788,0.5156615611761165,-0.4367771623740489,0.826619354220225,-0.46597638960343685
XCv32m,HP_3_L,2.0,0.0,3.0,4.0,2.0,0.0,2.0,0.0,3.0,0.0,3.0,0.0,-0.20655457881710332,-0.14531708087278164,0.5403584287425192,0.3001649020361701,-0.16918618094741159,-0.15485468962789542,-0.05285965703242046,-0.19397864199882206,-0.0031986204187614566,-0.25515153877022984,0.02404666015466242,-0.3111365163924513
XfdEE1,HP_3_H,9.0,0.0,0.0,8.0,8.0,0.0,3.0,0.0,8.0,0.0,8.0,0.0,1.0,-0.13533445943222952,-0.37324510217974266,0.7929418603730497,0.8220521515169014,-0.15780662886357624,0.18734174945997542,-0.28860633331732743,0.8220257700893479,-0.5858627365857274,0.8161165026207722,-0.43566944521676915
rt8Ye0r,HP_3_L,8.0,0.0,2.0,8.0,8.0,0.0,8.0,1.0,8.0,0.0,8.0,0.0,0.8016827444513298,-0.3131820661756559,-0.2899140405407647,0.7886006143865352,0.7838748107740127,-0.3879531662661061,0.8085089001720225,-0.3007075452047776,0.805026811498913,-0.3849953948024685,0.8004470226874927,-0.37710376838080323
6k6gw,HP_3_L,4.0,0.03225806451612903,2.129032258064516,4.161290322580645,3.6774193548387095,0.16129032258064516,3.129032258064516,0.0967741935483871,4.193548387096774,0.2903225806451613,4.516129032258065,0.03225806451612903,0.35174421630784386,-0.043089726046524626,0.807359964261175,0.378060681730386,0.4466281678846264,-0.0989870488883882,0.27165298284337763,-0.08613226959707927,0.3694570864123986,-0.12876923673785162,0.43634739752615,-0.3123578324708342
D7GcxxFf3,HP_3_H,8.1875,0.1875,0.15625,4.90625,5.59375,0.40625,5.46875,0.0625,7.21875,0.46875,7.21875,0.40625,0.8498386561416731,-0.06753129887129618,-0.07698672669004111,-0.020016019488129703,0.22743640493108605,-0.08470902941869955,0.8541814896571961,-0.1252118623151119,0.6318275019916065,-0.2738446694751308,0.6369195448645965,-0.15493848819862518
FWvvb87,HP_3_H,8.1875,0.1875,0.15625,4.90625,5.59375,0.40625,5.46875,0.0625,7.21875,0.46875,7.21875,0.40625,1.0,-0.10300316854404865,-0.06866229815854318,0.9663816233934119,0.9921307069101132,-0.11210567927898583,0.9462806407934873,-0.10754618526076959,0.8665871799204956,-0.2161799286216128,0.8634814795655128,-0.1997171235072045
FcXX1,HP_3_H,8.1875,0.1875,0.15625,4.90625,5.59375,0.40625,5.46875,0.0625,7.21875,0.46875,7.21875,0.40625,0.8580259468877374,-0.03939187625521583,-0.7885290474837123,0.2671562590005541,0.4348652792727389,0.06680703487503858,0.4262771707069888,-0.09523962543564919,0.6584618574371567,-0.254826461113629,0.6375444780622451,-0.23612827382150792
K34LOp,HP_3_H,8.1875,0.1875,0.15625,4.90625,5.59375,0.40625,5.46875,0.0625,7.21875,0.46875,7.21875,0.40625,1.0,-0.03262121890625246,-0.10378360892893143,0.964641792957404,0.9922686720959161,-0.011367580434795254,0.9478127156239619,-0.0737799066301956,0.9660985025716526,-0.08638858099663053,1.0,-0.07191067119786422
KLO33,HP_3_H,8.1875,0.1875,0.15625,4.90625,5.59375,0.40625,5.46875,0.0625,7.21875,0.46875,7.21875,0.40625,1.0,-0.11851011599648936,-0.316055025474557,0.5970387919759612,0.9907699505463666,-0.06330782424633234,0.8421116145524185,-0.2427957631687727,0.9620057712966588,-0.44593227304670546,1.0,-0.3332433167925174
Lso2g,HP_3_H,8.1875,0.1875,0.15625,4.90625,5.59375,0.40625,5.46875,0.0625,7.21875,0.46875,7.21875,0.40625,1.0,-0.08549874401689354,-0.579089175950803,-0.03522958254245312,-0.05070278186766254,-0.030076049499389485,0.9509762222800154,-0.14204090627179305,0.846097892025163,-0.16406805760098164,1.0,-0.20612630138980578
Ou4tR,HP_3_H,8.1875,0.1875,0.15625,4.90625,5.59375,0.40625,5.46875,0.0625,7.21875,0.46875,7.21875,0.40625,0.846716189056625,-0.10494711832567073,-0.18676725890212753,0.2019904218319055,0.3549406382609441,-0.11269718226472869,0.3573740624687685,-0.25354659091113857,0.6760788150754584,-0.14144707942297105,0.6610460797802351,-0.24176532431492745
P67Dftt,HP_3_L,4.0,0.03225806451612903,2.129032258064516,4.161290322580645,3.6774193548387095,0.16129032258064516,3.129032258064516,0.0967741935483871,4.193548387096774,0.2903225806451613,4.516129032258065,0.03225806451612903,0.06684920362550512,-0.04685000902106243,0.0875294190462687,0.11465607354702155,0.16013247011077242,-0.14345955606962732,0.19212013696102848,-0.09262829979704476,0.03864931575962178,-0.3779247019987565,0.0606997636810321,-0.25397646093397497
SxRtt99,HP_3_H,8.1875,0.1875,0.15625,4.90625,5.59375,0.40625,5.46875,0.0625,7.21875,0.46875,7.21875,0.40625,0.8422717560747438,-0.08511703708785076,-0.059768417316032066,0.15864644724029303,-0.1941099618885562,-0.05635401893800531,0.2841840572010404,-0.219754030334927,0.6186380290012321,-0.11222303741135993,0.4823693385572329,-0.4396007767443555
V11GHjjk,HP_3_L,4.0,0.03225806451612903,2.129032258064516,4.161290322580645,3.6774193548387095,0.16129032258064516,3.129032258064516,0.0967741935483871,4.193548387096774,0.2903225806451613,4.516129032258065,0.03225806451612903,0.24486683297563167,-0.14253463634402305,0.04758800199213102,0.17056838797010035,0.16275651372833863,-0.15118745335138645,0.31630890322129834,-0.18354688112450349,0.2808907869492451,-0.12890607448942143,0.3168062277481097,-0.11364367959811997
VBr4ssd,HP_3_H,8.1875,0.1875,0.15625,4.90625,5.59375,0.40625,5.46875,0.0625,7.21875,0.46875,7.21875,0.40625,0.872568928453968,-0.15489954777652368,-0.256190094582731,0.38219121181827337,0.5751934233686793,-0.1055909210226184,0.46280510605050024,-0.11929720187693996,0.7124240519483191,-0.3619450185004005,0.6911657247047758,-0.3998038442393928
XCv32m,HP_3_H,8.1875,0.1875,0.15625,4.90625,5.59375,0.40625,5.46875,0.0625,7.21875,0.46875,7.21875,0.40625,1.0,-0.1214563083545987,-0.11319443038921116,0.5115734212127437,1.0,-0.1027258321099696,0.6775617300338211,-0.185687123651608,1.0,-0.1897790627926137,1.0,-0.2519532708608476
XfdEE1,HP_3_L,4.0,0.03225806451612903,2.129032258064516,4.161290322580645,3.6774193548387095,0.16129032258064516,3.129032258064516,0.0967741935483871,4.193548387096774,0.2903225806451613,4.516129032258065,0.03225806451612903,0.06833321887233,-0.13075649790226085,-0.0077847120835208405,-0.19028432112184854,-0.16244376906077923,-0.13705740612408562,0.20831357528036312,-0.2747503512386465,0.14457547559073636,-0.5347058741152201,0.17549012465443012,-0.4305236765959205
rt8Ye0r,HP_3_H,8.1875,0.1875,0.15625,4.90625,5.59375,0.40625,5.46875,0.0625,7.21875,0.46875,7.21875,0.40625,0.8388672298667055,-0.28240436149966397,-0.6862938759152705,0.13458376514487835,0.2638235741989807,-0.3174711695416554,0.3237970537324544,-0.503943099143024,0.6527040079824389,-0.3038433208882614,0.6445462591620964,-0.3071727176427156
6k6gw,HP_7_L,0.0,0.0,0.0,0.0,0.0,0.0,0.0,0.0,0.0,0.0,0.0,0.0,-0.29651156738431234,-0.05442765785137815,-0.11972020773191996,-0.2961424447971787,-0.1658416268838452,-0.11904155707978215,-0.19622556460160495,-0.09793805513617797,-0.32520883533665373,-0.16639487796244667,-0.29431338345847063,-0.3170785440984271
D7GcxxFf3,HP_7_L,8.0,0.0,0.0,7.0,7.0,0.0,3.0,0.0,7.0,0.0,5.0,0.0,0.815186038328213,-0.09691289425307498,-0.09844064554840846,0.39819370467935633,0.5360098028187892,-0.14273873058101683,0.17655429453475463,-0.13534890611975253,0.5823781837494366,-0.34383613483090725,0.18466143408190083,-0.20953558036801473
FWvvb87,HP_7_L,2.0,0.0,1.0,2.0,2.0,0.0,0.0,0.0,2.0,0.0,2.0,0.0,-0.010492358868753464,-0.13858391591643732,0.03329488223114116,-0.07578805141081899,-0.057632991280786715,-0.17160104483712088,-0.20403897090715378,-0.11529126347937636,-0.02461045821059354,-0.2918757748013812,-0.0484622369368621,-0.25643102389118144
FcXX1,HP_7_L,9.0,0.0,5.0,6.0,6.0,0.0,9.0,0.0,9.0,0.0,9.0,0.0,1.0,-0.06433728128534101,0.19105399972468132,0.4629542050691084,0.5022666679833296,-0.13300604706936495,1.0,-0.10386355949419762,1.0,-0.32377296996602617,1.0,-0.2945634285839792
K34LOp,HP_7_L,3.0,0.0,1.0,2.0,1.0,0.0,1.0,0.0,2.0,0.0,2.0,0.0,0.19782180806301872,-0.10146263350000263,0.08848837456191469,-0.13146262536307216,-0.3260773621084802,-0.12569608952742428,0.03464533879936416,-0.08128885702621096,0.05899931999990538,-0.19877360661697163,0.01698054299208266,-0.13795256089251937
KLO33,HP_7_L,6.0,0.0,3.0,5.0,3.0,1.0,4.0,0.0,4.0,3.0,5.0,2.0,0.5732886952191707,-0.1620884322041448,0.1071287459677917,0.6353677229833843,0.1021007891505441,0.1800999909425871,0.4055966665502813,-0.2539921213955184,0.33499604125864685,0.1144529619618263,0.4527701491342765,-0.053426818206433496
Lso2g,HP_7_L,0.0,0.0,6.0,2.0,7.0,0.0,0.0,0.0,1.0,4.0,3.0,0.0,-0.2923845451100142,-0.1085944619746998,0.5973637160922255,-0.6067177916096624,0.23113380975503894,-0.07877055365754244,-0.09879454535256448,-0.15649712027523346,-0.3789628874545397,0.3177623105635272,-0.036024588046903186,-0.2631431810918693
Ou4tR,HP_7_H,8.0,0.0,0.0,8.0,8.0,0.0,9.0,0.0,9.0,0.0,8.0,0.0,0.8113430019158462,-0.12845663148153608,-0.21849900379255874,0.805066362584893,0.810624774535323,-0.1652974126990613,1.0,-0.2694142692771023,1.0,-0.20416395191873868,0.8097100798766232,-0.3081972140930923
P67Dftt,HP_7_H,9.0,0.0,0.0,4.0,4.0,0.0,2.0,0.0,9.0,0.0,9.0,0.0,1.0,-0.05108826816689668,-0.19520794406615508,0.0851446093319223,0.22280915144578942,-0.16432560636286872,0.036758624838149345,-0.10450469436005612,1.0,-0.4238555253987151,1.0,-0.2584871676279821
SxRtt99,HP_7_H,9.0,0.0,0.0,9.0,9.0,0.0,9.0,0.0,9.0,0.0,9.0,0.0,1.0,-0.10820463362163482,-0.1218499579582531,1.0,0.2966275473524906,-0.10629075437871102,1.0,-0.2282837787988076,1.0,-0.173334193313083,0.848148785733693,-0.5076546316449978
V11GHjjk,HP_7_H,9.0,0.0,0.0,7.0,5.0,0.0,7.0,0.0,8.0,0.0,8.0,0.0,1.0,-0.14995369242417905,-0.24752557485537766,0.6571682670276414,0.37079883455947876,-0.18298821173125898,1.0,-0.20013865983185633,0.8503866737948094,-0.18630807827701915,0.8476330435984992,-0.1187994373740372
VBr4ssd,HP_7_L,0.0,0.0,5.0,2.0,0.0,0.0,0.0,0.0,1.0,0.0,2.0,0.0,-0.41154417712527663,-0.1794718785802795,0.4318292151710616,-0.0564058668145554,-0.4123439430859493,-0.157855219107324,-0.36913388900403465,-0.12938096045240788,-0.2915691701970228,-0.4367771623740489,-0.21366452045842513,-0.46597638960343685
XCv32m,HP_7_H,6.0,0.0,0.0,3.0,3.0,0.0,4.0,0.0,5.0,0.0,4.0,0.0,0.5734403004181958,-0.14531708087278164,-0.14910392814370185,0.06688653604822675,0.15615258244665076,-0.15485468962789542,0.3682842057805477,-0.19397864199882206,0.4723918366686513,-0.25515153877022984,0.2553837481180017,-0.3111365163924513
XfdEE1,HP_7_H,7.0,1.0,4.0,4.0,5.0,1.0,5.0,0.0,7.0,3.0,6.0,1.0,0.627333287548932,0.006582347996799185,0.3133774489101287,-0.23159634555440725,0.13878259469806337,-0.029161447878734433,0.5124050496759853,-0.28860633331732743,0.6440515401786957,-0.057241824390484954,0.44834950786231653,-0.2761506179704614
rt8Ye0r,HP_7_L,7.0,1.0,6.0,7.0,5.0,1.0,5.0,1.0,7.0,1.0,7.0,1.0,0.6033654889026597,-0.14903430790369893,0.5700286531530784,0.5772012287730703,0.13549924309605074,-0.21445902048284285,0.23403560068808993,-0.3007075452047776,0.6100536229978261,-0.21187097045215997,0.6008940453749855,-0.20496579733320283
6k6gw,HP_7_H,7.724137931034483,0.13793103448275862,0.41379310344827586,4.758620689655173,5.620689655172414,0.1724137931034483,5.724137931034483,0.20689655172413793,7.413793103448276,0.27586206896551724,6.9655172413793105,0.20689655172413793,0.9552927045729548,-0.005948225306487203,0.06046465328241197,0.4748388370218328,0.7702775119440699,-0.09760397935794723,0.6596944514495434,-0.07269809984569112,0.9028941801692969,-0.13064331082183525,0.8326318900700254,-0.2868008764180035
D7GcxxFf3,HP_7_H,7.724137931034483,0.13793103448275862,0.41379310344827586,4.758620689655173,5.620689655172414,0.1724137931034483,5.724137931034483,0.20689655172413793,7.413793103448276,0.27586206896551724,6.9655172413793105,0.20689655172413793,0.7642028764877202,-0.07529884707567448,-0.041624750089008025,-0.04950378696674294,0.23334777270671253,-0.11811074069780524,0.9242808546698625,-0.10179179559404557,0.6759177808183688,-0.30264575521923187,0.5853019363002772,-0.18173016472737072
FWvvb87,HP_7_H,7.724137931034483,0.13793103448275862,0.41379310344827586,4.758620689655173,5.620689655172414,0.1724137931034483,5.724137931034483,0.20689655172413793,7.413793103448276,0.27586206896551724,6.9655172413793105,0.20689655172413793,0.9243274618053702,-0.11240957302180656,-0.03754126863985281,0.9134423406910835,1.0,-0.14635102231907948,1.0,-0.08965238385916083,0.8998943805196546,-0.24732833429098877,0.8192306488039893,-0.22754755207759106
FcXX1,HP_7_H,7.724137931034483,0.13793103448275862,0.41379310344827586,4.758620689655173,5.620689655172414,0.1724137931034483,5.724137931034483,0.20689655172413793,7.413793103448276,0.27586206896551724,6.9655172413793105,0.20689655172413793,0.7770593118237148,-0.045986638504559266,-0.7364444316254686,0.24072835889080843,0.43933486738352073,-0.04820473908235017,0.46777009427807326,-0.07531536399003734,0.6958595608877766,-0.2831975532620867,0.5860157136004348,-0.2648033497659567
K34LOp,HP_7_H,7.724137931034483,0.13793103448275862,0.41379310344827586,4.758620689655173,5.620689655172414,0.1724137931034483,5.724137931034483,0.20689655172413793,7.413793103448276,0.27586206896551724,6.9655172413793105,0.20689655172413793,0.9283471909985663,-0.05082067333908297,-0.045095225717804714,0.9089627772696379,1.0,-0.07717470635813875,1.0,-0.05643164192216013,1.0,-0.13263437314844906,0.9523003154249721,-0.10431849505333161
KLO33,HP_7_H,7.724137931034483,0.13793103448275862,0.41379310344827586,4.758620689655173,5.620689655172414,0.1724137931034483,5.724137931034483,0.20689655172413793,7.413793103448276,0.27586206896551724,6.9655172413793105,0.20689655172413793,0.9096128763272135,-0.1300308202812718,-0.2777295531840222,0.5366817396999043,1.0,-0.15916897832254925,0.9180133333172803,-0.2169283148518085,1.0,-0.4886351070469299,0.9375429747676323,-0.36824402824513774
Lso2g,HP_7_H,7.724137931034483,0.13793103448275862,0.41379310344827586,4.758620689655173,5.620689655172414,0.1724137931034483,5.724137931034483,0.20689655172413793,7.413793103448276,0.27586206896551724,6.9655172413793105,0.20689655172413793,0.9268589952096202,-0.09160450853447451,-0.5272410768915583,-0.06425957314023123,-0.045303613445771725,-0.058104451097053124,1.0,-0.10864206702246519,0.8845203493264671,-0.1903871408788111,0.9378120617647452,-0.23410540681389533
Ou4tR,HP_7_L,4.588235294117647,0.029411764705882353,2.823529411764706,4.617647058823529,4.205882352941177,0.058823529411764705,3.7058823529411766,0.058823529411764705,4.823529411764706,0.29411764705882354,5.4411764705882355,0.11764705882352941,0.16768971433461535,-0.12476886471198856,0.35491229210982195,0.14573200073967785,0.09211288968404871,-0.15768108974024392,0.03656288386780495,-0.25447998375619524,0.24050677796846387,-0.16481218878413936,0.32279175485504163,-0.2889590197681939
P67Dftt,HP_7_L,4.588235294117647,0.029411764705882353,2.823529411764706,4.617647058823529,4.205882352941177,0.058823529411764705,3.7058823529411766,0.058823529411764705,4.823529411764706,0.29411764705882354,5.4411764705882355,0.11764705882352941,0.1766316502577986,-0.04722397306334192,0.17975925407224655,0.19815615759092006,0.26281162159196203,-0.15671563507945127,0.27149811962549114,-0.09728570942959823,0.16465343228856197,-0.3773242990784957,0.25448260972652376,-0.24203635497925027
SxRtt99,HP_7_L,4.588235294117647,0.029411764705882353,2.823529411764706,4.617647058823529,4.205882352941177,0.058823529411764705,3.7058823529411766,0.058823529411764705,4.823529411764706,0.29411764705882354,5.4411764705882355,0.11764705882352941,0.14355704655969453,-0.10458304985162947,1.0,0.09933234405965802,-0.39405967558364,-0.09906009585335997,-0.07316497410775827,-0.22025578024456705,0.10582621454158848,-0.13498993862964892,0.1173448541200432,-0.4879467279633638
V11GHjjk,HP_7_L,4.588235294117647,0.029411764705882353,2.823529411764706,4.617647058823529,4.205882352941177,0.058823529411764705,3.7058823529411766,0.058823529411764705,4.823529411764706,0.29411764705882354,5.4411764705882355,0.11764705882352941,0.33370602909614555,-0.14318925893933093,0.14385499764827026,0.24879517333997908,0.24588389730290472,-0.17139028808683487,0.4181922823491049,-0.19005346100973988,0.37514434349596854,-0.12815572149873386,0.4577528904534827,-0.0999960854853979
VBr4ssd,HP_7_H,7.724137931034483,0.13793103448275862,0.41379310344827586,4.758620689655173,5.620689655172414,0.1724137931034483,5.724137931034483,0.20689655172413793,7.413793103448276,0.27586206896551724,6.9655172413793105,0.20689655172413793,0.7998960361929687,-0.16139568120740166,-0.21960797777935917,0.35991171616655016,0.5799494307201272,-0.13567408464166647,0.501656247297382,-0.09600024240947959,0.7439130093574868,-0.39273801563461447,0.6472600654825267,-0.4322757829458866
XCv32m,HP_7_L,4.588235294117647,0.029411764705882353,2.823529411764706,4.617647058823529,4.205882352941177,0.058823529411764705,3.7058823529411766,0.058823529411764705,4.823529411764706,0.29411764705882354,5.4411764705882355,0.11764705882352941,0.2981479900998549,-0.14157421459541963,0.499801819513918,0.44424859867578204,0.5484728559512554,-0.14730661976104645,0.30635128477864065,-0.18617486002497355,0.4304279728079972,-0.21413351462741187,0.5887813160651671,-0.2939974769624846
XfdEE1,HP_7_L,4.588235294117647,0.029411764705882353,2.823529411764706,4.617647058823529,4.205882352941177,0.058823529411764705,3.7058823529411766,0.058823529411764705,4.823529411764706,0.29411764705882354,5.4411764705882355,0.11764705882352941,0.17794107547558524,-0.1311604356843169,0.11142963976604892,-0.07339559316855003,-0.0420828762245702,-0.1502392652762326,0.302069973065626,-0.28018406970087434,0.256695863314335,-0.5340371569587429,0.3455910828562775,-0.41690252436426234
rt8Ye0r,HP_7_H,7.724137931034483,0.13793103448275862,0.41379310344827586,4.758620689655173,5.620689655172414,0.1724137931034483,5.724137931034483,0.20689655172413793,7.413793103448276,0.27586206896551724,6.9655172413793105,0.20689655172413793,0.7469745360241106,-0.29054099606917905,-0.630925798384875,0.10337501963944232,0.2696459122708015,-0.358040382510371,0.3727015695290392,-0.4726401517548344,0.6907321837568965,-0.3372369329127282,0.5940129082262784,-0.34148901575026525
6k6gw,HN_2_H,1.0,0.0,0.0,0.0,0.0,5.0,2.0,9.0,0.0,7.0,0.0,0.0,-0.1344476214612733,-0.05442765785137815,-0.11972020773191996,-0.2961424447971787,-0.1658416268838452,0.5026481968534301,0.10283082654879627,1.0,-0.32520883533665373,0.7408011382305674,-0.29431338345847063,-0.3170785440984271
D7GcxxFf3,HN_2_H,0.0,0.0,0.0,3.0,2.0,2.0,5.0,6.0,3.0,6.0,0.0,2.0,-0.6633256550460824,-0.09691289425307498,-0.09844064554840846,-0.40077412656599015,-0.5611400563374888,0.1429459520642374,0.7255180981782515,0.8378072991257497,-0.32183792125024147,0.5520546217230309,-0.8345117733157231,0.059250104158210776
FWvvb87,HN_2_L,0.0,0.0,0.0,3.0,3.0,1.0,0.0,0.0,0.0,0.0,1.0,0.0,-0.3371161516344111,-0.13858391591643732,-0.0875432574899662,0.28280796572612066,0.23447516821581152,-0.02515091423248076,-0.20403897090715378,-0.11529126347937636,-0.36614727761412474,-0.2918757748013812,-0.2232059430930058,-0.25643102389118144
FcXX1,HN_2_L,0.0,0.0,7.0,0.0,0.0,0.0,0.0,3.0,0.0,9.0,0.0,0.0,-0.572635665243525,-0.06433728128534101,0.5955269998623407,-0.6111373847926749,-0.493199996050011,-0.13300604706936495,-0.46223163572024095,0.3100852753161265,-0.7256664045280502,1.0,-0.8313542161065511,-0.2945634285839792
K34LOp,HN_2_H,0.0,0.0,0.0,0.0,0.0,2.0,1.0,9.0,0.0,4.0,0.0,0.0,-0.2660884716113801,-0.10146263350000263,-0.13938953179760663,-0.8857710422717869,-0.6130642539080767,0.4371519552362878,0.03464533879936416,1.0,-0.2886315044587283,0.7602452786766056,-0.3597454764600533,-0.13795256089251937
KLO33,HN_2_H,6.0,0.0,1.0,4.0,2.0,0.0,4.0,6.0,2.0,3.0,3.0,1.0,0.5732886952191707,-0.1620884322041448,-0.19049500537627773,0.22652579223753824,-0.24051864656832722,-0.22985001358611934,0.4055966665502813,0.8208582683720688,-0.0546022375999237,0.1144529619618263,-0.0405074629136995,-0.2289979545741724
Lso2g,HN_2_H,4.0,0.0,2.0,2.0,7.0,0.0,0.0,4.0,0.0,0.0,4.0,0.0,0.33900943112693926,-0.1085944619746998,-0.20790885172332338,-0.6067177916096624,0.23113380975503894,-0.07877055365754244,-0.09879454535256448,0.7687005759449534,-0.575957585662331,-0.22802784098565096,0.2095516106012516,-0.2631431810918693
Ou4tR,HN_2_H,1.0,1.0,1.0,1.0,0.0,3.0,2.0,4.0,1.0,3.0,2.0,1.0,-0.5092559846732307,-0.003072561316920945,-0.015415836493798938,-0.5594690993208564,-0.7043770291820927,0.2231350582006258,-0.27387796466368014,0.7461171461445796,-0.45480391825759026,0.1972240320541742,-0.3320294408636371,-0.14467256233145576
P67Dftt,HN_2_H,0.0,0.0,0.0,0.0,0.0,2.0,0.0,9.0,0.0,9.0,0.0,0.0,-0.6796714334740909,-0.05108826816689668,-0.19520794406615508,-0.6467397032025398,-0.5543816971084211,0.09441341727332432,-0.23845319663666512,1.0,-0.8001130261950705,1.0,-0.885358028294907,-0.2584871676279821
SxRtt99,HN_2_H,0.0,0.0,1.0,0.0,9.0,8.0,0.0,9.0,0.0,5.0,0.0,0.0,-0.7471436250182231,-0.10820463362163482,0.27547190215196155,-0.8496933068305008,0.2966275473524906,0.8770788050690321,-0.8243804559831891,1.0,-0.9268815376779853,0.47851813630529644,-1.0,-0.5076546316449978
V11GHjjk,HN_2_H,2.0,0.0,0.0,0.0,0.0,0.0,0.0,4.0,0.0,0.0,0.0,0.0,-0.05718643383411568,-0.14995369242417905,-0.24752557485537766,-0.5427427983756132,-0.4157026222411728,-0.18298821173125898,-0.23634140000815212,0.4856548600720616,-0.3465199358467156,-0.18630807827701915,-0.37130260761350653,-0.1187994373740372
VBr4ssd,HN_2_H,0.0,3.0,0.0,0.0,1.0,9.0,0.0,0.0,0.0,9.0,0.0,6.0,-0.41154417712527663,0.21368541427981366,-0.2783842658651114,-0.3582361144758569,-0.2358009502002056,1.0,-0.36913388900403465,-0.12938096045240788,-0.45301531647165066,1.0,-0.5604258120179751,0.511341203465521
XCv32m,HN_2_H,0.0,0.0,0.0,0.0,0.0,5.0,0.0,8.0,0.0,5.0,0.0,0.0,-0.5965520184347529,-0.14531708087278164,-0.14910392814370185,-0.6329485619156032,-0.8198637077355363,0.4867312490542687,-0.47400351984538863,0.8673357064445754,-0.7165843060498807,0.44215487165767564,-0.6699646037353554,-0.3111365163924513
XfdEE1,HN_2_H,0.0,0.0,1.0,1.0,1.0,2.0,0.0,9.0,0.0,8.0,0.0,0.0,-0.677000206029806,-0.13533445943222952,-0.20158946440727485,-1.0,-0.7722434810603873,0.09948373310610738,-0.3002532008640394,1.0,-0.6017680691958696,0.8237930292682525,-0.6549514764130505,-0.43566944521676915
rt8Ye0r,HN_2_H,0.0,2.0,5.0,0.0,2.0,7.0,0.0,7.0,0.0,7.0,0.0,7.0,-0.7848552999380314,0.01511345036825806,0.35504297972961757,-0.9025944705211835,-0.5128763245819112,0.8265058542167367,-0.7234198984517978,1.0,-0.7547586965097831,0.8268755756496915,-0.7959767958125654,0.8278620289523996
6k6gw,HN_2_L,0.5714285714285714,0.14285714285714285,2.5714285714285716,2.5714285714285716,0.8571428571428571,2.0,0.2857142857142857,1.1428571428571428,0.2857142857142857,2.857142857142857,0.5714285714285714,0.42857142857142855,-0.2039035982854329,-0.0042168170013125285,1.0,0.12047476960191446,-0.02308550930623153,0.12963434449350275,-0.15350322300869051,0.04148265027793987,-0.2778799483603447,0.20388921027959991,-0.2018624274971513,-0.2543605181889782
D7GcxxFf3,HN_2_L,0.5714285714285714,0.14285714285714285,2.5714285714285716,2.5714285714285716,0.8571428571428571,2.0,0.2857142857142857,1.1428571428571428,0.2857142857142857,2.857142857142857,0.5714285714285714,0.42857142857142855,-0.5577176769479185,-0.07452691681933875,0.2546295619492943,-0.4863778227708487,-0.8119171670017808,0.1429459520642374,-0.5684680104099912,0.050014180593676426,-0.9354131353571659,0.08277851114715858,-0.7180348353274233,-0.15193864796953782
FWvvb87,HN_2_H,1.7142857142857142,1.0178571428571428,0.42857142857142855,1.0535714285714286,1.6428571428571428,2.3035714285714284,1.8392857142857142,6.035714285714286,1.0,4.0,1.25,1.0,-0.05715290069241886,0.054568712676529726,-0.035755483323777336,-0.4151735676297083,-0.16195733395814324,0.16575729173428222,0.18284403319134748,0.6326620044889356,-0.19537886791235914,0.35406211259930936,-0.17952001655396987,-0.11682757679216127
FcXX1,HN_2_H,1.7142857142857142,1.0178571428571428,0.42857142857142855,1.0535714285714286,1.6428571428571428,2.3035714285714284,1.8392857142857142,6.035714285714286,1.0,4.0,1.25,1.0,-0.2730860147209489,0.07108063173533853,-0.733455714875683,-0.42253201633480214,-0.2206317428027868,1.0,-0.1634025514361441,0.7289620724456211,-0.5339256929138224,0.26457057224109654,-0.5769994638695302,-0.15072304763020372
K34LOp,HN_2_L,0.5714285714285714,0.14285714285714285,2.5714285714285716,2.5714285714285716,0.8571428571428571,2.0,0.2857142857142857,1.1428571428571428,0.2857142857142857,2.857142857142857,0.5714285714285714,0.42857142857142855,-0.1777246088162565,-0.04901203190476441,0.4465822274125911,0.084054065182275,-0.36707548950842256,0.4371519552362878,-0.11131548067309902,0.05601766450092694,-0.23896995810749494,0.4862398828784408,-0.2521094709023002,-0.06828199593991614
KLO33,HN_2_L,0.5714285714285714,0.14285714285714285,2.5714285714285716,2.5714285714285716,0.8571428571428571,2.0,0.2857142857142857,1.1428571428571428,0.2857142857142857,2.857142857142857,0.5714285714285714,0.42857142857142855,-0.48565201215529535,-0.12888590556974067,0.043352227822634,-0.3575341088279561,-0.6320837159613231,0.5900499954712936,-0.6982952384277678,-0.04925871382073989,-0.38854361947869853,0.08282628203189155,-0.6394874204005274,-0.3293243182128804
Lso2g,HN_2_L,0.5714285714285714,0.14285714285714285,2.5714285714285716,2.5714285714285716,0.8571428571428571,2.0,0.2857142857142857,1.1428571428571428,0.2857142857142857,2.857142857142857,0.5714285714285714,0.42857142857142855,-0.20218540564759227,-0.09099772448303788,-0.09286991346395922,-0.4943514463552802,-1.0,0.16095623604413364,-0.043949378717066424,0.10784507864481989,-0.5196733861743907,0.16182226726376206,-0.6324239276209934,-0.2029935058017803
Ou4tR,HN_2_L,0.5714285714285714,0.14285714285714285,2.5714285714285716,2.5714285714285716,0.8571428571428571,2.0,0.2857142857142857,1.1428571428571428,0.2857142857142857,2.857142857142857,0.5714285714285714,0.42857142857142855,-0.5901089838521538,-0.11054462145801963,0.3037148549756808,-0.2531448119542596,-0.5420554073552267,0.09365756790073008,-0.5858480784588671,0.020737563700521034,-0.584697125244875,0.17811031853165454,-0.6038721838970323,-0.23811522048096234
P67Dftt,HN_2_L,0.5714285714285714,0.14285714285714285,2.5714285714285716,2.5714285714285716,0.8571428571428571,2.0,0.2857142857142857,1.1428571428571428,0.2857142857142857,2.857142857142857,0.5714285714285714,0.42857142857142855,-0.5730256281741486,-0.032318834806773535,0.1462800399527464,-0.17624264514467128,-0.38784080098966167,0.09441341727332432,-0.19913722214026303,0.03574987000312561,-0.7429665809190366,0.028162101711988134,-0.7656527566571352,-0.19855920726474482
SxRtt99,HN_2_L,0.5714285714285714,0.14285714285714285,2.5714285714285716,2.5714285714285716,0.8571428571428571,2.0,0.2857142857142857,1.1428571428571428,0.2857142857142857,2.857142857142857,0.5714285714285714,0.42857142857142855,-0.6362138710488121,-0.09061408388160887,0.8998348251822988,-0.32120950487892913,-0.8765116621569057,0.13955163548322477,-0.7664636161107069,-0.07231123545927648,-0.8657106952120175,0.19915285218313383,-0.8826572199534164,-0.43586155394761694
V11GHjjk,HN_2_L,0.5714285714285714,0.14285714285714285,2.5714285714285716,2.5714285714285716,0.8571428571428571,2.0,0.2857142857142857,1.1428571428571428,0.2857142857142857,2.857142857142857,0.5714285714285714,0.42857142857142855,-0.2729387672696495,-0.11709787264063107,0.10891030367473027,-0.10195914169686658,-0.2808738010753469,0.21134119217916064,-0.18587848572210514,-0.004197654145022647,-0.30377327121666114,0.37860053042632336,-0.28423577538407757,-0.050301512636851245
VBr4ssd,HN_2_L,0.5714285714285714,0.14285714285714285,2.5714285714285716,2.5714285714285716,0.8571428571428571,2.0,0.2857142857142857,1.1428571428571428,0.2857142857142857,2.857142857142857,0.5714285714285714,0.42857142857142855,-0.321922324609386,-0.1607501027297989,0.08686838152492046,0.029831346802959346,-0.26102137775531187,0.09944594069430356,-0.3256693210991447,0.05500776778471992,-0.4068878461074713,0.019342571712950753,-0.4613511572866752,-0.3961679900985113
XCv32m,HN_2_L,0.5714285714285714,0.14285714285714285,2.5714285714285716,2.5714285714285716,0.8571428571428571,2.0,0.2857142857142857,1.1428571428571428,0.2857142857142857,2.857142857142857,0.5714285714285714,0.42857142857142855,-0.4851241785439959,-0.12713744466845178,0.44186380633020195,-0.033089906518034624,-0.5410019105406257,0.1017796858449702,-0.4138401108721075,-0.04236230650690815,-0.6486428121802502,0.14330926718857329,-0.5377719820420186,-0.24870144418328696
XfdEE1,HN_2_L,0.5714285714285714,0.14285714285714285,2.5714285714285716,2.5714285714285716,0.8571428571428571,2.0,0.2857142857142857,1.1428571428571428,0.2857142857142857,2.857142857142857,0.5714285714285714,0.42857142857142855,-0.570524002472358,-0.11506062979951114,0.06815510923517466,-0.5975028476713561,-0.8047801266231891,0.09948373310610738,-0.25381558654746655,-0.12497378305480968,-0.5509182892213975,-0.08241424878073458,-0.549875192196349,-0.36730423353978015
rt8Ye0r,HN_2_L,0.5714285714285714,0.14285714285714285,2.5714285714285716,2.5714285714285716,0.8571428571428571,2.0,0.2857142857142857,1.1428571428571428,0.2857142857142857,2.857142857142857,0.5714285714285714,0.42857142857142855,-0.6715311539102199,-0.2897323864225192,-0.1670650842987871,-0.3589960503722739,-0.7598765408401824,-0.04096487469957957,-0.6687081556438043,-0.2697383179379972,-0.6990520712237582,0.10964581762698451,-0.6819465230625613,-0.30333035221754595
6k6gw,HN_3_H,0.0,0.0,0.0,0.0,0.0,0.0,0.0,8.0,0.0,0.0,0.0,0.0,-0.29651156738431234,-0.05442765785137815,-0.11972020773191996,-0.2961424447971787,-0.1658416268838452,-0.11904155707978215,-0.19622556460160495,0.878006882762647,-0.32520883533665373,-0.16639487796244667,-0.29431338345847063,-0.3170785440984271
D7GcxxFf3,HN_3_H,0.0,1.0,0.0,3.0,3.0,4.0,2.0,5.0,2.0,4.0,2.0,4.0,-0.6633256550460824,0.059788947783078604,-0.09844064554840846,-0.40077412656599015,-0.3417100845062332,0.4286306347094916,-0.09792760728699383,0.6756145982514993,-0.547891947500161,0.2534243695383849,-0.42684249035667354,0.3280357886844362
FWvvb87,HN_3_L,0.0,0.0,0.0,1.0,1.0,0.0,0.0,0.0,0.0,1.0,1.0,0.0,-0.3371161516344111,-0.13858391591643732,-0.0875432574899662,-0.43438406854775863,-0.34974115077738493,-0.17160104483712088,-0.20403897090715378,-0.11529126347937636,-0.36614727761412474,-0.13039130295120857,-0.2232059430930058,-0.25643102389118144
FcXX1,HN_3_H,2.0,0.0,2.0,0.0,0.0,0.0,0.0,3.0,0.0,3.0,0.0,0.0,-0.22316107296718618,-0.06433728128534101,-0.41565550048180766,-0.6111373847926749,-0.493199996050011,-0.13300604706936495,-0.46223163572024095,0.3100852753161265,-0.7256664045280502,0.11748468668931585,-0.8313542161065511,-0.2945634285839792
K34LOp,HN_3_H,0.0,0.0,0.0,0.0,0.0,0.0,0.0,5.0,0.0,1.0,0.0,0.0,-0.2660884716113801,-0.10146263350000263,-0.13938953179760663,-0.8857710422717869,-0.6130642539080767,-0.12569608952742428,-0.1696998084620843,0.5194271746550173,-0.2886315044587283,0.040981114706422704,-0.3597454764600533,-0.13795256089251937
KLO33,HN_3_H,4.0,0.0,1.0,1.0,2.0,0.0,6.0,5.0,1.0,1.0,3.0,0.0,0.18315264513384116,-0.1620884322041448,-0.19049500537627773,-1.0,-0.24051864656832722,-0.22985001358611934,1.0,0.6417165367441376,-0.24940137702920898,-0.32832055705726054,-0.0405074629136995,-0.40456909094191135
Lso2g,HN_3_H,3.0,0.0,0.0,0.0,2.0,0.0,0.0,1.0,2.0,0.0,4.0,0.0,0.18116093706770095,-0.1085944619746998,-0.6105451356310978,-1.0,-0.7709518493478996,-0.07877055365754244,-0.09879454535256448,0.07480230377981324,-0.1819681892467483,-0.22802784098565096,0.2095516106012516,-0.2631431810918693
Ou4tR,HN_3_H,1.0,1.0,1.0,1.0,1.0,2.0,3.0,3.0,2.0,2.0,3.0,1.0,-0.5092559846732307,-0.003072561316920945,-0.015415836493798938,-0.5594690993208564,-0.5150018037174157,0.09365756790073008,-0.09189539828315442,0.49223429228915905,-0.27295342847539145,0.06342803739653657,-0.1417395207402604,-0.14467256233145576
P67Dftt,HN_3_H,0.0,1.0,0.0,0.0,0.0,4.0,0.0,9.0,0.0,7.0,0.0,0.0,-0.6796714334740909,0.08029776535396539,-0.19520794406615508,-0.6467397032025398,-0.5543816971084211,0.35315244090951736,-0.23845319663666512,1.0,-0.8001130261950705,0.6835876610225078,-0.885358028294907,-0.2584871676279821
SxRtt99,HN_3_H,0.0,1.0,0.0,0.0,8.0,0.0,0.0,9.0,0.0,2.0,0.0,3.0,-0.7471436250182231,0.014929214558546818,-0.1218499579582531,-0.8496933068305008,0.1525578198688805,-0.10629075437871102,-0.8243804559831891,1.0,-0.9268815376779853,0.08740673853426878,-1.0,-0.005103087763331828
V11GHjjk,HN_3_H,0.0,0.0,0.0,0.0,0.0,0.0,3.0,5.0,0.0,0.0,0.0,0.0,-0.359239700643863,-0.14995369242417905,-0.24752557485537766,-0.5427427983756132,-0.4157026222411728,-0.18298821173125898,0.29351919999534165,0.6571032400480411,-0.3465199358467156,-0.18630807827701915,-0.37130260761350653,-0.1187994373740372
VBr4ssd,HN_3_H,1.0,3.0,0.0,0.0,2.0,7.0,0.0,0.0,0.0,9.0,0.0,8.0,-0.25470593522246815,0.21368541427981366,-0.2783842658651114,-0.3582361144758569,-0.059257957314461956,0.7426988401983724,-0.36913388900403465,-0.12938096045240788,-0.45301531647165066,1.0,-0.5604258120179751,0.837113734488507
XCv32m,HN_3_H,0.0,2.0,0.0,0.0,0.0,7.0,0.0,8.0,0.0,7.0,0.0,0.0,-0.5965520184347529,0.10919782598783649,-0.14910392814370185,-0.6329485619156032,-0.8198637077355363,0.7433656245271344,-0.47400351984538863,0.8673357064445754,-0.7165843060498807,0.7210774358288379,-0.6699646037353554,-0.3111365163924513
XfdEE1,HN_3_H,2.0,0.0,0.0,1.0,0.0,2.0,0.0,9.0,0.0,8.0,0.0,0.0,-0.304333493578738,-0.13533445943222952,-0.37324510217974266,-1.0,-1.0,0.09948373310610738,-0.3002532008640394,1.0,-0.6017680691958696,0.8237930292682525,-0.6549514764130505,-0.43566944521676915
rt8Ye0r,HN_3_H,2.0,4.0,8.0,6.0,6.0,8.0,1.0,6.0,1.0,2.0,2.0,2.0,-0.3882207888406911,0.34340896691217204,1.0,0.3658018431596055,0.35162443232203805,1.0,-0.5319287986238203,0.7832154091325372,-0.5597855080086961,-0.03874654610185141,-0.3968708411875509,-0.032827826285602435
6k6gw,HN_3_L,0.5714285714285714,0.5714285714285714,1.0,1.7142857142857142,1.1428571428571428,0.7142857142857143,1.1428571428571428,1.2857142857142858,0.2857142857142857,1.4285714285714286,0.8571428571428571,0.0,-0.2039035982854329,0.14641570554888433,0.3157265397193822,-0.01839763519778331,0.024499863219639696,-0.030228735089323246,-0.025336198229947118,0.05891023845470462,-0.2778799483603447,0.01874716615857662,-0.15563694951649165,-0.3170785440984271
D7GcxxFf3,HN_3_L,0.5714285714285714,0.5714285714285714,1.0,1.7142857142857142,1.1428571428571428,0.7142857142857143,1.1428571428571428,1.2857142857142858,0.2857142857142857,1.4285714285714286,0.8571428571428571,0.0,-0.5577176769479185,-0.007368984518130079,0.038864435145142595,-0.6575852151805658,-0.7492228893357079,-0.04070848677914031,-0.33319780884849254,0.07318456643285508,-0.9354131353571659,-0.13052881184187431,-0.6597963663332733,-0.20953558036801473
FWvvb87,HN_3_H,1.4821428571428572,0.9464285714285714,0.42857142857142855,1.0178571428571428,1.6785714285714286,1.9642857142857142,1.8928571428571428,6.035714285714286,0.9464285714285714,3.4642857142857144,1.1428571428571428,0.9821428571428571,-0.09506459092414696,0.0410141422489531,-0.035755483323777336,-0.4279805682417419,-0.15152489969040758,0.11606885456485076,0.1941124702039252,0.6326620044889356,-0.20452717557495373,0.2675525741081455,-0.19824255649927097,-0.11932049549035806
FcXX1,HN_3_L,0.5714285714285714,0.5714285714285714,1.0,1.7142857142857142,1.1428571428571428,0.7142857142857143,1.1428571428571428,1.2857142857142858,0.2857142857142857,1.4285714285714286,0.8571428571428571,0.0,-0.4727857817359996,0.011686810235040488,-0.6178920005506373,-0.30425407340359395,-0.3035872981388985,0.21831365744826764,-0.2765514280097342,0.0735430839959413,-0.6708833440668424,-0.11365027632062522,-0.6569395288583082,-0.2945634285839792
K34LOp,HN_3_L,0.5714285714285714,0.5714285714285714,1.0,1.7142857142857142,1.1428571428571428,0.7142857142857143,1.1428571428571428,1.2857142857142858,0.2857142857142857,1.4285714285714286,0.8571428571428571,0.0,-0.1777246088162565,0.10833977288095024,0.08848837456191469,-0.23922097063574574,-0.28507923470853785,0.07532106931675862,0.06383750269385678,0.0731809796918192,-0.23896995810749494,0.14373313813073457,-0.19829146812342363,-0.13795256089251937
KLO33,HN_3_L,0.5714285714285714,0.5714285714285714,1.0,1.7142857142857142,1.1428571428571428,0.7142857142857143,1.1428571428571428,1.2857142857142858,0.2857142857142857,1.4285714285714286,0.8571428571428571,0.0,-0.48565201215529535,-0.029278325666528247,-0.19049500537627773,-0.7079700494672528,-0.5341924486130741,0.06297141822009955,-0.4435509526636026,-0.023667037873892544,-0.38854361947869853,-0.2334405172674562,-0.5690191901079595,-0.40456909094191135
Lso2g,HN_3_L,0.5714285714285714,0.5714285714285714,1.0,1.7142857142857142,1.1428571428571428,0.7142857142857143,1.1428571428571428,1.2857142857142858,0.2857142857142857,1.4285714285714286,0.8571428571428571,0.0,-0.20218540564759227,-0.03820751200805218,-0.4092269936772106,-0.6629009642368535,-0.9427379623369748,0.006846156950199021,0.12058612118942773,0.1408878535098266,-0.5196733861743907,-0.033102786860944464,-0.5622592994358063,-0.2631431810918693
Ou4tR,HN_3_L,0.5714285714285714,0.5714285714285714,1.0,1.7142857142857142,1.1428571428571428,0.7142857142857143,1.1428571428571428,1.2857142857142858,0.2857142857142857,1.4285714285714286,0.8571428571428571,0.0,-0.5901089838521538,-0.056808591387470284,-0.015415836493798938,-0.42023078688149423,-0.4879482000796047,-0.07281349105627868,-0.42986302156127365,0.057006542822724,-0.584697125244875,-0.013026816693542071,-0.5495036352903534,-0.3081972140930923
P67Dftt,HN_3_L,0.5714285714285714,0.5714285714285714,1.0,1.7142857142857142,1.1428571428571428,0.7142857142857143,1.1428571428571428,1.2857142857142858,0.2857142857142857,1.4285714285714286,0.8571428571428571,0.0,-0.5730256281741486,0.02398946527359593,-0.06240706139213784,-0.3330749978306275,-0.33232716895007525,-0.07191881220708549,-0.08118929865105685,0.053281690548523344,-0.7429665809190366,-0.1978467118433635,-0.7058001208382492,-0.2584871676279821
SxRtt99,HN_3_L,0.5714285714285714,0.5714285714285714,1.0,1.7142857142857142,1.1428571428571428,0.7142857142857143,1.1428571428571428,1.2857142857142858,0.2857142857142857,1.4285714285714286,0.8571428571428571,0.0,-0.6362138710488121,-0.03784243466153103,0.27547190215196155,-0.4973707721961197,-0.8353488828758742,-0.018489900856591093,-0.5927130964932603,-0.05281466754183507,-0.8657106952120175,0.012909329435025414,-0.8239858299301246,-0.5076546316449978
V11GHjjk,HN_3_L,0.5714285714285714,0.5714285714285714,1.0,1.7142857142857142,1.1428571428571428,0.7142857142857143,1.1428571428571428,1.2857142857142858,0.2857142857142857,1.4285714285714286,0.8571428571428571,0.0,-0.2729387672696495,-0.01853041328998717,-0.10891162209366902,-0.24888702725644882,-0.23593086068673821,-0.042156281763251965,-0.034489742863964036,0.020294971565831592,-0.30377327121666114,0.0961462260746521,-0.24070235926936306,-0.1187994373740372
VBr4ssd,HN_3_L,0.5714285714285714,0.5714285714285714,1.0,1.7142857142857142,1.1428571428571428,0.7142857142857143,1.1428571428571428,1.2857142857142858,0.2857142857142857,1.4285714285714286,0.8571428571428571,0.0,-0.321922324609386,-0.104584775178357,-0.1363415696578768,-0.09952447362331278,-0.21058052264509938,-0.06596194774959988,-0.19527561738447471,0.07805635881436093,-0.4068878461074713,-0.20871729533054909,-0.41181382992102517,-0.46597638960343685
XCv32m,HN_3_L,0.5714285714285714,0.5714285714285714,1.0,1.7142857142857142,1.1428571428571428,0.7142857142857143,1.1428571428571428,1.2857142857142858,0.2857142857142857,1.4285714285714286,0.8571428571428571,0.0,-0.4851241785439959,-0.07259853605546218,0.08071685748503851,-0.23304279165055752,-0.4480479781423222,-0.06319955553044342,-0.23334988395226397,-0.023410264570418893,-0.6486428121802502,-0.055921135790828275,-0.47167567119535025,-0.3111365163924513
XfdEE1,HN_3_L,0.5714285714285714,0.5714285714285714,1.0,1.7142857142857142,1.1428571428571428,0.7142857142857143,1.1428571428571428,1.2857142857142858,0.2857142857142857,1.4285714285714286,0.8571428571428571,0.0,-0.570524002472358,-0.054239140901355974,-0.20158946440727485,-0.8170467489415255,-0.7397068354975855,-0.06591721387440352,-0.11450274359774805,-0.10451971427199493,-0.5509182892213975,-0.334138492683231,-0.49733705008799806,-0.43566944521676915
rt8Ye0r,HN_3_L,0.5714285714285714,0.5714285714285714,1.0,1.7142857142857142,1.1428571428571428,0.7142857142857143,1.1428571428571428,1.2857142857142858,0.2857142857142857,1.4285714285714286,0.8571428571428571,0.0,-0.6715311539102199,-0.21938334716310906,-0.5048997139642255,-0.5401955237552437,-0.6981264867756146,-0.26402877642091804,-0.5045729272198235,-0.2387690906712167,-0.6990520712237582,-0.13767478858774201,-0.6249313866875592,-0.37710376838080323
6k6gw,LN_7_N,0.0,0.0,0.0,0.0,0.0,0.0,0.0,0.0,0.0,0.0,0.0,9.0,-0.29651156738431234,-0.05442765785137815,-0.11972020773191996,-0.2961424447971787,-0.1658416268838452,-0.11904155707978215,-0.19622556460160495,-0.09793805513617797,-0.32520883533665373,-0.16639487796244667,-0.29431338345847063,1.0
D7GcxxFf3,LN_7_N,0.0,1.0,0.0,4.0,0.0,0.0,0.0,0.0,0.0,6.0,2.0,7.0,-0.6633256550460824,0.059788947783078604,-0.09844064554840846,-0.20103216875465352,-1.0,-0.14273873058101683,-0.6468914109304907,-0.13534890611975253,-1.0,0.5520546217230309,-0.42684249035667354,0.7312143154737745
FWvvb87,LN_7_N,0.0,6.0,0.0,1.0,1.0,5.0,0.0,0.0,0.0,7.0,1.0,9.0,-0.3371161516344111,1.0,-0.0875432574899662,-0.43438406854775863,-0.34974115077738493,0.5606496081860797,-0.20403897090715378,-0.11529126347937636,-0.36614727761412474,0.8385155281498273,-0.2232059430930058,1.0
FcXX1,LN_7_N,1.0,0.0,4.0,1.0,0.0,0.0,0.0,0.0,0.0,2.0,0.0,8.0,-0.39789836910535564,-0.06433728128534101,-0.011182500344148338,-0.43212211981571097,-0.493199996050011,-0.13300604706936495,-0.46223163572024095,-0.10386355949419762,-0.7256664045280502,-0.029601198862464834,-0.8313542161065511,0.8561596190462245
K34LOp,LN_7_N,0.0,0.0,0.0,1.0,2.0,0.0,0.0,0.0,0.0,1.0,0.0,4.0,-0.2660884716113801,-0.10146263350000263,-0.13938953179760663,-0.5086168338174295,-0.03909047030888375,-0.12569608952742428,-0.1696998084620843,-0.08128885702621096,-0.2886315044587283,0.040981114706422704,-0.3597454764600533,0.5123060453317775
KLO33,LN_7_P,1.0,0.0,4.0,5.0,4.0,2.0,2.0,0.0,4.0,2.0,3.0,5.0,-0.4020514299941532,-0.1620884322041448,0.25594062163982645,0.6353677229833843,0.4447202248694154,0.5900499954712936,-0.18880666689943743,-0.2539921213955184,0.33499604125864685,-0.10693379754771712,-0.0405074629136995,0.47328659089678327
Lso2g,LN_7_N,0.0,3.0,2.0,6.0,6.0,0.0,0.0,0.0,1.0,5.0,0.0,5.0,-0.2923845451100142,0.2609370253502002,-0.20790885172332338,0.17984662517101274,0.03071667793445122,-0.07877055365754244,-0.09879454535256448,-0.15649712027523346,-0.3789628874545397,0.4542098484508218,-0.7727531839913676,0.43860303062583583
Ou4tR,LN_7_N,1.0,0.0,0.0,1.0,1.0,0.0,0.0,4.0,0.0,1.0,0.0,6.0,-0.5092559846732307,-0.12845663148153608,-0.21849900379255874,-0.5594690993208564,-0.5150018037174157,-0.1652974126990613,-0.6378430974247317,0.7461171461445796,-0.636654408039789,-0.07036795726110105,-0.7126092811103906,0.6729506964767269
P67Dftt,LN_7_N,0.0,0.0,0.0,2.0,2.0,0.0,0.0,0.0,0.0,8.0,0.0,8.0,-0.6796714334740909,-0.05108826816689668,-0.19520794406615508,-0.2807975469353088,-0.16578627283131583,-0.16432560636286872,-0.23845319663666512,-0.10450469436005612,-0.8001130261950705,0.8417938305112539,-0.885358028294907,0.8601680924857797
SxRtt99,LN_7_N,0.0,0.0,0.0,0.0,9.0,0.0,0.0,4.0,0.0,0.0,6.0,9.0,-0.7471436250182231,-0.10820463362163482,-0.1218499579582531,-0.8496933068305008,0.2966275473524906,-0.10629075437871102,-0.8243804559831891,0.3176201228895514,-0.9268815376779853,-0.173334193313083,0.23209919048912867,1.0
V11GHjjk,LN_7_N,0.0,3.0,0.0,0.0,0.0,1.0,0.0,1.0,0.0,0.0,0.0,2.0,-0.359239700643863,0.5400185230303284,-0.24752557485537766,-0.5427427983756132,-0.4157026222411728,0.014176490223950839,-0.23634140000815212,-0.028690279855876848,-0.3465199358467156,-0.18630807827701915,-0.37130260761350653,0.20085754473283057
VBr4ssd,LN_7_N,0.0,0.0,0.0,1.0,1.0,0.0,0.0,0.0,0.0,4.0,0.0,9.0,-0.41154417712527663,-0.1794718785802795,-0.2783842658651114,-0.20732099064520618,-0.2358009502002056,-0.157855219107324,-0.36913388900403465,-0.12938096045240788,-0.45301531647165066,0.2017904653477506,-0.5604258120179751,1.0
XCv32m,LN_7_N,0.0,1.0,0.0,2.0,2.0,0.0,0.0,2.0,0.0,2.0,2.0,8.0,-0.5965520184347529,-0.018059627442472585,-0.14910392814370185,-0.16639182993971657,-0.16918618094741159,-0.15485468962789542,-0.47400351984538863,0.07134994511202729,-0.7165843060498807,0.023771025400932344,-0.20729042780867685,0.8543181648452832
XfdEE1,LN_7_N,0.0,2.0,0.0,3.0,2.0,0.0,0.0,0.0,0.0,1.0,2.0,9.0,-0.677000206029806,0.14849915542582787,-0.37324510217974266,-0.4877308970362715,-0.5444869621207746,-0.15780662886357624,-0.3002532008640394,-0.28860633331732743,-0.6017680691958696,-0.40965576585397995,-0.2871844816545948,1.0
rt8Ye0r,LN_7_N,0.0,6.0,4.0,0.0,1.0,8.0,0.0,7.0,0.0,8.0,0.0,8.0,-0.7848552999380314,0.671704483456086,0.14005730630615681,-0.9025944705211835,-0.7290015138078985,1.0,-0.7234198984517978,1.0,-0.7547586965097831,1.0,-0.7959767958125654,1.0
6k6gw,LN_7_P,2.3333333333333335,0.0,2.3333333333333335,4.333333333333333,5.0,1.3333333333333333,0.6666666666666666,0.6666666666666666,2.6666666666666665,1.6666666666666667,3.0,2.6666666666666665,0.08163763976944546,-0.05442765785137815,0.8963222029877852,0.40593471280129306,0.6669023923189014,0.04674237730240778,-0.09654010088480455,-0.0166093103112759,0.11652744310889748,0.049604173512080504,0.19105413533845586,0.07316695044925497
D7GcxxFf3,LN_7_P,2.3333333333333335,0.0,2.3333333333333335,4.333333333333333,5.0,1.3333333333333333,0.6666666666666666,0.6666666666666666,2.6666666666666665,1.6666666666666667,3.0,2.6666666666666665,-0.23209307781191288,-0.09691289425307498,0.22193787606987736,-0.1344515161508747,0.09714985915627802,0.047717724515819314,-0.4639034763826585,-0.027220438870252307,-0.397189263333548,-0.09497759134370216,-0.22300784887714875,0.14884533233361924
FWvvb87,LN_7_P,2.3333333333333335,0.0,2.3333333333333335,4.333333333333333,5.0,1.3333333333333333,0.6666666666666666,0.6666666666666666,2.6666666666666665,1.6666666666666667,3.0,2.6666666666666665,0.04394493992552284,-0.13858391591643732,0.19441240185928432,0.7609359885753735,0.818691487209008,0.023665795969065935,-0.06380953252840897,-0.032677095814237375,0.08923514825725017,-0.022734988384426797,0.12628146921928157,0.11584483503953896
FcXX1,LN_7_P,2.3333333333333335,0.0,2.3333333333333335,4.333333333333333,5.0,1.3333333333333333,0.6666666666666666,0.6666666666666666,2.6666666666666665,1.6666666666666667,3.0,2.6666666666666665,-0.16491530758779632,-0.06433728128534101,-0.34824333379219774,0.16459543010750186,0.3363555573111062,0.5227907346968825,-0.35391818122244534,-0.011874929536347818,-0.21435784022344279,-0.07862982737972506,-0.22090281073770077,0.08901092062608869
K34LOp,LN_7_P,2.3333333333333335,0.0,2.3333333333333335,4.333333333333333,5.0,1.3333333333333333,0.6666666666666666,0.6666666666666666,2.6666666666666665,1.6666666666666667,3.0,2.6666666666666665,0.09473063480204123,-0.10146263350000263,0.3923255830412765,0.7485638610304283,0.8218702050899057,0.24953594031505044,-0.03346971028778533,-0.0011933861353805135,0.1748762614861166,0.20081759558868562,0.20534355271815063,0.2955531765903452
KLO33,LN_7_N,0.26666666666666666,1.0,0.7333333333333333,2.033333333333333,1.5,0.6666666666666666,0.25,1.8333333333333333,0.21666666666666667,3.5166666666666666,0.6666666666666666,6.983333333333333,-0.5451013150254408,0.07032925423668417,-0.23017817222215364,-0.5775300048959591,-0.4118283644277629,0.043449989433018275,-0.7089095836679413,0.07443438658902213,-0.4019940362488158,0.22883612104175707,-0.6159980103030048,0.8215026780261321
Lso2g,LN_7_P,2.3333333333333335,0.0,2.3333333333333335,4.333333333333333,5.0,1.3333333333333333,0.6666666666666666,0.6666666666666666,2.6666666666666665,1.6666666666666667,3.0,2.6666666666666665,0.07592860769487537,-0.1085944619746998,-0.14080280440536094,-0.14788854848760197,-0.1697004538861365,0.08104730614357494,0.029177510130264307,-0.0022975042385356766,-0.050638390441554076,-0.0006152778401600375,-0.036024588046903186,0.11112146515757342
Ou4tR,LN_7_P,2.3333333333333335,0.0,2.3333333333333335,4.333333333333333,5.0,1.3333333333333333,0.6666666666666666,0.6666666666666666,2.6666666666666665,1.6666666666666667,3.0,2.6666666666666665,-0.2577133205610256,-0.12845663148153608,0.2553617199045475,0.0903096920628337,0.24249909814129214,0.007339241034132935,-0.5165213865043812,-0.1001590333734887,-0.1517197686205923,0.01882937251065737,-0.1417395207402604,0.12786852393793843
P67Dftt,LN_7_P,2.3333333333333335,0.0,2.3333333333333335,4.333333333333333,5.0,1.3333333333333333,0.6666666666666666,0.6666666666666666,2.6666666666666665,1.6666666666666667,3.0,2.6666666666666665,-0.24420106183265985,-0.05108826816689668,0.1146607821732185,0.1461349687097941,0.41710686358434207,0.008167076061259966,-0.14671592281172696,-0.022689531814866777,-0.2667462036187534,-0.16017857625080487,-0.25690535219660465,0.11439791907660521
SxRtt99,LN_7_P,2.3333333333333335,0.0,2.3333333333333335,4.333333333333333,5.0,1.3333333333333333,0.6666666666666666,0.6666666666666666,2.6666666666666665,1.6666666666666667,3.0,2.6666666666666665,-0.29418046297646144,-0.10820463362163482,0.8052343822989144,0.04089976682862914,-0.27965136258194967,0.05760417219591283,-0.6892411629473973,-0.13729979518408114,-0.35595367466228595,0.04394991655971015,-0.3839504047554357,-0.06094214819462807
V11GHjjk,LN_7_P,2.3333333333333335,0.0,2.3333333333333335,4.333333333333333,5.0,1.3333333333333333,0.6666666666666666,0.6666666666666666,2.6666666666666665,1.6666666666666667,3.0,2.6666666666666665,-0.006844222699157771,-0.14995369242417905,0.07590698158860916,0.20005928973116344,0.37079883455947876,0.0798980575423541,-0.11859460000737573,-0.08583973984787001,0.05244893403379273,0.1432219434665973,0.08579826159099563,0.3074098721017865
VBr4ssd,LN_7_P,2.3333333333333335,0.0,2.3333333333333335,4.333333333333333,5.0,1.3333333333333333,0.6666666666666666,0.6666666666666666,2.6666666666666665,1.6666666666666667,3.0,2.6666666666666665,-0.04558827935205674,-0.1794718785802795,0.05304869195176936,0.2957294221236297,0.47037102134276904,0.013678887427094364,-0.2677165638926247,-0.02182086898075,-0.022492259739309742,-0.17070731748996576,-0.04028387467865012,-0.03161301490612224
XCv32m,LN_7_P,2.3333333333333335,0.0,2.3333333333333335,4.333333333333333,5.0,1.3333333333333333,0.6666666666666666,0.6666666666666666,2.6666666666666665,1.6666666666666667,3.0,2.6666666666666665,-0.14155500554749503,-0.14531708087278164,0.3871445716566923,0.3779243573654844,0.8068301092347755,0.01623489402068165,-0.3336222322410659,-0.10553577962853894,-0.08246369659999696,-0.022716068627594677,0.02404666015466242,0.07734837735346016
XfdEE1,LN_7_P,2.3333333333333335,0.0,2.3333333333333335,4.333333333333333,5.0,1.3333333333333333,0.6666666666666666,0.6666666666666666,2.6666666666666665,1.6666666666666667,3.0,2.6666666666666665,-0.2422223748368933,-0.13533445943222952,0.02728471928934898,-0.14621816172711924,0.13878259469806337,0.013720279116212828,-0.1918987674587028,-0.19315401233085877,-0.12717012276746376,-0.2921844520328149,-0.10330098427536699,-0.010285905893282004
rt8Ye0r,LN_7_P,2.3333333333333335,0.0,2.3333333333333335,4.333333333333333,5.0,1.3333333333333333,0.6666666666666666,0.6666666666666666,2.6666666666666665,1.6666666666666667,3.0,2.6666666666666665,-0.32211503699113436,-0.3131820661756559,-0.2182521493996111,0.013469533803830733,0.13549924309605074,-0.15662763855508843,-0.5957591652331461,-0.37296907549393193,-0.23483019384021775,-0.09645468755195424,-0.19731786387504363,0.08193082107946448
GFGzP,HN_1,0.0,0.0,3.0,2.0,1.0,0.0,2.0,2.0,0.0,6.0,1.0,2.0,-0.7929407747948016,-0.035396726214597385,0.42574865035634946,-0.4970367627684344,-0.7025217187473132,-0.05138959376544491,-0.41305020061788594,0.26011483091620546,-0.6403754443555821,0.5737952242086704,-0.6261035524271752,0.07266151401309764
GFGzP,HN_7,0.0,0.0,3.0,2.0,1.0,0.0,2.0,2.0,0.0,6.0,1.0,2.0,-0.7929407747948016,-0.035396726214597385,0.42574865035634946,-0.4970367627684344,-0.7025217187473132,-0.05138959376544491,-0.41305020061788594,0.26011483091620546,-0.6403754443555821,0.5737952242086704,-0.6261035524271752,0.07266151401309764
GFGzP,HN_4,5.0,0.0,0.0,2.0,2.0,0.0,4.0,0.0,3.0,2.0,3.0,2.0,0.2031374334245326,-0.035396726214597385,-0.4356283741091263,-0.4970367627684344,-0.4593043303548399,-0.05138959376544491,0.15216987962926842,-0.10982775362569175,-0.09358362957038807,0.005522189820230833,-0.21957766432038137,0.07266151401309764
GFGzP,HN_5,2.0,0.0,1.0,2.0,1.0,0.0,4.0,0.0,1.0,2.0,0.0,0.0,-0.39450949150706793,-0.035396726214597385,-0.14850269928730103,-0.4970367627684344,-0.7025217187473132,-0.05138959376544491,0.15216987962926842,-0.10982775362569175,-0.45811150609385076,0.005522189820230833,-0.829366496480572,-0.19229233912601731
GFGzP,HN_6,1.0,1.0,1.0,1.0,1.0,2.0,4.0,0.0,0.0,8.0,0.0,4.0,-0.5937251331509348,0.09402786456222728,-0.14850269928730103,-0.7485183813842172,-0.7025217187473132,0.21145780467591635,0.15216987962926842,-0.10982775362569175,-0.6403754443555821,0.8579317414028901,-0.829366496480572,0.3376153671522126
GFGzP,HN_8,2.0,0.0,2.0,3.0,2.0,0.0,4.0,0.0,2.0,2.0,1.0,1.0,-0.39450949150706793,-0.035396726214597385,0.1386229755345242,-0.24555514415265156,-0.4593043303548399,-0.05138959376544491,0.15216987962926842,-0.10982775362569175,-0.27584756783211944,0.005522189820230833,-0.6261035524271752,-0.05981541255645984
GFGzP,HP_2,7.0,0.0,2.0,7.0,6.0,0.0,4.0,0.0,5.0,0.0,8.0,0.0,0.6015687167122663,-0.035396726214597385,0.1386229755345242,0.7603713303104798,0.5135652232150534,-0.05138959376544491,0.15216987962926842,-0.10982775362569175,0.2709442469530746,-0.27861432737398895,0.7967370559466032,-0.19229233912601731
GFGzP,HP_4,8.0,0.0,0.0,2.0,6.0,0.0,4.0,0.0,6.0,0.0,8.0,0.0,0.8007843583561332,-0.035396726214597385,-0.4356283741091263,-0.4970367627684344,0.5135652232150534,-0.05138959376544491,0.15216987962926842,-0.10982775362569175,0.45320818521480594,-0.27861432737398895,0.7967370559466032,-0.19229233912601731
GFGzP,HP_5,7.0,0.0,1.0,6.0,6.0,0.0,3.0,0.0,5.0,0.0,5.0,0.0,0.6015687167122663,-0.035396726214597385,-0.14850269928730103,0.5088897116946969,0.5135652232150534,-0.05138959376544491,-0.13044016049430876,-0.10982775362569175,0.2709442469530746,-0.27861432737398895,0.18694822378641243,-0.19229233912601731
GFGzP,HP_6,7.0,0.0,1.0,6.0,7.0,0.0,4.0,0.0,6.0,0.0,8.0,0.0,0.6015687167122663,-0.035396726214597385,-0.14850269928730103,0.5088897116946969,0.7567826116075267,-0.05138959376544491,0.15216987962926842,-0.10982775362569175,0.45320818521480594,-0.27861432737398895,0.7967370559466032,-0.19229233912601731
GFGzP,HP_8,8.0,0.0,0.0,4.0,6.0,0.0,7.0,0.0,7.0,0.0,7.0,0.0,0.8007843583561332,-0.035396726214597385,-0.4356283741091263,0.005926474463131268,0.5135652232150534,-0.05138959376544491,1.0,-0.10982775362569175,0.6354721234765373,-0.27861432737398895,0.5934741118932062,-0.19229233912601731
GFGzP,LN_1,1.0,0.0,4.0,5.0,1.0,0.0,0.0,0.0,0.0,1.0,3.0,1.0,-0.5937251331509348,-0.035396726214597385,0.7128743251781747,0.2574080930789141,-0.7025217187473132,-0.05138959376544491,-0.9782702808650403,-0.10982775362569175,-0.6403754443555821,-0.13654606877687905,-0.21957766432038137,-0.05981541255645984
GFGzP,LN_2,1.0,0.0,0.0,1.0,1.0,0.0,6.0,1.0,1.0,3.0,2.0,1.0,-0.5937251331509348,-0.035396726214597385,-0.4356283741091263,-0.7485183813842172,-0.7025217187473132,-0.05138959376544491,0.7173899598764228,0.07514353864525687,-0.45811150609385076,0.14759044841734073,-0.42284060837377824,-0.05981541255645984
GFGzP,LN_3,0.0,8.0,0.0,0.0,0.0,8.0,2.0,4.0,0.0,9.0,0.0,9.0,-0.7929407747948016,1.0,-0.4356283741091263,-1.0,-0.9457391071397866,1.0,-0.41305020061788594,0.6300574154581028,-0.6403754443555821,1.0,-0.829366496480572,1.0
GFGzP,LN_4,1.0,0.0,2.0,3.0,1.0,0.0,1.0,0.0,1.0,4.0,1.0,6.0,-0.5937251331509348,-0.035396726214597385,0.1386229755345242,-0.24555514415265156,-0.7025217187473132,-0.05138959376544491,-0.6956602407414632,-0.10982775362569175,-0.45811150609385076,0.28965870701445057,-0.6261035524271752,0.6025692202913275
GFGzP,LN_5,2.0,0.0,2.0,5.0,5.0,0.0,2.0,0.0,1.0,2.0,3.0,2.0,-0.39450949150706793,-0.035396726214597385,0.1386229755345242,0.2574080930789141,0.27034783482258007,-0.05138959376544491,-0.41305020061788594,-0.10982775362569175,-0.45811150609385076,0.005522189820230833,-0.21957766432038137,0.07266151401309764
GFGzP,LN_6,1.0,0.0,3.0,3.0,1.0,0.0,1.0,0.0,1.0,1.0,1.0,1.0,-0.5937251331509348,-0.035396726214597385,0.42574865035634946,-0.24555514415265156,-0.7025217187473132,-0.05138959376544491,-0.6956602407414632,-0.10982775362569175,-0.45811150609385076,-0.13654606877687905,-0.6261035524271752,-0.05981541255645984
GFGzP,LN_8,0.0,0.0,3.0,3.0,0.0,0.0,2.0,1.0,0.0,5.0,0.0,7.0,-0.7929407747948016,-0.035396726214597385,0.42574865035634946,-0.24555514415265156,-0.9457391071397866,-0.05138959376544491,-0.41305020061788594,0.07514353864525687,-0.6403754443555821,0.43172696561156043,-0.829366496480572,0.735046146860885
GFGzP,LP_1,6.0,0.0,2.0,6.0,6.0,0.0,4.0,0.0,6.0,0.0,7.0,1.0,0.40235307506839946,-0.035396726214597385,0.1386229755345242,0.5088897116946969,0.5135652232150534,-0.05138959376544491,0.15216987962926842,-0.10982775362569175,0.45320818521480594,-0.27861432737398895,0.5934741118932062,-0.05981541255645984
GFGzP,LP_2,6.0,0.0,2.0,6.0,7.0,0.0,3.0,0.0,6.0,0.0,8.0,0.0,0.40235307506839946,-0.035396726214597385,0.1386229755345242,0.5088897116946969,0.7567826116075267,-0.05138959376544491,-0.13044016049430876,-0.10982775362569175,0.45320818521480594,-0.27861432737398895,0.7967370559466032,-0.19229233912601731
GFGzP,LP_3,8.0,0.0,1.0,6.0,8.0,0.0,5.0,0.0,9.0,0.0,9.0,0.0,0.8007843583561332,-0.035396726214597385,-0.14850269928730103,0.5088897116946969,1.0,-0.05138959376544491,0.43477991975284563,-0.10982775362569175,1.0,-0.27861432737398895,1.0,-0.19229233912601731
GFGzP,LP_4,7.0,0.0,3.0,6.0,7.0,0.0,3.0,0.0,6.0,0.0,6.0,0.0,0.6015687167122663,-0.035396726214597385,0.42574865035634946,0.5088897116946969,0.7567826116075267,-0.05138959376544491,-0.13044016049430876,-0.10982775362569175,0.45320818521480594,-0.27861432737398895,0.3902111678398093,-0.19229233912601731
GFGzP,LP_7,6.0,0.0,2.0,6.0,6.0,0.0,4.0,0.0,6.0,0.0,7.0,1.0,0.40235307506839946,-0.035396726214597385,0.1386229755345242,0.5088897116946969,0.5135652232150534,-0.05138959376544491,0.15216987962926842,-0.10982775362569175,0.45320818521480594,-0.27861432737398895,0.5934741118932062,-0.05981541255645984
GFGzP,LP_8,7.0,0.0,1.0,6.0,7.0,0.0,3.0,0.0,7.0,0.0,7.0,1.0,0.6015687167122663,-0.035396726214597385,-0.14850269928730103,0.5088897116946969,0.7567826116075267,-0.05138959376544491,-0.13044016049430876,-0.10982775362569175,0.6354721234765373,-0.27861432737398895,0.5934741118932062,-0.05981541255645984
GFGzP,LP_5,8.0,0.0,1.0,6.0,8.0,0.0,4.0,0.0,9.0,0.0,9.0,1.0,0.8007843583561332,-0.035396726214597385,-0.14850269928730103,0.5088897116946969,1.0,-0.05138959376544491,0.15216987962926842,-0.10982775362569175,1.0,-0.27861432737398895,1.0,-0.05981541255645984
GFGzP,LP_6,1.0,0.0,5.0,7.0,4.0,0.0,2.0,0.0,2.0,0.0,2.0,0.0,-0.5937251331509348,-0.035396726214597385,1.0,0.7603713303104798,0.027130446430106727,-0.05138959376544491,-0.41305020061788594,-0.10982775362569175,-0.27584756783211944,-0.27861432737398895,-0.42284060837377824,-0.19229233912601731
GFGzP,HP_1_L,6.0,0.0,1.0,6.0,6.0,0.0,5.0,0.0,5.0,0.0,6.0,0.0,0.40235307506839946,-0.035396726214597385,-0.14850269928730103,0.5088897116946969,0.5135652232150534,-0.05138959376544491,0.43477991975284563,-0.10982775362569175,0.2709442469530746,-0.27861432737398895,0.3902111678398093,-0.19229233912601731
GFGzP,HP_1_H,7.0,0.46153846153846156,0.7692307692307693,3.9615384615384617,4.961538461538462,0.34615384615384615,5.269230769230769,0.34615384615384615,6.230769230769231,0.8076923076923077,5.961538461538462,0.5384615384615384,0.6015687167122663,0.024337700297783236,-0.21476247040002994,-0.003745895483629575,0.26099331988440805,-0.005896774804440082,0.5108672382476549,-0.045799229378055695,0.4952690940444363,-0.16386688773786173,0.3823933622992941,-0.12095860943471715
GFGzP,HP_3_L,7.0,0.0,1.0,6.0,7.0,0.0,5.0,0.0,6.0,0.0,8.0,0.0,0.6015687167122663,-0.035396726214597385,-0.14850269928730103,0.5088897116946969,0.7567826116075267,-0.05138959376544491,0.43477991975284563,-0.10982775362569175,0.45320818521480594,-0.27861432737398895,0.7967370559466032,-0.19229233912601731
GFGzP,HP_3_H,8.1875,0.1875,0.15625,4.90625,5.59375,0.40625,5.46875,0.0625,7.21875,0.46875,7.21875,0.40625,0.8381372911643582,-0.011129615443942762,-0.3907649874182161,0.23383169133368445,0.4147581591806111,0.002001284042956591,0.5672533760607724,-0.09826704785875746,0.675342359971291,-0.21201983115659367,0.6379378809048868,-0.13847358770713458
GFGzP,HP_7_H,9.0,0.0,0.0,7.0,8.0,0.0,5.0,0.0,9.0,0.0,9.0,0.0,1.0,-0.035396726214597385,-0.4356283741091263,0.7603713303104798,1.0,-0.05138959376544491,0.43477991975284563,-0.10982775362569175,1.0,-0.27861432737398895,1.0,-0.19229233912601731
GFGzP,HP_7_L,4.588235294117647,0.029411764705882353,2.823529411764706,4.617647058823529,4.205882352941177,0.058823529411764705,3.7058823529411766,0.058823529411764705,4.823529411764706,0.29411764705882354,5.4411764705882355,0.11764705882352941,0.1211074633358815,-0.03159012060351431,0.3750794136230863,0.16125335654934997,0.07720461462855716,-0.04365878792893428,0.06904927959292224,-0.09894708937445948,0.2387800225539455,-0.2368295454336625,0.27662305204526405,-0.1767068183531282
GFGzP,HN_2_H,3.0,0.0,0.0,2.0,3.0,0.0,7.0,3.0,1.0,2.0,1.0,0.0,-0.19529384986320106,-0.035396726214597385,-0.4356283741091263,-0.4970367627684344,-0.21608694196236658,-0.05138959376544491,1.0,0.4450861231871541,-0.45811150609385076,0.005522189820230833,-0.6261035524271752,-0.19229233912601731
GFGzP,HN_2_L,0.5714285714285714,0.14285714285714285,2.5714285714285716,2.5714285714285716,0.8571428571428571,2.0,0.2857142857142857,1.1428571428571428,0.2857142857142857,2.857142857142857,0.5714285714285714,0.42857142857142855,-0.6791032652840207,-0.016907498960765294,0.3026947897184244,-0.3533329807022727,-0.737267059946238,0.21145780467591635,-0.8975245551154469,0.10156800896967809,-0.5883000334236589,0.12729498290346788,-0.7132162427357739,-0.13551651345334984
GFGzP,HN_3_H,1.0,0.0,0.0,1.0,1.0,0.0,7.0,6.0,1.0,5.0,1.0,0.0,-0.5937251331509348,-0.035396726214597385,-0.4356283741091263,-0.7485183813842172,-0.7025217187473132,-0.05138959376544491,1.0,1.0,-0.45811150609385076,0.43172696561156043,-0.6261035524271752,-0.19229233912601731
GFGzP,HN_3_L,0.5714285714285714,0.5714285714285714,1.0,1.7142857142857142,1.1428571428571428,0.7142857142857143,1.1428571428571428,1.2857142857142858,0.2857142857142857,1.4285714285714286,0.8571428571428571,0.0,-0.6791032652840207,0.038560182800730994,-0.14850269928730103,-0.5688886538015151,-0.6677763775483885,0.04248447710646982,-0.6552873778666665,0.12799247929409935,-0.5883000334236589,-0.07565967223526053,-0.6551411158633746,-0.19229233912601731
GFGzP,LN_7_N,0.0,0.0,1.0,1.0,0.0,0.0,2.0,0.0,0.0,9.0,0.0,9.0,-0.7929407747948016,-0.035396726214597385,-0.14850269928730103,-0.7485183813842172,-0.9457391071397866,-0.05138959376544491,-0.41305020061788594,-0.10982775362569175,-0.6403754443555821,1.0,-0.829366496480572,1.0
GFGzP,LN_7_P,2.3333333333333335,0.0,2.3333333333333335,4.333333333333333,5.0,1.3333333333333333,0.6666666666666666,0.6666666666666666,2.6666666666666665,1.6666666666666667,3.0,2.6666666666666665,-0.32810427762577893,-0.035396726214597385,0.23433153380846602,0.08975368066839214,0.27034783482258007,0.12384200519546257,-0.7898635874493223,0.01348644122160732,-0.1543382756576319,-0.04183389637880579,-0.21957766432038137,0.16097946505946928
KWgkc,HN_1,3.0,0.0,0.0,3.0,4.0,0.0,1.0,3.0,2.0,1.0,2.0,0.0,-0.10781885489434301,-0.04065900074777244,-0.4077578614650571,-0.5652285419968968,-0.06897641832592359,-0.12327371505933826,-0.35813263308798843,0.27555743167696584,-0.3260527907764371,-0.09633278742494199,-0.4588891098190883,-0.12305778740596542
KWgkc,HN_7,3.0,0.0,0.0,3.0,4.0,0.0,1.0,3.0,2.0,1.0,2.0,0.0,-0.10781885489434301,-0.04065900074777244,-0.4077578614650571,-0.5652285419968968,-0.06897641832592359,-0.12327371505933826,-0.35813263308798843,0.27555743167696584,-0.3260527907764371,-0.09633278742494199,-0.4588891098190883,-0.12305778740596542
KWgkc,HN_4,6.0,0.0,1.0,7.0,6.0,0.0,4.0,1.0,4.0,1.0,5.0,0.0,0.5328474708276867,-0.04065900074777244,-0.23178812878192498,0.3043143740093097,0.39653537251111465,-0.12327371505933826,0.32093368345600576,-0.014219595652247799,0.11596480614904194,-0.09633278742494199,0.27055544509045587,-0.12305778740596542
KWgkc,HN_5,5.0,0.0,2.0,6.0,6.0,2.0,3.0,2.0,3.0,0.0,4.0,0.0,0.3192920289203435,-0.04065900074777244,-0.05581839609879284,0.0869286450077581,0.39653537251111465,0.19766163210047272,0.0945782446080077,0.13066891801235903,-0.10504399231369758,-0.25295175705707656,0.027407260120607804,-0.12305778740596542
KWgkc,HN_6,3.0,0.0,1.0,5.0,4.0,5.0,2.0,1.0,2.0,5.0,2.0,5.0,-0.10781885489434301,-0.04065900074777244,-0.23178812878192498,-0.13045708399379352,-0.06897641832592359,0.679064652840189,-0.13177719423999038,-0.014219595652247799,-0.3260527907764371,0.5301430911035963,-0.4588891098190883,0.5008632055973486
KWgkc,HN_8,3.0,0.0,1.0,4.0,3.0,0.0,3.0,0.0,2.0,5.0,3.0,2.0,-0.10781885489434301,-0.04065900074777244,-0.23178812878192498,-0.34784281299534514,-0.3017323137444427,-0.12327371505933826,0.0945782446080077,-0.15910810931685462,-0.3260527907764371,0.5301430911035963,-0.21574092484924023,0.12651060979536025
KWgkc,HP_2,5.0,0.0,5.0,8.0,7.0,0.0,4.0,0.0,6.0,0.0,5.0,0.0,0.3192920289203435,-0.04065900074777244,0.4720908019506036,0.5217001030108613,0.6292912679296337,-0.12327371505933826,0.32093368345600576,-0.15910810931685462,0.557982403074521,-0.25295175705707656,0.27055544509045587,-0.12305778740596542
KWgkc,HP_4,6.0,0.0,3.0,8.0,7.0,0.0,5.0,0.0,6.0,0.0,6.0,0.0,0.5328474708276867,-0.04065900074777244,0.1201513365843393,0.5217001030108613,0.6292912679296337,-0.12327371505933826,0.5472891223040038,-0.15910810931685462,0.557982403074521,-0.25295175705707656,0.513703630060304,-0.12305778740596542
KWgkc,HP_5,6.0,0.0,3.0,7.0,6.0,0.0,5.0,0.0,6.0,0.0,6.0,0.0,0.5328474708276867,-0.04065900074777244,0.1201513365843393,0.3043143740093097,0.39653537251111465,-0.12327371505933826,0.5472891223040038,-0.15910810931685462,0.557982403074521,-0.25295175705707656,0.513703630060304,-0.12305778740596542
KWgkc,HP_6,5.0,0.0,3.0,5.0,6.0,0.0,4.0,5.0,4.0,0.0,6.0,0.0,0.3192920289203435,-0.04065900074777244,0.1201513365843393,-0.13045708399379352,0.39653537251111465,-0.12327371505933826,0.32093368345600576,0.5653344590061795,0.11596480614904194,-0.25295175705707656,0.513703630060304,-0.12305778740596542
KWgkc,HP_8,3.0,0.0,7.0,7.0,2.0,0.0,3.0,0.0,3.0,0.0,4.0,0.0,-0.10781885489434301,-0.04065900074777244,0.8240302673168679,0.3043143740093097,-0.5344882091629618,-0.12327371505933826,0.0945782446080077,-0.15910810931685462,-0.10504399231369758,-0.25295175705707656,0.027407260120607804,-0.12305778740596542
KWgkc,LN_1,0.0,0.0,8.0,8.0,0.0,0.0,0.0,0.0,0.0,0.0,1.0,0.0,-0.7484851806163728,-0.04065900074777244,1.0,0.5217001030108613,-1.0,-0.12327371505933826,-0.5844880719359865,-0.15910810931685462,-0.7680703877019162,-0.25295175705707656,-0.7020372947889364,-0.12305778740596542
KWgkc,LN_2,2.0,0.0,1.0,3.0,1.0,3.0,1.0,5.0,2.0,4.0,2.0,0.0,-0.3213742968016863,-0.04065900074777244,-0.23178812878192498,-0.5652285419968968,-0.7672441045814808,0.35812930568037815,-0.35813263308798843,0.5653344590061795,-0.3260527907764371,0.37352412147146175,-0.4588891098190883,-0.12305778740596542
KWgkc,LN_3,0.0,7.0,0.0,3.0,0.0,7.0,0.0,0.0,0.0,8.0,0.0,9.0,-0.7484851806163728,1.0,-0.4077578614650571,-0.5652285419968968,-1.0,1.0,-0.5844880719359865,-0.15910810931685462,-0.7680703877019162,1.0,-0.9451854797587844,1.0
KWgkc,LN_4,1.0,0.0,1.0,7.0,5.0,0.0,0.0,0.0,2.0,4.0,2.0,5.0,-0.5349297387090295,-0.04065900074777244,-0.23178812878192498,0.3043143740093097,0.16377947709259552,-0.12327371505933826,-0.5844880719359865,-0.15910810931685462,-0.3260527907764371,0.37352412147146175,-0.4588891098190883,0.5008632055973486
KWgkc,LN_5,3.0,0.0,3.0,8.0,4.0,0.0,1.0,0.0,3.0,5.0,3.0,2.0,-0.10781885489434301,-0.04065900074777244,0.1201513365843393,0.5217001030108613,-0.06897641832592359,-0.12327371505933826,-0.35813263308798843,-0.15910810931685462,-0.10504399231369758,0.5301430911035963,-0.21574092484924023,0.12651060979536025
KWgkc,LN_6,4.0,0.0,3.0,5.0,3.0,0.0,0.0,0.0,0.0,1.0,1.0,0.0,0.10573658701300023,-0.04065900074777244,0.1201513365843393,-0.13045708399379352,-0.3017323137444427,-0.12327371505933826,-0.5844880719359865,-0.15910810931685462,-0.7680703877019162,-0.09633278742494199,-0.7020372947889364,-0.12305778740596542
KWgkc,LN_8,4.0,0.0,7.0,7.0,2.0,0.0,1.0,0.0,3.0,2.0,4.0,2.0,0.10573658701300023,-0.04065900074777244,0.8240302673168679,0.3043143740093097,-0.5344882091629618,-0.12327371505933826,-0.35813263308798843,-0.15910810931685462,-0.10504399231369758,0.06028618220719258,0.027407260120607804,0.12651060979536025
KWgkc,LP_1,5.0,0.0,4.0,8.0,7.0,0.0,2.0,0.0,6.0,1.0,5.0,0.0,0.3192920289203435,-0.04065900074777244,0.29612106926747145,0.5217001030108613,0.6292912679296337,-0.12327371505933826,-0.13177719423999038,-0.15910810931685462,0.557982403074521,-0.09633278742494199,0.27055544509045587,-0.12305778740596542
KWgkc,LP_2,2.0,0.0,3.0,8.0,8.0,0.0,6.0,0.0,6.0,0.0,6.0,0.0,-0.3213742968016863,-0.04065900074777244,0.1201513365843393,0.5217001030108613,0.8620471633481528,-0.12327371505933826,0.773644561152002,-0.15910810931685462,0.557982403074521,-0.25295175705707656,0.513703630060304,-0.12305778740596542
KWgkc,LP_3,4.0,0.0,1.0,5.0,4.0,0.0,2.0,0.0,6.0,1.0,6.0,3.0,0.10573658701300023,-0.04065900074777244,-0.23178812878192498,-0.13045708399379352,-0.06897641832592359,-0.12327371505933826,-0.13177719423999038,-0.15910810931685462,0.557982403074521,-0.09633278742494199,0.513703630060304,0.2512948083960231
KWgkc,LP_4,4.0,0.0,6.0,8.0,5.0,0.0,3.0,0.0,5.0,0.0,7.0,0.0,0.10573658701300023,-0.04065900074777244,0.6480605346337357,0.5217001030108613,0.16377947709259552,-0.12327371505933826,0.0945782446080077,-0.15910810931685462,0.33697360461178144,-0.25295175705707656,0.756851815030152,-0.12305778740596542
KWgkc,LP_7,5.0,0.0,4.0,8.0,7.0,0.0,2.0,0.0,6.0,1.0,5.0,0.0,0.3192920289203435,-0.04065900074777244,0.29612106926747145,0.5217001030108613,0.6292912679296337,-0.12327371505933826,-0.13177719423999038,-0.15910810931685462,0.557982403074521,-0.09633278742494199,0.27055544509045587,-0.12305778740596542
KWgkc,LP_8,7.0,0.0,0.0,9.0,8.0,0.0,5.0,0.0,8.0,0.0,8.0,0.0,0.74640291273503,-0.04065900074777244,-0.4077578614650571,0.739085832012413,0.8620471633481528,-0.12327371505933826,0.5472891223040038,-0.15910810931685462,1.0,-0.25295175705707656,1.0,-0.12305778740596542
KWgkc,LP_5,3.0,0.0,1.0,8.0,7.0,0.0,6.0,0.0,6.0,0.0,6.0,0.0,-0.10781885489434301,-0.04065900074777244,-0.23178812878192498,0.5217001030108613,0.6292912679296337,-0.12327371505933826,0.773644561152002,-0.15910810931685462,0.557982403074521,-0.25295175705707656,0.513703630060304,-0.12305778740596542
KWgkc,LP_6,0.0,0.0,5.0,8.0,6.0,0.0,1.0,0.0,4.0,0.0,4.0,0.0,-0.7484851806163728,-0.04065900074777244,0.4720908019506036,0.5217001030108613,0.39653537251111465,-0.12327371505933826,-0.35813263308798843,-0.15910810931685462,0.11596480614904194,-0.25295175705707656,0.027407260120607804,-0.12305778740596542
KWgkc,HP_1_L,5.0,0.0,1.0,5.0,6.0,0.0,7.0,0.0,5.0,0.0,7.0,0.0,0.3192920289203435,-0.04065900074777244,-0.23178812878192498,-0.13045708399379352,0.39653537251111465,-0.12327371505933826,1.0,-0.15910810931685462,0.33697360461178144,-0.25295175705707656,0.756851815030152,-0.12305778740596542
KWgkc,HP_1_H,7.0,0.46153846153846156,0.7692307692307693,3.9615384615384617,4.961538461538462,0.34615384615384615,5.269230769230769,0.34615384615384615,6.230769230769231,0.8076923076923077,5.961538461538462,0.5384615384615384,0.74640291273503,0.027955878422410357,-0.2723965286318786,-0.35620380257232787,0.15482732726880635,-0.06772721266629406,0.6082309712246187,-0.10895439304833689,0.6089844334889993,-0.12645182004650632,0.5043517767922329,-0.05586629585176235
KWgkc,HP_3_L,3.0,0.0,3.0,9.0,5.0,0.0,2.0,0.0,4.0,1.0,5.0,0.0,-0.10781885489434301,-0.04065900074777244,0.1201513365843393,0.739085832012413,0.16377947709259552,-0.12327371505933826,-0.13177719423999038,-0.15910810931685462,0.11596480614904194,-0.09633278742494199,0.27055544509045587,-0.12305778740596542
KWgkc,HP_3_H,8.1875,0.1875,0.15625,4.90625,5.59375,0.40625,5.46875,0.0625,7.21875,0.46875,7.21875,0.40625,1.0,-0.012784206084885683,-0.3802625907333177,-0.150836996087689,0.3019782899973412,-0.05808372266750166,0.653393234264003,-0.1500525772128167,0.8273368762009847,-0.1795366150420135,0.8100404804923063,-0.07236420672444614
KWgkc,HP_7_H,6.0,0.0,0.0,5.0,5.0,0.0,7.0,1.0,6.0,0.0,7.0,0.0,0.5328474708276867,-0.04065900074777244,-0.4077578614650571,-0.13045708399379352,0.16377947709259552,-0.12327371505933826,1.0,-0.014219595652247799,0.557982403074521,-0.25295175705707656,0.756851815030152,-0.12305778740596542
KWgkc,HP_7_L,4.588235294117647,0.029411764705882353,2.823529411764706,4.617647058823529,4.205882352941177,0.058823529411764705,3.7058823529411766,0.058823529411764705,4.823529411764706,0.29411764705882354,5.4411764705882355,0.11764705882352941,0.23135743519379032,-0.03628648393790786,0.08909785434613954,-0.21357515684732806,-0.021056086916228442,-0.11383444014287324,0.2543585543830652,-0.15058525557187774,0.2979720519418862,-0.2068873542240958,0.37782670316538886,-0.10837729345294625
KWgkc,HN_2_H,0.0,1.0,0.0,1.0,0.0,4.0,1.0,8.0,1.0,6.0,0.0,0.0,-0.7484851806163728,0.10800657078762362,-0.4077578614650571,-1.0,-1.0,0.5185969792602837,-0.35813263308798843,1.0,-0.5470615892391766,0.6867620607357309,-0.9451854797587844,-0.12305778740596542
KWgkc,HN_2_L,0.5714285714285714,0.14285714285714285,2.5714285714285716,2.5714285714285716,0.8571428571428571,2.0,0.2857142857142857,1.1428571428571428,0.2857142857142857,2.857142857142857,0.5714285714285714,0.42857142857142855,-0.6264534995264623,-0.01942106195700158,0.04473573686299699,-0.6583938544261331,-0.8004949467841265,0.19766163210047272,-0.5198150894079872,0.006478763442696024,-0.704925016712562,0.1945310133204508,-0.8062436597760141,-0.06957884514853849
KWgkc,HN_3_H,0.0,0.0,0.0,3.0,0.0,2.0,0.0,6.0,0.0,4.0,0.0,0.0,-0.7484851806163728,-0.04065900074777244,-0.4077578614650571,-0.5652285419968968,-1.0,0.19766163210047272,-0.5844880719359865,0.7102229726707864,-0.7680703877019162,0.37352412147146175,-0.9451854797587844,-0.12305778740596542
KWgkc,HN_3_L,0.5714285714285714,0.5714285714285714,1.0,1.7142857142857142,1.1428571428571428,0.7142857142857143,1.1428571428571428,1.2857142857142858,0.2857142857142857,1.4285714285714286,0.8571428571428571,0.0,-0.6264534995264623,0.04429275441531102,-0.23178812878192498,-0.8447244792846059,-0.7339932623788353,-0.008653948216548635,-0.32579614182398875,0.02717712253763988,-0.704925016712562,-0.029210371868312882,-0.7367727497846289,-0.12305778740596542
KWgkc,LN_7_P,6.0,0.0,3.0,4.0,7.0,2.0,0.0,2.0,0.0,1.0,3.0,1.0,0.5328474708276867,-0.04065900074777244,0.1201513365843393,-0.34784281299534514,0.6292912679296337,0.19766163210047272,-0.5844880719359865,0.13066891801235903,-0.7680703877019162,-0.09633278742494199,-0.21574092484924023,0.0017264111946974177
KWgkc,LN_7_N,0.26666666666666666,1.0,0.7333333333333333,2.033333333333333,1.5,0.6666666666666666,0.25,1.8333333333333333,0.21666666666666667,3.5166666666666666,0.6666666666666666,6.983333333333333,-0.6915370627744146,0.10800657078762362,-0.2787133908307602,-0.77536808003173,-0.6508661568722214,-0.01629526600606795,-0.527899212223987,0.10652083240159121,-0.7201851480349892,0.29782495281593,-0.7830866897788857,0.7483518661553301
EXAMPLE,HN_1,1.0,6.0,0.0,2.0,0.0,7.0,0.0,4.0,0.0,9.0,0.0,6.0,-0.5625112420804326,0.626534090816516,-0.3603600483102958,-0.8010795840807085,-0.7858765987730281,0.8620559431399051,-0.4860579620873247,0.5035845427822839,-0.7055349740122571,1.0,-0.8243761897347152,0.5652166988116267
EXAMPLE,HN_4,2.0,1.0,0.0,1.0,0.0,0.0,0.0,1.0,0.0,4.0,0.0,2.0,-0.3671973368203785,0.004090908844042622,-0.3603600483102958,-1.0,-0.7858765987730281,-0.10355245488075938,-0.4860579620873247,0.00716908556456784,-0.7055349740122571,0.29451099952966286,-0.8243761897347152,-0.014494369439537526
EXAMPLE,HN_5,3.0,2.0,1.0,5.0,0.0,0.0,0.0,1.0,0.0,2.0,1.0,3.0,-0.1718834315603244,0.12857954523853726,-0.1903150422715088,-0.2043183363228338,-0.7858765987730281,-0.10355245488075938,-0.4860579620873247,0.00716908556456784,-0.7055349740122571,0.012315399341528003,-0.6216677242086357,0.13043339762325354
EXAMPLE,HN_6,2.0,5.0,2.0,7.0,2.0,2.0,0.0,2.0,0.0,6.0,0.0,7.0,-0.3671973368203785,0.5020454544220213,-0.020270036232721812,0.1935224955157493,-0.38901513237902186,0.1723356588394305,-0.4860579620873247,0.17264090463713985,-0.7055349740122571,0.5767065997177977,-0.8243761897347152,0.7101444658744178
EXAMPLE,HN_7,0.0,5.0,4.0,4.0,0.0,0.0,0.0,2.0,0.0,4.0,0.0,2.0,-0.7578251473404867,0.5020454544220213,0.31981997584485217,-0.40323875224212535,-0.7858765987730281,-0.10355245488075938,-0.4860579620873247,0.17264090463713985,-0.7055349740122571,0.29451099952966286,-0.8243761897347152,-0.014494369439537526
EXAMPLE,HN_8,1.0,3.0,1.0,7.0,0.0,1.0,0.0,0.0,0.0,7.0,0.0,9.0,-0.5625112420804326,0.25306818163303196,-0.1903150422715088,0.1935224955157493,-0.7858765987730281,0.03439160197933555,-0.4860579620873247,-0.15830273350800417,-0.7055349740122571,0.7178043998118652,-0.8243761897347152,1.0
EXAMPLE,HP_2,7.0,0.0,2.0,9.0,8.0,0.0,6.0,0.0,8.0,0.0,8.0,0.0,0.6093721894798919,-0.12039772755045204,-0.020270036232721812,0.5913633273543324,0.8015692668029969,-0.10355245488075938,0.5046473459708918,-0.15830273350800417,0.8104961139986381,-0.26988020084660685,0.7972915344739205,-0.30434990356511965
EXAMPLE,HP_4,3.0,0.0,3.0,8.0,5.0,0.0,3.0,0.0,5.0,0.0,6.0,0.0,-0.1718834315603244,-0.12039772755045204,0.14977496980606517,0.39244291143504084,0.2062770672119875,-0.10355245488075938,0.009294691941783518,-0.15830273350800417,0.24198445599455243,-0.26988020084660685,0.3918746034217616,-0.30434990356511965
EXAMPLE,HP_5,9.0,0.0,2.0,9.0,8.0,0.0,5.0,0.0,7.0,0.0,7.0,0.0,1.0,-0.12039772755045204,-0.020270036232721812,0.5913633273543324,0.8015692668029969,-0.10355245488075938,0.33952979462785565,-0.15830273350800417,0.6209922279972763,-0.26988020084660685,0.5945830689478411,-0.30434990356511965
EXAMPLE,HP_6,8.0,0.0,2.0,8.0,8.0,0.0,7.0,0.0,9.0,0.0,9.0,0.0,0.8046860947399459,-0.12039772755045204,-0.020270036232721812,0.39244291143504084,0.8015692668029969,-0.10355245488075938,0.6697648973139279,-0.15830273350800417,1.0,-0.26988020084660685,1.0,-0.30434990356511965
EXAMPLE,HP_8,9.0,0.0,1.0,9.0,8.0,0.0,6.0,0.0,8.0,0.0,8.0,0.0,1.0,-0.12039772755045204,-0.1903150422715088,0.5913633273543324,0.8015692668029969,-0.10355245488075938,0.5046473459708918,-0.15830273350800417,0.8104961139986381,-0.26988020084660685,0.7972915344739205,-0.30434990356511965
EXAMPLE,LN_1,0.0,0.0,8.0,9.0,2.0,0.0,0.0,0.0,0.0,0.0,0.0,2.0,-0.7578251473404867,-0.12039772755045204,1.0,0.5913633273543324,-0.38901513237902186,-0.10355245488075938,-0.4860579620873247,-0.15830273350800417,-0.7055349740122571,-0.26988020084660685,-0.8243761897347152,-0.014494369439537526
EXAMPLE,LN_2,2.0,0.0,1.0,5.0,2.0,1.0,0.0,0.0,0.0,3.0,1.0,7.0,-0.3671973368203785,-0.12039772755045204,-0.1903150422715088,-0.2043183363228338,-0.38901513237902186,0.03439160197933555,-0.4860579620873247,-0.15830273350800417,-0.7055349740122571,0.15341319943559545,-0.6216677242086357,0.7101444658744178
EXAMPLE,LN_3,0.0,9.0,0.0,1.0,0.0,8.0,0.0,7.0,0.0,8.0,0.0,8.0,-0.7578251473404867,1.0,-0.3603600483102958,-1.0,-0.7858765987730281,1.0,-0.4860579620873247,1.0,-0.7055349740122571,0.8589021999059325,-0.8243761897347152,0.8550722329372089
EXAMPLE,LN_4,0.0,0.0,7.0,7.0,1.0,0.0,0.0,1.0,0.0,6.0,0.0,7.0,-0.7578251473404867,-0.12039772755045204,0.829954993961213,0.1935224955157493,-0.587445865576025,-0.10355245488075938,-0.4860579620873247,0.00716908556456784,-0.7055349740122571,0.5767065997177977,-0.8243761897347152,0.7101444658744178
EXAMPLE,LN_5,3.0,1.0,3.0,7.0,0.0,1.0,0.0,0.0,0.0,2.0,1.0,3.0,-0.1718834315603244,0.004090908844042622,0.14977496980606517,0.1935224955157493,-0.7858765987730281,0.03439160197933555,-0.4860579620873247,-0.15830273350800417,-0.7055349740122571,0.012315399341528003,-0.6216677242086357,0.13043339762325354
EXAMPLE,LN_6,0.0,0.0,1.0,3.0,0.0,0.0,0.0,0.0,0.0,2.0,0.0,5.0,-0.7578251473404867,-0.12039772755045204,-0.1903150422715088,-0.6021591681614169,-0.7858765987730281,-0.10355245488075938,-0.4860579620873247,-0.15830273350800417,-0.7055349740122571,0.012315399341528003,-0.8243761897347152,0.4202889317488357
EXAMPLE,LN_8,1.0,0.0,2.0,7.0,1.0,0.0,0.0,0.0,0.0,2.0,0.0,4.0,-0.5625112420804326,-0.12039772755045204,-0.020270036232721812,0.1935224955157493,-0.587445865576025,-0.10355245488075938,-0.4860579620873247,-0.15830273350800417,-0.7055349740122571,0.012315399341528003,-0.8243761897347152,0.2753611646860446
EXAMPLE,LP_1,7.0,0.0,1.0,8.0,8.0,0.0,7.0,0.0,9.0,0.0,9.0,0.0,0.6093721894798919,-0.12039772755045204,-0.1903150422715088,0.39244291143504084,0.8015692668029969,-0.10355245488075938,0.6697648973139279,-0.15830273350800417,1.0,-0.26988020084660685,1.0,-0.30434990356511965
EXAMPLE,LP_2,0.0,0.0,7.0,8.0,4.0,0.0,1.0,0.0,3.0,0.0,5.0,0.0,-0.7578251473404867,-0.12039772755045204,0.829954993961213,0.39244291143504084,0.007846334014984382,-0.10355245488075938,-0.32094041074428864,-0.15830273350800417,-0.13702331600817136,-0.26988020084660685,0.18916613789568218,-0.30434990356511965
EXAMPLE,LP_3,7.0,0.0,3.0,8.0,8.0,0.0,8.0,0.0,9.0,0.0,9.0,0.0,0.6093721894798919,-0.12039772755045204,0.14977496980606517,0.39244291143504084,0.8015692668029969,-0.10355245488075938,0.8348824486569639,-0.15830273350800417,1.0,-0.26988020084660685,1.0,-0.30434990356511965
EXAMPLE,LP_4,9.0,0.0,0.0,9.0,9.0,0.0,9.0,0.0,9.0,0.0,9.0,0.0,1.0,-0.12039772755045204,-0.3603600483102958,0.5913633273543324,1.0,-0.10355245488075938,1.0,-0.15830273350800417,1.0,-0.26988020084660685,1.0,-0.30434990356511965
EXAMPLE,LP_5,7.0,0.0,2.0,9.0,9.0,0.0,9.0,0.0,9.0,0.0,9.0,0.0,0.6093721894798919,-0.12039772755045204,-0.020270036232721812,0.5913633273543324,1.0,-0.10355245488075938,1.0,-0.15830273350800417,1.0,-0.26988020084660685,1.0,-0.30434990356511965
EXAMPLE,LP_6,0.0,0.0,8.0,9.0,7.0,0.0,0.0,0.0,5.0,0.0,4.0,0.0,-0.7578251473404867,-0.12039772755045204,1.0,0.5913633273543324,0.6031385336059938,-0.10355245488075938,-0.4860579620873247,-0.15830273350800417,0.24198445599455243,-0.26988020084660685,-0.013542327630397291,-0.30434990356511965
EXAMPLE,LP_7,6.0,0.0,2.0,8.0,8.0,0.0,6.0,0.0,8.0,0.0,9.0,0.0,0.41405828421983787,-0.12039772755045204,-0.020270036232721812,0.39244291143504084,0.8015692668029969,-0.10355245488075938,0.5046473459708918,-0.15830273350800417,0.8104961139986381,-0.26988020084660685,1.0,-0.30434990356511965
EXAMPLE,LP_8,9.0,0.0,2.0,9.0,9.0,0.0,9.0,0.0,9.0,0.0,9.0,0.0,1.0,-0.12039772755045204,-0.020270036232721812,0.5913633273543324,1.0,-0.10355245488075938,1.0,-0.15830273350800417,1.0,-0.26988020084660685,1.0,-0.30434990356511965
tMGNS,HN_1,0.0,0.0,0.0,0.0,0.0,3.0,0.0,0.0,0.0,2.0,0.0,6.0,-0.2721446158795363,-0.045129217263998836,-0.10518025829322492,-0.27806537468028614,-0.3900122096535789,0.46451509099993415,-0.22269100520757795,-0.05188261679698614,-0.4816217696993727,0.16312261576381232,-0.38090176879639276,0.825576266541447
tMGNS,HN_4,4.0,4.0,0.0,0.0,0.0,0.0,0.0,0.0,0.0,3.0,0.0,7.0,0.2932529911780354,0.4193726570755562,-0.10518025829322492,-0.27806537468028614,-0.3900122096535789,-0.07096981800013163,-0.22269100520757795,-0.05188261679698614,-0.4816217696993727,0.30260217980317694,-0.38090176879639276,1.0
tMGNS,HN_5,0.0,0.0,0.0,0.0,0.0,0.0,0.0,0.0,0.0,0.0,0.0,0.0,-0.2721446158795363,-0.045129217263998836,-0.10518025829322492,-0.27806537468028614,-0.3900122096535789,-0.07096981800013163,-0.22269100520757795,-0.05188261679698614,-0.4816217696993727,-0.11583651231491691,-0.38090176879639276,-0.22096613420987132
tMGNS,HN_6,6.0,0.0,0.0,0.0,0.0,0.0,0.0,0.0,0.0,8.0,0.0,2.0,0.5759517947068212,-0.045129217263998836,-0.10518025829322492,-0.27806537468028614,-0.3900122096535789,-0.07096981800013163,-0.22269100520757795,-0.05188261679698614,-0.4816217696993727,1.0,-0.38090176879639276,0.12788133270723478
tMGNS,HN_7,0.0,0.0,0.0,0.0,0.0,0.0,0.0,0.0,0.0,0.0,0.0,1.0,-0.2721446158795363,-0.045129217263998836,-0.10518025829322492,-0.27806537468028614,-0.3900122096535789,-0.07096981800013163,-0.22269100520757795,-0.05188261679698614,-0.4816217696993727,-0.11583651231491691,-0.38090176879639276,-0.04654240075131827
tMGNS,HN_8,0.0,0.0,0.0,0.0,0.0,6.0,0.0,0.0,0.0,5.0,0.0,2.0,-0.2721446158795363,-0.045129217263998836,-0.10518025829322492,-0.27806537468028614,-0.3900122096535789,1.0,-0.22269100520757795,-0.05188261679698614,-0.4816217696993727,0.5815613078819062,-0.38090176879639276,0.12788133270723478
tMGNS,HP_2,0.0,0.0,0.0,4.0,3.0,0.0,0.0,0.0,7.0,0.0,8.0,0.0,-0.2721446158795363,-0.045129217263998836,-0.10518025829322492,0.2899636807331744,0.13124236896651317,-0.07096981800013163,-0.22269100520757795,-0.05188261679698614,0.6707507178445838,-0.11583651231491691,0.8465664701337341,-0.22096613420987132
tMGNS,HP_4,0.0,0.0,0.0,0.0,0.0,0.0,0.0,0.0,1.0,0.0,0.0,0.0,-0.2721446158795363,-0.045129217263998836,-0.10518025829322492,-0.27806537468028614,-0.3900122096535789,-0.07096981800013163,-0.22269100520757795,-0.05188261679698614,-0.3169971286216646,-0.11583651231491691,-0.38090176879639276,-0.22096613420987132
tMGNS,HP_5,0.0,0.0,0.0,0.0,7.0,0.0,0.0,0.0,5.0,0.0,2.0,0.0,-0.2721446158795363,-0.045129217263998836,-0.10518025829322492,-0.27806537468028614,0.8262484737933027,-0.07096981800013163,-0.22269100520757795,-0.05188261679698614,0.34150143568916763,-0.11583651231491691,-0.07403470906386105,-0.22096613420987132
tMGNS,HP_6,2.0,0.0,0.0,9.0,0.0,0.0,0.0,0.0,3.0,0.0,5.0,0.0,0.010554187649249555,-0.045129217263998836,-0.10518025829322492,1.0,-0.3900122096535789,-0.07096981800013163,-0.22269100520757795,-0.05188261679698614,0.012252153533751519,-0.11583651231491691,0.38626588053493655,-0.22096613420987132
tMGNS,HP_8,2.0,0.0,5.0,0.0,3.0,0.0,0.0,0.0,0.0,0.0,0.0,0.0,0.010554187649249555,-0.045129217263998836,1.0,-0.27806537468028614,0.13124236896651317,-0.07096981800013163,-0.22269100520757795,-0.05188261679698614,-0.4816217696993727,-0.11583651231491691,-0.38090176879639276,-0.22096613420987132
tMGNS,LN_1,0.0,0.0,4.0,0.0,0.0,0.0,0.0,0.0,0.0,0.0,0.0,0.0,-0.2721446158795363,-0.045129217263998836,0.7789639483413551,-0.27806537468028614,-0.3900122096535789,-0.07096981800013163,-0.22269100520757795,-0.05188261679698614,-0.4816217696993727,-0.11583651231491691,-0.38090176879639276,-0.22096613420987132
tMGNS,LN_2,0.0,0.0,0.0,0.0,0.0,0.0,0.0,0.0,0.0,0.0,0.0,1.0,-0.2721446158795363,-0.045129217263998836,-0.10518025829322492,-0.27806537468028614,-0.3900122096535789,-0.07096981800013163,-0.22269100520757795,-0.05188261679698614,-0.4816217696993727,-0.11583651231491691,-0.38090176879639276,-0.04654240075131827
tMGNS,LN_3,0.0,9.0,0.0,0.0,0.0,0.0,0.0,0.0,0.0,0.0,0.0,5.0,-0.2721446158795363,1.0,-0.10518025829322492,-0.27806537468028614,-0.3900122096535789,-0.07096981800013163,-0.22269100520757795,-0.05188261679698614,-0.4816217696993727,-0.11583651231491691,-0.38090176879639276,0.6511525330828939
tMGNS,LN_4,8.0,0.0,0.0,0.0,3.0,0.0,0.0,0.0,0.0,0.0,0.0,5.0,0.8586505982356071,-0.045129217263998836,-0.10518025829322492,-0.27806537468028614,0.13124236896651317,-0.07096981800013163,-0.22269100520757795,-0.05188261679698614,-0.4816217696993727,-0.11583651231491691,-0.38090176879639276,0.6511525330828939
tMGNS,LN_5,0.0,0.0,0.0,0.0,0.0,0.0,0.0,0.0,0.0,2.0,0.0,4.0,-0.2721446158795363,-0.045129217263998836,-0.10518025829322492,-0.27806537468028614,-0.3900122096535789,-0.07096981800013163,-0.22269100520757795,-0.05188261679698614,-0.4816217696993727,0.16312261576381232,-0.38090176879639276,0.4767287996243409
tMGNS,LN_6,0.0,0.0,0.0,0.0,0.0,0.0,0.0,0.0,0.0,0.0,0.0,2.0,-0.2721446158795363,-0.045129217263998836,-0.10518025829322492,-0.27806537468028614,-0.3900122096535789,-0.07096981800013163,-0.22269100520757795,-0.05188261679698614,-0.4816217696993727,-0.11583651231491691,-0.38090176879639276,0.12788133270723478
tMGNS,LN_8,0.0,0.0,0.0,0.0,0.0,0.0,0.0,0.0,0.0,0.0,0.0,2.0,-0.2721446158795363,-0.045129217263998836,-0.10518025829322492,-0.27806537468028614,-0.3900122096535789,-0.07096981800013163,-0.22269100520757795,-0.05188261679698614,-0.4816217696993727,-0.11583651231491691,-0.38090176879639276,0.12788133270723478
tMGNS,LP_1,1.0,0.0,0.0,3.0,0.0,0.0,3.0,0.0,9.0,0.0,7.0,0.0,-0.13079521411514336,-0.045129217263998836,-0.10518025829322492,0.1479564168798093,-0.3900122096535789,-0.07096981800013163,0.18487266319494805,-0.05188261679698614,1.0,-0.11583651231491691,0.6931329402674683,-0.22096613420987132
tMGNS,LP_2,0.0,0.0,0.0,0.0,8.0,0.0,2.0,0.0,7.0,0.0,3.0,0.0,-0.2721446158795363,-0.045129217263998836,-0.10518025829322492,-0.27806537468028614,1.0,-0.07096981800013163,0.04901810706077271,-0.05188261679698614,0.6707507178445838,-0.11583651231491691,0.07939882080240482,-0.22096613420987132
tMGNS,LP_3,3.0,0.0,0.0,5.0,4.0,0.0,4.0,0.0,8.0,0.0,9.0,0.0,0.1519035894136425,-0.045129217263998836,-0.10518025829322492,0.43197094458653956,0.3049938951732105,-0.07096981800013163,0.32072721932912335,-0.05188261679698614,0.835375358922292,-0.11583651231491691,1.0,-0.22096613420987132
tMGNS,LP_4,0.0,0.0,0.0,5.0,0.0,0.0,1.0,0.0,8.0,0.0,4.0,0.0,-0.2721446158795363,-0.045129217263998836,-0.10518025829322492,0.43197094458653956,-0.3900122096535789,-0.07096981800013163,-0.08683644907340261,-0.05188261679698614,0.835375358922292,-0.11583651231491691,0.23283235066867067,-0.22096613420987132
tMGNS,LP_5,9.0,0.0,0.0,9.0,8.0,0.0,9.0,0.0,9.0,0.0,9.0,0.0,1.0,-0.045129217263998836,-0.10518025829322492,1.0,1.0,-0.07096981800013163,1.0,-0.05188261679698614,1.0,-0.11583651231491691,1.0,-0.22096613420987132
tMGNS,LP_6,0.0,0.0,0.0,8.0,4.0,0.0,0.0,0.0,0.0,0.0,9.0,0.0,-0.2721446158795363,-0.045129217263998836,-0.10518025829322492,0.8579927361466348,0.3049938951732105,-0.07096981800013163,-0.22269100520757795,-0.05188261679698614,-0.4816217696993727,-0.11583651231491691,1.0,-0.22096613420987132
tMGNS,LP_7,3.0,0.0,0.0,4.0,8.0,0.0,4.0,0.0,9.0,0.0,9.0,0.0,0.1519035894136425,-0.045129217263998836,-0.10518025829322492,0.2899636807331744,1.0,-0.07096981800013163,0.32072721932912335,-0.05188261679698614,1.0,-0.11583651231491691,1.0,-0.22096613420987132
tMGNS,LP_8,0.0,0.0,0.0,4.0,7.0,0.0,2.0,0.0,6.0,0.0,3.0,0.0,-0.2721446158795363,-0.045129217263998836,-0.10518025829322492,0.2899636807331744,0.8262484737933027,-0.07096981800013163,0.04901810706077271,-0.05188261679698614,0.5061260767668757,-0.11583651231491691,0.07939882080240482,-0.22096613420987132
urJvc,HN_1,0.0,9.0,0.0,0.0,0.0,9.0,0.0,0.0,0.0,9.0,0.0,8.0,-0.4256596211814613,1.0,-0.48466748377352814,-0.6041581920821891,-0.49211640140462354,1.0,-0.31016207722069683,-0.05276302639573399,-0.4414379192638431,1.0,-0.645476509257169,0.8582856305728913
urJvc,HN_4,0.0,0.0,0.0,0.0,0.0,0.0,0.0,0.0,0.0,9.0,0.0,9.0,-0.4256596211814613,-0.0882051121638109,-0.48466748377352814,-0.6041581920821891,-0.49211640140462354,-0.08563666100238443,-0.31016207722069683,-0.05276302639573399,-0.4414379192638431,1.0,-0.645476509257169,1.0
urJvc,HN_5,9.0,0.0,0.0,0.0,8.0,0.0,5.0,0.0,8.0,0.0,5.0,0.0,1.0,-0.0882051121638109,-0.48466748377352814,-0.6041581920821891,0.8342092887328196,-0.08563666100238443,0.5086892210422387,-0.05276302639573399,0.8398402311929063,-0.42715245628236875,0.26867710699681374,-0.27542932484397814
urJvc,HN_6,0.0,4.0,0.0,0.0,0.0,1.0,0.0,0.0,0.0,9.0,0.0,7.0,-0.4256596211814613,0.39544160435343845,-0.48466748377352814,-0.6041581920821891,-0.49211640140462354,0.03498963466454717,-0.31016207722069683,-0.05276302639573399,-0.4414379192638431,1.0,-0.645476509257169,0.7165712611457826
urJvc,HN_7,0.0,0.0,9.0,5.0,0.0,0.0,0.0,0.0,0.0,1.0,0.0,0.0,-0.4256596211814613,-0.0882051121638109,1.0,0.28704080351902705,-0.49211640140462354,-0.08563666100238443,-0.31016207722069683,-0.05276302639573399,-0.4414379192638431,-0.26857996113988336,-0.645476509257169,-0.27542932484397814
urJvc,HN_8,0.0,0.0,1.0,0.0,0.0,0.0,0.0,0.0,0.0,8.0,0.0,7.0,-0.4256596211814613,-0.0882051121638109,-0.3197044300209139,-0.6041581920821891,-0.49211640140462354,-0.08563666100238443,-0.31016207722069683,-0.05276302639573399,-0.4414379192638431,0.8414275048575146,-0.645476509257169,0.7165712611457826
urJvc,HP_2,0.0,0.0,8.0,3.0,1.0,0.0,0.0,0.0,0.0,0.0,8.0,0.0,-0.4256596211814613,-0.0882051121638109,0.8350369462473858,-0.06943879472145942,-0.32632569013744317,-0.08563666100238443,-0.31016207722069683,-0.05276302639573399,-0.4414379192638431,-0.42715245628236875,0.8171692767492035,-0.27542932484397814
urJvc,HP_4,2.0,0.0,7.0,4.0,1.0,0.0,0.0,0.0,0.0,0.0,7.0,0.0,-0.10884637203002545,-0.0882051121638109,0.6700738924947716,0.1088010043987838,-0.32632569013744317,-0.08563666100238443,-0.31016207722069683,-0.05276302639573399,-0.4414379192638431,-0.42715245628236875,0.6343385534984068,-0.27542932484397814
urJvc,HP_5,7.0,0.0,1.0,3.0,5.0,0.0,4.0,0.0,6.0,0.0,5.0,0.0,0.6831867508485642,-0.0882051121638109,-0.3197044300209139,-0.06943879472145942,0.3368371549312784,-0.08563666100238443,0.34491896138965156,-0.05276302639573399,0.5195206935787189,-0.42715245628236875,0.26867710699681374,-0.27542932484397814
urJvc,HP_6,8.0,0.0,0.0,7.0,9.0,0.0,7.0,0.0,9.0,0.0,8.0,0.0,0.841593375424282,-0.0882051121638109,-0.48466748377352814,0.6435204017595135,1.0,-0.08563666100238443,0.8362297403474129,-0.05276302639573399,1.0,-0.42715245628236875,0.8171692767492035,-0.27542932484397814
urJvc,HP_8,2.0,0.0,7.0,5.0,4.0,0.0,0.0,0.0,1.0,0.0,8.0,0.0,-0.10884637203002545,-0.0882051121638109,0.6700738924947716,0.28704080351902705,0.171046443664098,-0.08563666100238443,-0.31016207722069683,-0.05276302639573399,-0.2812781504567494,-0.42715245628236875,0.8171692767492035,-0.27542932484397814
urJvc,LN_1,0.0,0.0,9.0,5.0,0.0,0.0,0.0,0.0,0.0,0.0,0.0,0.0,-0.4256596211814613,-0.0882051121638109,1.0,0.28704080351902705,-0.49211640140462354,-0.08563666100238443,-0.31016207722069683,-0.05276302639573399,-0.4414379192638431,-0.42715245628236875,-0.645476509257169,-0.27542932484397814
urJvc,LN_2,0.0,0.0,2.0,0.0,0.0,0.0,0.0,0.0,0.0,6.0,0.0,8.0,-0.4256596211814613,-0.0882051121638109,-0.15474137626829967,-0.6041581920821891,-0.49211640140462354,-0.08563666100238443,-0.31016207722069683,-0.05276302639573399,-0.4414379192638431,0.5242825145725438,-0.645476509257169,0.8582856305728913
urJvc,LN_3,0.0,9.0,0.0,0.0,0.0,9.0,0.0,0.0,0.0,9.0,0.0,8.0,-0.4256596211814613,1.0,-0.48466748377352814,-0.6041581920821891,-0.49211640140462354,1.0,-0.31016207722069683,-0.05276302639573399,-0.4414379192638431,1.0,-0.645476509257169,0.8582856305728913
urJvc,LN_4,0.0,0.0,0.0,0.0,0.0,0.0,0.0,0.0,0.0,9.0,0.0,7.0,-0.4256596211814613,-0.0882051121638109,-0.48466748377352814,-0.6041581920821891,-0.49211640140462354,-0.08563666100238443,-0.31016207722069683,-0.05276302639573399,-0.4414379192638431,1.0,-0.645476509257169,0.7165712611457826
urJvc,LN_5,0.0,0.0,9.0,4.0,0.0,0.0,0.0,0.0,0.0,3.0,0.0,1.0,-0.4256596211814613,-0.0882051121638109,1.0,0.1088010043987838,-0.49211640140462354,-0.08563666100238443,-0.31016207722069683,-0.05276302639573399,-0.4414379192638431,0.04856502914508751,-0.645476509257169,-0.13371495541686948
urJvc,LN_6,0.0,0.0,8.0,5.0,0.0,0.0,0.0,0.0,0.0,1.0,0.0,0.0,-0.4256596211814613,-0.0882051121638109,0.8350369462473858,0.28704080351902705,-0.49211640140462354,-0.08563666100238443,-0.31016207722069683,-0.05276302639573399,-0.4414379192638431,-0.26857996113988336,-0.645476509257169,-0.27542932484397814
urJvc,LN_8,0.0,0.0,0.0,0.0,0.0,0.0,0.0,0.0,0.0,9.0,0.0,8.0,-0.4256596211814613,-0.0882051121638109,-0.48466748377352814,-0.6041581920821891,-0.49211640140462354,-0.08563666100238443,-0.31016207722069683,-0.05276302639573399,-0.4414379192638431,1.0,-0.645476509257169,0.8582856305728913
urJvc,LP_1,9.0,0.0,2.0,6.0,8.0,0.0,5.0,0.0,8.0,0.0,9.0,0.0,1.0,-0.0882051121638109,-0.15474137626829967,0.46528060263927024,0.8342092887328196,-0.08563666100238443,0.5086892210422387,-0.05276302639573399,0.8398402311929063,-0.42715245628236875,1.0,-0.27542932484397814
urJvc,LP_2,4.0,0.0,3.0,7.0,9.0,0.0,6.0,0.0,9.0,0.0,9.0,0.0,0.2079668771214104,-0.0882051121638109,0.010221677484314556,0.6435204017595135,1.0,-0.08563666100238443,0.6724594806948258,-0.05276302639573399,1.0,-0.42715245628236875,1.0,-0.27542932484397814
urJvc,LP_3,2.0,0.0,7.0,5.0,5.0,0.0,2.0,0.0,3.0,0.0,5.0,0.0,-0.10884637203002545,-0.0882051121638109,0.6700738924947716,0.28704080351902705,0.3368371549312784,-0.08563666100238443,0.01737844208447737,-0.05276302639573399,0.0390413871574379,-0.42715245628236875,0.26867710699681374,-0.27542932484397814
urJvc,LP_4,9.0,0.0,0.0,9.0,8.0,0.0,8.0,0.0,9.0,0.0,9.0,0.0,1.0,-0.0882051121638109,-0.48466748377352814,1.0,0.8342092887328196,-0.08563666100238443,1.0,-0.05276302639573399,1.0,-0.42715245628236875,1.0,-0.27542932484397814
urJvc,LP_5,6.0,0.0,4.0,5.0,7.0,0.0,5.0,0.0,9.0,0.0,7.0,0.0,0.5247801262728462,-0.0882051121638109,0.1751847312369288,0.28704080351902705,0.6684185774656393,-0.08563666100238443,0.5086892210422387,-0.05276302639573399,1.0,-0.42715245628236875,0.6343385534984068,-0.27542932484397814
urJvc,LP_6,2.0,0.0,6.0,8.0,6.0,0.0,0.0,0.0,2.0,0.0,5.0,0.0,-0.10884637203002545,-0.0882051121638109,0.5051108387421572,0.8217602008797568,0.5026278661984588,-0.08563666100238443,-0.31016207722069683,-0.05276302639573399,-0.12111838164965577,-0.42715245628236875,0.26867710699681374,-0.27542932484397814
urJvc,LP_7,0.0,4.0,4.0,5.0,0.0,2.0,0.0,0.0,0.0,2.0,0.0,0.0,-0.4256596211814613,0.39544160435343845,0.1751847312369288,0.28704080351902705,-0.49211640140462354,0.15561593033147877,-0.31016207722069683,-0.05276302639573399,-0.4414379192638431,-0.11000746599739791,-0.645476509257169,-0.27542932484397814
urJvc,LP_8,9.0,0.0,0.0,8.0,8.0,0.0,6.0,0.0,9.0,0.0,9.0,0.0,1.0,-0.0882051121638109,-0.48466748377352814,0.8217602008797568,0.8342092887328196,-0.08563666100238443,0.6724594806948258,-0.05276302639573399,1.0,-0.42715245628236875,1.0,-0.27542932484397814
yb3T2,HN_1,0.0,9.0,2.0,0.0,0.0,8.0,0.0,9.0,0.0,8.0,0.0,7.0,-0.8593466839259883,1.0,0.023025094569219504,-1.0,-1.0,1.0,-0.6907617219351044,1.0,-0.8636174483098111,1.0,-1.0,0.6862309839770901
yb3T2,HN_4,1.0,0.0,1.0,0.0,0.0,0.0,0.0,7.0,0.0,6.0,0.0,1.0,-0.6527526079342119,-0.1485663678750604,-0.13980405633591056,-1.0,-1.0,-0.1630304158672627,-0.6907617219351044,0.7157848002361538,-0.8636174483098111,0.6055134407232244,-1.0,-0.2550760640916394
yb3T2,HN_5,0.0,6.0,0.0,0.0,0.0,8.0,0.0,9.0,0.0,8.0,0.0,8.0,-0.8593466839259883,0.6171445440416465,-0.30263320724104065,-1.0,-1.0,1.0,-0.6907617219351044,1.0,-0.8636174483098111,1.0,-1.0,0.8431154919885451
yb3T2,HN_6,0.0,7.0,1.0,3.0,2.0,6.0,0.0,6.0,0.0,8.0,0.0,9.0,-0.8593466839259883,0.7447630293610977,-0.13980405633591056,-0.3915441398786049,-0.5843470347338086,0.7092423960331843,-0.6907617219351044,0.5736772003542306,-0.8636174483098111,1.0,-1.0,1.0
yb3T2,HN_7,0.0,6.0,1.0,2.0,2.0,7.0,0.0,8.0,0.0,8.0,0.0,7.0,-0.8593466839259883,0.6171445440416465,-0.13980405633591056,-0.59436275991907,-0.5843470347338086,0.8546211980165922,-0.6907617219351044,0.8578924001180769,-0.8636174483098111,1.0,-1.0,0.6862309839770901
yb3T2,HN_8,5.0,2.0,0.0,5.0,5.0,0.0,2.0,0.0,2.0,6.0,3.0,5.0,0.17362369603289407,0.10667060276384191,-0.30263320724104065,0.014093100202325107,0.03913241316547872,-0.1630304158672627,-0.2680712914513283,-0.27896839893730796,-0.44948023757429756,0.6055134407232244,-0.2708545919132861,0.37246196795418035
yb3T2,HP_2,8.0,0.0,2.0,8.0,8.0,0.0,7.0,0.0,8.0,0.0,8.0,0.0,0.7934059240082235,-0.1485663678750604,0.023025094569219504,0.6225489603237202,0.662611861064766,-0.1630304158672627,0.7886547847581119,-0.27896839893730796,0.7929313946322432,-0.5779462371071024,0.9443877548979037,-0.41196057210309434
yb3T2,HP_4,8.0,0.0,0.0,7.0,7.0,0.0,7.0,0.0,7.0,0.0,8.0,0.0,0.7934059240082235,-0.1485663678750604,-0.30263320724104065,0.4197303402832552,0.4547853784316702,-0.1630304158672627,0.7886547847581119,-0.27896839893730796,0.5858627892644864,-0.5779462371071024,0.9443877548979037,-0.41196057210309434
yb3T2,HP_5,6.0,0.0,5.0,3.0,3.0,0.0,3.0,2.0,4.0,1.0,4.0,0.0,0.38021777202467055,-0.1485663678750604,0.5115125472846098,-0.3915441398786049,-0.3765205521007128,-0.1630304158672627,-0.05672607620944026,0.005246800826538254,-0.03534302683878398,-0.3807029574687146,-0.027806122551048133,-0.41196057210309434
yb3T2,HP_6,9.0,0.0,0.0,7.0,7.0,0.0,7.0,0.0,8.0,0.0,8.0,0.0,1.0,-0.1485663678750604,-0.30263320724104065,0.4197303402832552,0.4547853784316702,-0.1630304158672627,0.7886547847581119,-0.27896839893730796,0.7929313946322432,-0.5779462371071024,0.9443877548979037,-0.41196057210309434
yb3T2,HP_8,9.0,0.0,0.0,7.0,7.0,0.0,7.0,0.0,8.0,1.0,7.0,0.0,1.0,-0.1485663678750604,-0.30263320724104065,0.4197303402832552,0.4547853784316702,-0.1630304158672627,0.7886547847581119,-0.27896839893730796,0.7929313946322432,-0.3807029574687146,0.7013392855356657,-0.41196057210309434
yb3T2,LN_1,0.0,0.0,8.0,7.0,7.0,0.0,0.0,0.0,3.0,3.0,3.0,3.0,-0.8593466839259883,-0.1485663678750604,1.0,0.4197303402832552,0.4547853784316702,-0.1630304158672627,-0.6907617219351044,-0.27896839893730796,-0.24241163220654077,0.013783601808061046,-0.2708545919132861,0.05869295193127048
yb3T2,LN_2,0.0,0.0,0.0,2.0,2.0,1.0,0.0,7.0,0.0,8.0,0.0,9.0,-0.8593466839259883,-0.1485663678750604,-0.30263320724104065,-0.59436275991907,-0.5843470347338086,-0.017651613883854857,-0.6907617219351044,0.7157848002361538,-0.8636174483098111,1.0,-1.0,1.0
yb3T2,LN_3,0.0,8.0,0.0,2.0,1.0,7.0,0.0,6.0,0.0,5.0,0.0,7.0,-0.8593466839259883,0.8723815146805488,-0.30263320724104065,-0.59436275991907,-0.7921735173669042,0.8546211980165922,-0.6907617219351044,0.5736772003542306,-0.8636174483098111,0.40827016108483666,-1.0,0.6862309839770901
yb3T2,LN_4,1.0,2.0,0.0,4.0,4.0,0.0,0.0,2.0,1.0,3.0,2.0,1.0,-0.6527526079342119,0.10667060276384191,-0.30263320724104065,-0.18872551983813993,-0.16869406946761703,-0.1630304158672627,-0.6907617219351044,0.005246800826538254,-0.6565488429420544,0.013783601808061046,-0.5139030612755241,-0.2550760640916394
yb3T2,LN_5,0.0,0.0,8.0,6.0,6.0,0.0,1.0,0.0,3.0,2.0,3.0,1.0,-0.8593466839259883,-0.1485663678750604,1.0,0.21691172024279012,0.24695889579857447,-0.1630304158672627,-0.47941650669321634,-0.27896839893730796,-0.24241163220654077,-0.18345967783032677,-0.2708545919132861,-0.2550760640916394
yb3T2,LN_6,4.0,0.0,6.0,8.0,8.0,0.0,3.0,0.0,4.0,5.0,4.0,6.0,-0.03297037995888241,-0.1485663678750604,0.6743416981897399,0.6225489603237202,0.662611861064766,-0.1630304158672627,-0.05672607620944026,-0.27896839893730796,-0.03534302683878398,0.40827016108483666,-0.027806122551048133,0.5293464759656352
yb3T2,LN_8,6.0,0.0,1.0,7.0,7.0,0.0,1.0,0.0,1.0,6.0,2.0,8.0,0.38021777202467055,-0.1485663678750604,-0.13980405633591056,0.4197303402832552,0.4547853784316702,-0.1630304158672627,-0.47941650669321634,-0.27896839893730796,-0.6565488429420544,0.6055134407232244,-0.5139030612755241,0.8431154919885451
yb3T2,LP_1,9.0,0.0,0.0,8.0,8.0,0.0,8.0,0.0,8.0,0.0,8.0,0.0,1.0,-0.1485663678750604,-0.30263320724104065,0.6225489603237202,0.662611861064766,-0.1630304158672627,1.0,-0.27896839893730796,0.7929313946322432,-0.5779462371071024,0.9443877548979037,-0.41196057210309434
yb3T2,LP_2,6.0,0.0,3.0,7.0,7.0,0.0,4.0,0.0,8.0,2.0,7.0,4.0,0.38021777202467055,-0.1485663678750604,0.1858542454743496,0.4197303402832552,0.4547853784316702,-0.1630304158672627,0.15461913903244778,-0.27896839893730796,0.7929313946322432,-0.18345967783032677,0.7013392855356657,0.21557745994272542
yb3T2,LP_3,7.0,0.0,3.0,8.0,8.0,0.0,6.0,0.0,8.0,0.0,8.0,0.0,0.586811848016447,-0.1485663678750604,0.1858542454743496,0.6225489603237202,0.662611861064766,-0.1630304158672627,0.5773095695162239,-0.27896839893730796,0.7929313946322432,-0.5779462371071024,0.9443877548979037,-0.41196057210309434
yb3T2,LP_4,6.0,0.0,5.0,9.0,9.0,0.0,2.0,0.0,8.0,0.0,7.0,1.0,0.38021777202467055,-0.1485663678750604,0.5115125472846098,0.8253675803641852,0.8704383436978617,-0.1630304158672627,-0.2680712914513283,-0.27896839893730796,0.7929313946322432,-0.5779462371071024,0.7013392855356657,-0.2550760640916394
yb3T2,LP_5,7.0,0.0,0.0,7.0,7.0,0.0,6.0,1.0,6.0,2.0,6.0,3.0,0.586811848016447,-0.1485663678750604,-0.30263320724104065,0.4197303402832552,0.4547853784316702,-0.1630304158672627,0.5773095695162239,-0.13686079905538487,0.3787941838967296,-0.18345967783032677,0.4582908161734278,0.05869295193127048
yb3T2,LP_6,1.0,0.0,6.0,8.0,8.0,0.0,0.0,1.0,5.0,0.0,5.0,0.0,-0.6527526079342119,-0.1485663678750604,0.6743416981897399,0.6225489603237202,0.662611861064766,-0.1630304158672627,-0.6907617219351044,-0.13686079905538487,0.17172557852897283,-0.5779462371071024,0.21524234681118984,-0.41196057210309434
yb3T2,LP_7,1.0,3.0,0.0,7.0,7.0,0.0,6.0,0.0,8.0,7.0,8.0,7.0,-0.6527526079342119,0.23428908808329307,-0.30263320724104065,0.4197303402832552,0.4547853784316702,-0.1630304158672627,0.5773095695162239,-0.27896839893730796,0.7929313946322432,0.8027567203616122,0.9443877548979037,0.6862309839770901
yb3T2,LP_8,9.0,0.0,0.0,8.0,8.0,0.0,8.0,0.0,9.0,0.0,8.0,0.0,1.0,-0.1485663678750604,-0.30263320724104065,0.6225489603237202,0.662611861064766,-0.1630304158672627,1.0,-0.27896839893730796,1.0,-0.5779462371071024,0.9443877548979037,-0.41196057210309434
EXAMPLE,HP_1_L,5.0,0.0,2.0,7.0,4.0,0.0,4.0,0.0,3.0,0.0,6.0,0.0,0.21874437895978377,-0.12039772755045204,-0.020270036232721812,0.1935224955157493,0.007846334014984382,-0.10355245488075938,0.1744122432848196,-0.15830273350800417,-0.13702331600817136,-0.26988020084660685,0.3918746034217616,-0.30434990356511965
tMGNS,HP_1_L,1.0,0.0,0.0,0.0,0.0,0.0,5.0,0.0,4.0,0.0,0.0,0.0,-0.13079521411514336,-0.045129217263998836,-0.10518025829322492,-0.27806537468028614,-0.3900122096535789,-0.07096981800013163,0.4565817754632987,-0.05188261679698614,0.17687679461145958,-0.11583651231491691,-0.38090176879639276,-0.22096613420987132
urJvc,HP_1_L,0.0,0.0,9.0,5.0,1.0,0.0,0.0,0.0,0.0,0.0,7.0,0.0,-0.4256596211814613,-0.0882051121638109,1.0,0.28704080351902705,-0.32632569013744317,-0.08563666100238443,-0.31016207722069683,-0.05276302639573399,-0.4414379192638431,-0.42715245628236875,0.6343385534984068,-0.27542932484397814
yb3T2,HP_1_L,7.0,0.0,5.0,6.0,6.0,0.0,6.0,0.0,7.0,1.0,6.0,0.0,0.586811848016447,-0.1485663678750604,0.5115125472846098,0.21691172024279012,0.24695889579857447,-0.1630304158672627,0.5773095695162239,-0.27896839893730796,0.5858627892644864,-0.3807029574687146,0.4582908161734278,-0.41196057210309434
EXAMPLE,HP_1_H,7.0,0.46153846153846156,0.7692307692307693,3.9615384615384617,4.961538461538462,0.34615384615384615,5.269230769230769,0.34615384615384615,6.230769230769231,0.8076923076923077,5.961538461538462,0.5384615384615384,0.6093721894798919,-0.06294143382991604,-0.22955619751122888,-0.4108895374697904,0.19864511593517972,-0.05580258904457268,0.38398451998944233,-0.10102402690596002,0.4752200079962286,-0.15591659307832162,0.3840781239784509,-0.22631187514669374
tMGNS,HP_1_H,7.0,0.46153846153846156,0.7692307692307693,3.9615384615384617,4.961538461538462,0.34615384615384615,5.269230769230769,0.34615384615384615,6.230769230769231,0.8076923076923077,5.961538461538462,0.5384615384615384,0.7173011964712142,0.008467152852103671,0.06484747375188663,0.2845018628926604,0.47206267037195804,-0.00918309773089328,0.4931580021148074,0.008443832778079976,0.5441163785540392,-0.0031799413600454864,0.5337981207909615,-0.12704566234757353
urJvc,HP_1_H,7.0,0.46153846153846156,0.7692307692307693,3.9615384615384617,4.961538461538462,0.34615384615384615,5.269230769230769,0.34615384615384615,6.230769230769231,0.8076923076923077,5.961538461538462,0.5384615384615384,0.6831867508485642,-0.03239972179643597,-0.357772827040748,0.10194562750954371,0.33046058911330994,-0.04388140480998503,0.5527812140256275,0.0076139154913222136,0.5564806402265098,-0.2990746717442075,0.4444758793533489,-0.1991215874601504
yb3T2,HP_1_H,7.0,0.46153846153846156,0.7692307692307693,3.9615384615384617,4.961538461538462,0.34615384615384615,5.269230769230769,0.34615384615384615,6.230769230769231,0.8076923076923077,5.961538461538462,0.5384615384615384,0.586811848016447,-0.08966552849685216,-0.1773800142370944,-0.19652623599354238,0.031139086910359683,-0.11270698441146768,0.42286498914715187,-0.22977730667048843,0.4265792466739043,-0.4186343573991737,0.44894279812103405,-0.3274842985584648
EXAMPLE,HP_3_L,7.0,0.0,2.0,8.0,8.0,0.0,3.0,0.0,7.0,0.0,7.0,0.0,0.6093721894798919,-0.12039772755045204,-0.020270036232721812,0.39244291143504084,0.8015692668029969,-0.10355245488075938,0.009294691941783518,-0.15830273350800417,0.6209922279972763,-0.26988020084660685,0.5945830689478411,-0.30434990356511965
tMGNS,HP_3_L,0.0,0.0,0.0,0.0,0.0,0.0,0.0,0.0,2.0,0.0,0.0,0.0,-0.2721446158795363,-0.045129217263998836,-0.10518025829322492,-0.27806537468028614,-0.3900122096535789,-0.07096981800013163,-0.22269100520757795,-0.05188261679698614,-0.15237248754395655,-0.11583651231491691,-0.38090176879639276,-0.22096613420987132
urJvc,HP_3_H,8.0,0.0,0.0,7.0,8.0,0.0,7.0,0.0,9.0,0.0,9.0,0.0,0.841593375424282,-0.0882051121638109,-0.48466748377352814,0.6435204017595135,0.8342092887328196,-0.08563666100238443,0.8362297403474129,-0.05276302639573399,1.0,-0.42715245628236875,1.0,-0.27542932484397814
yb3T2,HP_3_H,9.0,0.0,0.0,8.0,8.0,0.0,8.0,0.0,8.0,0.0,8.0,0.0,1.0,-0.1485663678750604,-0.30263320724104065,0.6225489603237202,0.662611861064766,-0.1630304158672627,1.0,-0.27896839893730796,0.7929313946322432,-0.5779462371071024,0.9443877548979037,-0.41196057210309434
EXAMPLE,HP_3_H,8.1875,0.1875,0.15625,4.90625,5.59375,0.40625,5.46875,0.0625,7.21875,0.46875,7.21875,0.40625,0.841307451976206,-0.09705610822648429,-0.3337905161167353,-0.22296712531526738,0.3240953150477081,-0.047512681781345815,0.4169286468199038,-0.14796074481596844,0.6624462030600742,-0.20374060705251276,0.6389255457816709,-0.2454729981958608
tMGNS,HP_3_H,8.1875,0.1875,0.15625,4.90625,5.59375,0.40625,5.46875,0.0625,7.21875,0.46875,7.21875,0.40625,0.8851536110664308,-0.023355691904332194,-0.07064337522156164,0.41865776360028656,0.5819103900651345,0.0015437634269606043,0.5202635986511934,-0.04099034117926587,0.7067623580803325,-0.05045546667146475,0.7266965249257139,-0.15010649249233413
urJvc,HP_3_L,4.0,0.03225806451612903,2.129032258064516,4.161290322580645,3.6774193548387095,0.16129032258064516,3.129032258064516,0.0967741935483871,4.193548387096774,0.2903225806451613,4.516129032258065,0.03225806451612903,0.2079668771214104,-0.08430473541770406,-0.13345582094538175,0.1375493590955972,0.11756556906178173,-0.06618080686255676,0.20228034814384988,-0.035883451244513975,0.23019982089493676,-0.3811152802732601,0.18021062800449292,-0.27085789357213597
yb3T2,HP_3_L,4.0,0.03225806451612903,2.129032258064516,4.161290322580645,3.6774193548387095,0.16129032258064516,3.129032258064516,0.0967741935483871,4.193548387096774,0.2903225806451613,4.516129032258065,0.03225806451612903,-0.03297037995888241,-0.14444964254217488,0.04403530758923627,-0.15601283918645203,-0.23573487031700277,-0.1395822219989711,-0.029455725855648277,-0.265216050561638,0.004734767748523752,-0.5206820591475704,0.0976382487326877,-0.4068997815220796
EXAMPLE,HP_7_L,9.0,0.0,2.0,7.0,7.0,0.0,7.0,0.0,8.0,0.0,9.0,0.0,1.0,-0.12039772755045204,-0.020270036232721812,0.1935224955157493,0.6031385336059938,-0.10355245488075938,0.6697648973139279,-0.15830273350800417,0.8104961139986381,-0.26988020084660685,1.0,-0.30434990356511965
tMGNS,HP_7_H,7.0,0.0,0.0,2.0,0.0,0.0,6.0,0.0,9.0,0.0,3.0,0.0,0.7173011964712142,-0.045129217263998836,-0.10518025829322492,0.00594915302644415,-0.3900122096535789,-0.07096981800013163,0.592436331597474,-0.05188261679698614,1.0,-0.11583651231491691,0.07939882080240482,-0.22096613420987132
urJvc,HP_7_L,2.0,0.0,7.0,2.0,3.0,0.0,0.0,0.0,1.0,0.0,2.0,0.0,-0.10884637203002545,-0.0882051121638109,0.6700738924947716,-0.24767859384170265,0.00525573239691762,-0.08563666100238443,-0.31016207722069683,-0.05276302639573399,-0.2812781504567494,-0.42715245628236875,-0.27981506275557594,-0.27542932484397814
yb3T2,HP_7_H,8.0,0.0,0.0,6.0,6.0,0.0,6.0,0.0,8.0,1.0,7.0,0.0,0.7934059240082235,-0.1485663678750604,-0.30263320724104065,0.21691172024279012,0.24695889579857447,-0.1630304158672627,0.5773095695162239,-0.27896839893730796,0.7929313946322432,-0.3807029574687146,0.7013392855356657,-0.41196057210309434
EXAMPLE,HP_7_H,7.724137931034483,0.13793103448275862,0.41379310344827586,4.758620689655173,5.620689655172414,0.1724137931034483,5.724137931034483,0.20689655172413793,7.413793103448276,0.27586206896551724,6.9655172413793105,0.20689655172413793,0.7508063967371725,-0.10322688115121141,-0.2899965975356253,-0.2523336091309386,0.3294409705756446,-0.07976899680143267,0.4590976766348819,-0.12406718473436859,0.6994076291012881,-0.23095666978617446,0.587593121860735,-0.2743648483107491
tMGNS,HP_7_L,4.588235294117647,0.029411764705882353,2.823529411764706,4.617647058823529,4.205882352941177,0.058823529411764705,3.7058823529411766,0.058823529411764705,4.823529411764706,0.29411764705882354,5.4411764705882355,0.11764705882352941,0.37639969809826646,-0.04171376230561975,0.5189215346253021,0.3776740495837822,0.3407662682157659,-0.06047011390209113,0.2807699969367189,-0.04163106327442589,0.3124500284401603,-0.07481311112686849,0.45395714371123036,-0.2004456949794533
urJvc,HP_7_H,7.724137931034483,0.13793103448275862,0.41379310344827586,4.758620689655173,5.620689655172414,0.1724137931034483,5.724137931034483,0.20689655172413793,7.413793103448276,0.27586206896551724,6.9655172413793105,0.20689655172413793,0.7978949962309806,-0.07152763918045749,-0.4164069098069292,0.24401740373138214,0.4397417343384938,-0.06483902381843071,0.6272814780320431,-0.01667565883105672,0.7459534701680584,-0.3834083196913383,0.6280340458001036,-0.2461091104797488
yb3T2,HP_7_L,4.588235294117647,0.029411764705882353,2.823529411764706,4.617647058823529,4.205882352941177,0.058823529411764705,3.7058823529411766,0.058823529411764705,4.823529411764706,0.29411764705882354,5.4411764705882355,0.11764705882352941,0.08855554709510369,-0.1448128830127236,0.15711968943226784,-0.06345519569549984,-0.1259062642196267,-0.1544787216329446,0.0924587816083631,-0.27060912835601836,0.13518405993466273,-0.5199335078016942,0.3224696127062949,-0.3935035711605702
EXAMPLE,HN_2_L,0.0,0.0,0.0,7.0,0.0,2.0,0.0,0.0,0.0,0.0,2.0,0.0,-0.7578251473404867,-0.12039772755045204,-0.3603600483102958,0.1935224955157493,-0.7858765987730281,0.1723356588394305,-0.4860579620873247,-0.15830273350800417,-0.7055349740122571,-0.26988020084660685,-0.41895925868255623,-0.30434990356511965
tMGNS,HN_2_H,3.0,0.0,0.0,0.0,5.0,0.0,7.0,2.0,2.0,2.0,0.0,0.0,0.1519035894136425,-0.045129217263998836,-0.10518025829322492,-0.27806537468028614,0.4787454213799079,-0.07096981800013163,0.7282908877316493,0.2966702029700626,-0.15237248754395655,0.16312261576381232,-0.38090176879639276,-0.22096613420987132
urJvc,HN_2_H,0.0,0.0,0.0,0.0,0.0,0.0,0.0,1.0,0.0,8.0,0.0,0.0,-0.4256596211814613,-0.0882051121638109,-0.48466748377352814,-0.6041581920821891,-0.49211640140462354,-0.08563666100238443,-0.31016207722069683,0.12165925016687282,-0.4414379192638431,0.8414275048575146,-0.645476509257169,-0.27542932484397814
yb3T2,HN_2_H,6.0,0.0,1.0,3.0,3.0,0.0,6.0,3.0,3.0,2.0,4.0,0.0,0.38021777202467055,-0.1485663678750604,-0.13980405633591056,-0.3915441398786049,-0.3765205521007128,-0.1630304158672627,0.5773095695162239,0.14735440070846137,-0.24241163220654077,-0.18345967783032677,-0.027806122551048133,-0.41196057210309434
EXAMPLE,HN_2_H,1.7142857142857142,1.0178571428571428,0.42857142857142855,1.0535714285714286,1.6428571428571428,2.3035714285714284,1.8392857142857142,6.035714285714286,1.0,4.0,1.25,1.0,-0.42300130975182254,0.006313920208230019,-0.2874836171508156,-0.9893435491471808,-0.45988325137795155,0.21421153324338785,-0.1823596087242405,0.8404378887514484,-0.5160310880108951,0.29451099952966286,-0.5709906078271157,-0.15942213650232862
tMGNS,HN_2_L,0.5714285714285714,0.14285714285714285,2.5714285714285716,2.5714285714285716,0.8571428571428571,2.0,0.2857142857142857,1.1428571428571428,0.2857142857142857,2.857142857142857,0.5714285714285714,0.42857142857142855,-0.19137352915702605,-0.02853986460901473,0.46319816025757654,0.08709616094265282,-0.24108233004783833,0.28602012133324556,-0.18387541774067073,0.1472904230698988,-0.4345861579628847,0.2826765277975534,-0.29322546601566946,-0.14621310558477715
urJvc,HN_2_L,0.5714285714285714,0.14285714285714285,2.5714285714285716,2.5714285714285716,0.8571428571428571,2.0,0.2857142857142857,1.1428571428571428,0.2857142857142857,2.857142857142857,0.5714285714285714,0.42857142857142855,-0.3351415499953368,-0.0709320151453377,-0.06047677412394866,-0.1458272800587065,-0.35001007746132606,0.15561593033147877,-0.2633705744628148,0.14657671824724522,-0.3956779853189592,0.025911815553303887,-0.5410018102567139,-0.214694595089503
yb3T2,HN_2_L,0.5714285714285714,0.14285714285714285,2.5714285714285716,2.5714285714285716,0.8571428571428571,2.0,0.2857142857142857,1.1428571428571428,0.2857142857142857,2.857142857142857,0.5714285714285714,0.42857142857142855,-0.7412929262164019,-0.1303351556865674,0.11607032365786529,-0.47846640561023274,-0.821863014885918,0.127727188099553,-0.6303773747231364,-0.11655971335796728,-0.8044549896333093,-0.014394009568851486,-0.8611151603644355,-0.34472435438389937
EXAMPLE,HN_3_L,2.0,0.0,5.0,3.0,0.0,0.0,1.0,2.0,0.0,1.0,1.0,0.0,-0.3671973368203785,-0.12039772755045204,0.48986498188363914,-0.6021591681614169,-0.7858765987730281,-0.10355245488075938,-0.32094041074428864,0.17264090463713985,-0.7055349740122571,-0.12878240075253944,-0.6216677242086357,-0.30434990356511965
tMGNS,HN_3_L,0.0,0.0,0.0,0.0,3.0,0.0,2.0,1.0,0.0,0.0,0.0,0.0,-0.2721446158795363,-0.045129217263998836,-0.10518025829322492,-0.27806537468028614,0.13124236896651317,-0.07096981800013163,0.04901810706077271,0.12239379308653821,-0.4816217696993727,-0.11583651231491691,-0.38090176879639276,-0.22096613420987132
urJvc,HN_3_L,0.0,0.0,0.0,0.0,0.0,0.0,0.0,2.0,0.0,1.0,0.0,0.0,-0.4256596211814613,-0.0882051121638109,-0.48466748377352814,-0.6041581920821891,-0.49211640140462354,-0.08563666100238443,-0.31016207722069683,0.2960815267294796,-0.4414379192638431,-0.26857996113988336,-0.645476509257169,-0.27542932484397814
yb3T2,HN_3_H,6.0,0.0,0.0,0.0,1.0,1.0,6.0,8.0,5.0,3.0,2.0,0.0,0.38021777202467055,-0.1485663678750604,-0.30263320724104065,-1.0,-0.7921735173669042,-0.017651613883854857,0.5773095695162239,0.8578924001180769,0.17172557852897283,0.013783601808061046,-0.5139030612755241,-0.41196057210309434
EXAMPLE,HN_3_H,1.4821428571428572,0.9464285714285714,0.42857142857142855,1.0178571428571428,1.6785714285714286,1.9642857142857142,1.8928571428571428,6.035714285714286,0.9464285714285714,3.4642857142857144,1.1428571428571428,0.9821428571428571,-0.46834203775862077,-0.0025781252485195956,-0.2874836171508156,-0.9964478497157269,-0.45279643947805853,0.16740908538014135,-0.17351402561657786,0.8404378887514484,-0.5261830819038252,0.2189228923364125,-0.5927093719906243,-0.16201013234273556
tMGNS,HN_3_H,1.4821428571428572,0.9464285714285714,0.42857142857142855,1.0178571428571428,1.6785714285714286,1.9642857142857142,1.8928571428571428,6.035714285714286,0.9464285714285714,3.4642857142857144,1.1428571428571428,0.9821428571428571,-0.06264460969302534,0.06477524407527088,-0.010450521868091353,-0.13352226682953947,-0.09835786209233692,0.27964530098800666,0.03446226176068249,1.0,-0.3258163058222561,0.3673605488214534,-0.20554916323494607,-0.049657110277363865
urJvc,HN_3_H,1.4821428571428572,0.9464285714285714,0.42857142857142855,1.0178571428571428,1.6785714285714286,1.9642857142857142,1.8928571428571428,6.035714285714286,0.9464285714285714,3.4642857142857144,1.1428571428571428,0.9821428571428571,-0.19087837404245078,0.026229155583573978,-0.4139690321652649,-0.42273553940622727,-0.2138248503489993,0.15130784834337405,-0.00016837144972840266,1.0,-0.2898581380714152,0.12218797331838434,-0.4365271112562587,-0.1362455691566393
yb3T2,HN_3_L,0.5714285714285714,0.5714285714285714,1.0,1.7142857142857142,1.1428571428571428,0.7142857142857143,1.1428571428571428,1.2857142857142858,0.2857142857142857,1.4285714285714286,0.8571428571428571,0.0,-0.7412929262164019,-0.07564151912108831,-0.13980405633591056,-0.6523109370734885,-0.7624840198478906,-0.059188414450542806,-0.44922433308723236,-0.09625862766054967,-0.8044549896333093,-0.29617012333797693,-0.7916727405466532,-0.41196057210309434
EXAMPLE,LN_7_N,0.0,2.0,0.0,1.0,0.0,0.0,0.0,3.0,0.0,6.0,0.0,9.0,-0.7578251473404867,0.12857954523853726,-0.3603600483102958,-1.0,-0.7858765987730281,-0.10355245488075938,-0.4860579620873247,0.33811272370971185,-0.7055349740122571,0.5767065997177977,-0.8243761897347152,1.0
tMGNS,LN_7_N,0.0,0.0,0.0,0.0,0.0,0.0,0.0,0.0,0.0,0.0,0.0,6.0,-0.2721446158795363,-0.045129217263998836,-0.10518025829322492,-0.27806537468028614,-0.3900122096535789,-0.07096981800013163,-0.22269100520757795,-0.05188261679698614,-0.4816217696993727,-0.11583651231491691,-0.38090176879639276,0.825576266541447
urJvc,LN_7_N,0.0,0.0,0.0,0.0,0.0,0.0,0.0,0.0,0.0,9.0,0.0,6.0,-0.4256596211814613,-0.0882051121638109,-0.48466748377352814,-0.6041581920821891,-0.49211640140462354,-0.08563666100238443,-0.31016207722069683,-0.05276302639573399,-0.4414379192638431,1.0,-0.645476509257169,0.5748568917186739
yb3T2,LN_7_N,0.0,0.0,1.0,3.0,1.0,0.0,0.0,2.0,0.0,8.0,0.0,9.0,-0.8593466839259883,-0.1485663678750604,-0.13980405633591056,-0.3915441398786049,-0.7921735173669042,-0.1630304158672627,-0.6907617219351044,0.005246800826538254,-0.8636174483098111,1.0,-1.0,1.0
EXAMPLE,LN_7_P,2.3333333333333335,0.0,2.3333333333333335,4.333333333333333,5.0,1.3333333333333333,0.6666666666666666,0.6666666666666666,2.6666666666666665,1.6666666666666667,3.0,2.6666666666666665,-0.30209270173369374,-0.12039772755045204,0.03641163244687388,-0.3369319469356949,0.2062770672119875,0.08037295426603384,-0.3759795945253007,-0.04798818745962284,-0.20019127800862535,-0.034717200689827796,-0.21625079315647674,0.08212414193565651
tMGNS,LN_7_P,2.3333333333333335,0.0,2.3333333333333335,4.333333333333333,5.0,1.3333333333333333,0.6666666666666666,0.6666666666666666,2.6666666666666665,1.6666666666666667,3.0,2.6666666666666665,0.057670654904047214,-0.045129217263998836,0.41057052891028006,0.33729943535096274,0.4787454213799079,0.16702347488878647,-0.13212130111812773,0.06430165645869675,-0.04262272682548453,0.1166294277506908,0.07939882080240482,0.24416382167960346
urJvc,LN_7_P,2.3333333333333335,0.0,2.3333333333333335,4.333333333333333,5.0,1.3333333333333333,0.6666666666666666,0.6666666666666666,2.6666666666666665,1.6666666666666667,3.0,2.6666666666666665,-0.05604416383811946,-0.0882051121638109,-0.09975369168409491,0.16821427077219817,0.3368371549312784,0.0751983998868577,-0.20098190411897213,0.06351849131267055,-0.014345202444926678,-0.16286496437822637,-0.09698433950477939,0.1024756602949783
yb3T2,LN_7_P,2.3333333333333335,0.0,2.3333333333333335,4.333333333333333,5.0,1.3333333333333333,0.6666666666666666,0.6666666666666666,2.6666666666666665,1.6666666666666667,3.0,2.6666666666666665,-0.3772938399451765,-0.1485663678750604,0.07730147820426289,-0.12111931315798496,0.03913241316547872,0.03080798677728108,-0.5498649117738458,-0.1842299990160259,-0.31143450066245976,-0.24920743770978934,-0.2708545919132861,0.0063981159274521466
4FoNM,HN_1,1.0,4.0,6.0,1.0,1.0,4.0,3.0,8.0,1.0,7.0,2.0,7.0,-0.5965308474132669,0.39433880337030514,1.0,-1.0,-0.7097735529924302,0.298673879835369,-0.13305216625329497,0.823781237710996,-0.6122377797826051,0.7519467424454218,-0.4672012295288427,0.6359366140181536
4FoNM,HN_4,1.0,4.0,2.0,2.0,1.0,4.0,3.0,8.0,0.0,8.0,1.0,6.0,-0.5965308474132669,0.39433880337030514,-0.36761147822467344,-0.7149648777998763,-0.7097735529924302,0.298673879835369,-0.13305216625329497,0.823781237710996,-0.8425574626086916,1.0,-0.7117347677836497,0.4539049210272304
4FoNM,HN_5,2.0,3.0,3.0,4.0,4.0,2.0,5.0,7.0,1.0,8.0,1.0,4.0,-0.36845501206851455,0.19245173782707348,-0.025708608668505068,-0.1448946333996287,0.02298654114718274,-0.05198918024694644,0.4334739168733525,0.647562475421992,-0.6122377797826051,1.0,-0.7117347677836497,0.089841535045384
4FoNM,HN_6,1.0,5.0,5.0,3.0,1.0,8.0,1.0,8.0,1.0,8.0,1.0,8.0,-0.5965308474132669,0.5962258689135368,0.6580971304438317,-0.42992975559975244,-0.7097735529924302,1.0,-0.6995782493799424,0.823781237710996,-0.6122377797826051,1.0,-0.7117347677836497,0.8179683070090767
4FoNM,HN_7,0.0,3.0,3.0,3.0,1.0,1.0,3.0,4.0,1.0,7.0,1.0,7.0,-0.8246066827580193,0.19245173782707348,-0.025708608668505068,-0.42992975559975244,-0.7097735529924302,-0.2273207102881042,-0.13305216625329497,0.11890618855498002,-0.6122377797826051,0.7519467424454218,-0.7117347677836497,0.6359366140181536
4FoNM,HN_8,1.0,4.0,2.0,4.0,1.0,4.0,1.0,5.0,0.0,8.0,0.0,8.0,-0.5965308474132669,0.39433880337030514,-0.36761147822467344,-0.1448946333996287,-0.7097735529924302,0.298673879835369,-0.6995782493799424,0.295124950843984,-0.8425574626086916,1.0,-0.9562683060384569,0.8179683070090767
4FoNM,HP_2,8.0,1.0,3.0,6.0,6.0,1.0,5.0,1.0,8.0,1.0,7.0,1.0,1.0,-0.2113223932593898,-0.025708608668505068,0.4251756110006189,0.5114932705735914,-0.2273207102881042,0.4334739168733525,-0.40975009831203196,1.0,-0.736372802882048,0.7554664617451929,-0.4562535439273856
4FoNM,HP_4,8.0,1.0,1.0,7.0,7.0,1.0,5.0,1.0,8.0,1.0,8.0,1.0,1.0,-0.2113223932593898,-0.7095143477808418,0.7102107332007427,0.7557466352867956,-0.2273207102881042,0.4334739168733525,-0.40975009831203196,1.0,-0.736372802882048,1.0,-0.4562535439273856
4FoNM,HP_5,7.0,1.0,5.0,7.0,7.0,1.0,6.0,1.0,6.0,2.0,6.0,1.0,0.7719241646552475,-0.2113223932593898,0.6580971304438317,0.7102107332007427,0.7557466352867956,-0.2273207102881042,0.7167369584366763,-0.40975009831203196,0.5393606343478271,-0.4883195453274697,0.5109329234903858,-0.4562535439273856
4FoNM,HP_6,6.0,3.0,6.0,5.0,5.0,4.0,5.0,3.0,5.0,3.0,5.0,3.0,0.5438483293104951,0.19245173782707348,1.0,0.1401404888004951,0.26723990586038704,0.298673879835369,0.4334739168733525,-0.05731257373402397,0.30904095152174066,-0.24026628777289138,0.26639938523557866,-0.0921901579455392
4FoNM,HP_8,6.0,1.0,3.0,6.0,5.0,1.0,5.0,1.0,5.0,2.0,5.0,1.0,0.5438483293104951,-0.2113223932593898,-0.025708608668505068,0.4251756110006189,0.26723990586038704,-0.2273207102881042,0.4334739168733525,-0.40975009831203196,0.30904095152174066,-0.4883195453274697,0.26639938523557866,-0.4562535439273856
4FoNM,LN_1,1.0,1.0,5.0,4.0,3.0,1.0,2.0,3.0,2.0,2.0,4.0,1.0,-0.5965308474132669,-0.2113223932593898,0.6580971304438317,-0.1448946333996287,-0.22126682356602156,-0.2273207102881042,-0.4163152078166187,-0.05731257373402397,-0.3819180969565187,-0.4883195453274697,0.02186584698077156,-0.4562535439273856
4FoNM,LN_2,2.0,3.0,3.0,3.0,2.0,3.0,2.0,6.0,2.0,7.0,2.0,7.0,-0.36845501206851455,0.19245173782707348,-0.025708608668505068,-0.42992975559975244,-0.46552018827922587,0.1233423497942113,-0.4163152078166187,0.471343713132988,-0.3819180969565187,0.7519467424454218,-0.4672012295288427,0.6359366140181536
4FoNM,LN_3,1.0,7.0,2.0,3.0,1.0,8.0,1.0,9.0,1.0,8.0,1.0,8.0,-0.5965308474132669,1.0,-0.36761147822467344,-0.42992975559975244,-0.7097735529924302,1.0,-0.6995782493799424,1.0,-0.6122377797826051,1.0,-0.7117347677836497,0.8179683070090767
4FoNM,LN_4,1.0,1.0,3.0,4.0,1.0,1.0,1.0,4.0,1.0,7.0,1.0,8.0,-0.5965308474132669,-0.2113223932593898,-0.025708608668505068,-0.1448946333996287,-0.7097735529924302,-0.2273207102881042,-0.6995782493799424,0.11890618855498002,-0.6122377797826051,0.7519467424454218,-0.7117347677836497,0.8179683070090767
4FoNM,LN_5,2.0,2.0,3.0,4.0,3.0,2.0,3.0,7.0,2.0,7.0,5.0,4.0,-0.36845501206851455,-0.009435327716158166,-0.025708608668505068,-0.1448946333996287,-0.22126682356602156,-0.05198918024694644,-0.13305216625329497,0.647562475421992,-0.3819180969565187,0.7519467424454218,0.26639938523557866,0.089841535045384
4FoNM,LN_6,4.0,1.0,4.0,5.0,4.0,1.0,5.0,1.0,4.0,3.0,5.0,3.0,0.08769665862099028,-0.2113223932593898,0.3161942608876633,0.1401404888004951,0.02298654114718274,-0.2273207102881042,0.4334739168733525,-0.40975009831203196,0.07872126869565423,-0.24026628777289138,0.26639938523557866,-0.0921901579455392
4FoNM,LN_8,1.0,6.0,3.0,3.0,1.0,6.0,1.0,6.0,1.0,8.0,1.0,8.0,-0.5965308474132669,0.7981129344567685,-0.025708608668505068,-0.42992975559975244,-0.7097735529924302,0.6493369399176845,-0.6995782493799424,0.471343713132988,-0.6122377797826051,1.0,-0.7117347677836497,0.8179683070090767
4FoNM,LP_1,8.0,1.0,3.0,7.0,7.0,1.0,5.0,1.0,8.0,1.0,6.0,1.0,1.0,-0.2113223932593898,-0.025708608668505068,0.7102107332007427,0.7557466352867956,-0.2273207102881042,0.4334739168733525,-0.40975009831203196,1.0,-0.736372802882048,0.5109329234903858,-0.4562535439273856
4FoNM,LP_2,8.0,1.0,2.0,8.0,8.0,1.0,7.0,1.0,8.0,1.0,7.0,1.0,1.0,-0.2113223932593898,-0.36761147822467344,0.9952458554008664,1.0,-0.2273207102881042,1.0,-0.40975009831203196,1.0,-0.736372802882048,0.7554664617451929,-0.4562535439273856
4FoNM,LP_3,7.0,1.0,3.0,6.0,6.0,1.0,7.0,1.0,7.0,2.0,8.0,1.0,0.7719241646552475,-0.2113223932593898,-0.025708608668505068,0.4251756110006189,0.5114932705735914,-0.2273207102881042,1.0,-0.40975009831203196,0.7696803171739136,-0.4883195453274697,1.0,-0.4562535439273856
4FoNM,LP_4,7.0,1.0,4.0,7.0,7.0,1.0,3.0,1.0,7.0,1.0,6.0,1.0,0.7719241646552475,-0.2113223932593898,0.3161942608876633,0.7102107332007427,0.7557466352867956,-0.2273207102881042,-0.13305216625329497,-0.40975009831203196,0.7696803171739136,-0.736372802882048,0.5109329234903858,-0.4562535439273856
4FoNM,LP_5,7.0,0.0,1.0,7.0,7.0,1.0,6.0,0.0,7.0,2.0,7.0,1.0,0.7719241646552475,-0.41320945880262144,-0.7095143477808418,0.7102107332007427,0.7557466352867956,-0.2273207102881042,0.7167369584366763,-0.5859688606010359,0.7696803171739136,-0.4883195453274697,0.7554664617451929,-0.4562535439273856
4FoNM,LP_6,4.0,1.0,3.0,5.0,5.0,1.0,4.0,4.0,5.0,4.0,5.0,4.0,0.08769665862099028,-0.2113223932593898,-0.025708608668505068,0.1401404888004951,0.26723990586038704,-0.2273207102881042,0.15021087531002877,0.11890618855498002,0.30904095152174066,0.007786969781686918,0.26639938523557866,0.089841535045384
4FoNM,LP_7,5.0,1.0,3.0,5.0,7.0,1.0,5.0,1.0,7.0,1.0,8.0,1.0,0.3157724939657427,-0.2113223932593898,-0.025708608668505068,0.1401404888004951,0.7557466352867956,-0.2273207102881042,0.4334739168733525,-0.40975009831203196,0.7696803171739136,-0.736372802882048,1.0,-0.4562535439273856
4FoNM,LP_8,2.0,7.0,6.0,3.0,2.0,7.0,4.0,6.0,4.0,7.0,4.0,8.0,-0.36845501206851455,1.0,1.0,-0.42992975559975244,-0.46552018827922587,0.8246684699588422,0.15021087531002877,0.471343713132988,0.07872126869565423,0.7519467424454218,0.02186584698077156,0.8179683070090767
5KB3V,HN_1,0.0,1.0,6.0,0.0,0.0,1.0,1.0,1.0,0.0,8.0,0.0,4.0,-0.547962573218044,0.024898779826588432,0.8275654315480152,-0.851845708195014,-0.7482154420264482,0.007787928861693324,-0.3246971279468719,-0.06890570406137418,-0.62459459327389,0.8453118204705382,-0.6959861965887929,0.29161675658234576
5KB3V,HN_4,1.0,4.0,1.0,2.0,2.0,4.0,2.0,3.0,2.0,6.0,3.0,3.0,-0.3759667317493724,0.3905617373916177,-0.03460741071190896,-0.32274693442501,-0.24872531573317727,0.37986745553855833,-0.13545468109731876,0.19832072195396938,-0.2635735725463589,0.5359354614116145,-0.1306574643925286,0.14994010789881487
5KB3V,HN_5,0.0,0.0,0.0,0.0,0.0,0.0,0.0,8.0,0.0,3.0,0.0,2.0,-0.547962573218044,-0.096988872695088,-0.2070419791638938,-0.851845708195014,-0.7482154420264482,-0.116238580030595,-0.513939574796425,0.8663867869923282,-0.62459459327389,0.0718709228232291,-0.6959861965887929,0.008263459215284003
5KB3V,HN_6,0.0,7.0,0.0,0.0,0.0,8.0,0.0,7.0,0.0,8.0,0.0,7.0,-0.547962573218044,0.756224694956647,-0.2070419791638938,-0.851845708195014,-0.7482154420264482,0.8759734911077116,-0.513939574796425,0.7327735739846565,-0.62459459327389,0.8453118204705382,-0.6959861965887929,0.7166467026329383
5KB3V,HN_7,0.0,0.0,1.0,0.0,0.0,0.0,0.0,2.0,0.0,6.0,0.0,1.0,-0.547962573218044,-0.096988872695088,-0.03460741071190896,-0.851845708195014,-0.7482154420264482,-0.116238580030595,-0.513939574796425,0.0647075089462976,-0.62459459327389,0.5359354614116145,-0.6959861965887929,-0.13341318946824687
5KB3V,HN_8,0.0,8.0,0.0,0.0,0.0,9.0,0.0,5.0,0.0,7.0,0.0,3.0,-0.547962573218044,0.8781123474783235,-0.2070419791638938,-0.851845708195014,-0.7482154420264482,1.0,-0.513939574796425,0.46554714796931296,-0.62459459327389,0.6906236409410763,-0.6959861965887929,0.14994010789881487
5KB3V,HP_2,9.0,0.0,0.0,6.0,6.0,0.0,8.0,0.0,8.0,0.0,9.0,0.0,1.0,-0.096988872695088,-0.2070419791638938,0.735450613114998,0.7502549368533645,-0.116238580030595,1.0,-0.20251891706904596,0.8194894896362345,-0.3921936157651564,1.0,-0.27508983815177773
5KB3V,HP_4,8.0,0.0,0.0,7.0,7.0,0.0,6.0,0.0,8.0,0.0,8.0,0.0,0.8280041585313285,-0.096988872695088,-0.2070419791638938,1.0,1.0,-0.116238580030595,0.6215151063008938,-0.20251891706904596,0.8194894896362345,-0.3921936157651564,0.8115570892679119,-0.27508983815177773
5KB3V,HP_5,9.0,0.0,0.0,7.0,6.0,0.0,6.0,0.0,7.0,0.0,7.0,0.0,1.0,-0.096988872695088,-0.2070419791638938,1.0,0.7502549368533645,-0.116238580030595,0.6215151063008938,-0.20251891706904596,0.6389789792724689,-0.3921936157651564,0.6231141785358238,-0.27508983815177773
5KB3V,HP_6,8.0,0.0,0.0,7.0,7.0,0.0,5.0,0.0,7.0,0.0,7.0,0.0,0.8280041585313285,-0.096988872695088,-0.2070419791638938,1.0,1.0,-0.116238580030595,0.43227265945134064,-0.20251891706904596,0.6389789792724689,-0.3921936157651564,0.6231141785358238,-0.27508983815177773
5KB3V,HP_8,2.0,0.0,2.0,2.0,1.0,0.0,1.0,0.0,2.0,0.0,2.0,0.0,-0.20397089028070087,-0.096988872695088,0.13782715774007587,-0.32274693442501,-0.4984703788798127,-0.116238580030595,-0.3246971279468719,-0.20251891706904596,-0.2635735725463589,-0.3921936157651564,-0.3191003751246167,-0.27508983815177773
5KB3V,LN_1,1.0,0.0,5.0,3.0,2.0,0.0,1.0,0.0,2.0,3.0,2.0,4.0,-0.3759667317493724,-0.096988872695088,0.6551308630960303,-0.05819754754000802,-0.24872531573317727,-0.116238580030595,-0.3246971279468719,-0.20251891706904596,-0.2635735725463589,0.0718709228232291,-0.3191003751246167,0.29161675658234576
5KB3V,LN_2,0.0,0.0,0.0,0.0,0.0,0.0,0.0,0.0,0.0,5.0,0.0,7.0,-0.547962573218044,-0.096988872695088,-0.2070419791638938,-0.851845708195014,-0.7482154420264482,-0.116238580030595,-0.513939574796425,-0.20251891706904596,-0.62459459327389,0.38124728188215273,-0.6959861965887929,0.7166467026329383
5KB3V,LN_3,0.0,9.0,0.0,0.0,0.0,9.0,0.0,6.0,0.0,9.0,0.0,9.0,-0.547962573218044,1.0,-0.2070419791638938,-0.851845708195014,-0.7482154420264482,1.0,-0.513939574796425,0.5991603609769847,-0.62459459327389,1.0,-0.6959861965887929,1.0
5KB3V,LN_4,0.0,0.0,2.0,2.0,2.0,0.0,0.0,1.0,2.0,4.0,2.0,7.0,-0.547962573218044,-0.096988872695088,0.13782715774007587,-0.32274693442501,-0.24872531573317727,-0.116238580030595,-0.513939574796425,-0.06890570406137418,-0.2635735725463589,0.22655910235269092,-0.3191003751246167,0.7166467026329383
5KB3V,LN_5,0.0,0.0,5.0,3.0,3.0,0.0,0.0,0.0,1.0,3.0,2.0,3.0,-0.547962573218044,-0.096988872695088,0.6551308630960303,-0.05819754754000802,0.0010197474134581853,-0.116238580030595,-0.513939574796425,-0.20251891706904596,-0.44408408291012447,0.0718709228232291,-0.3191003751246167,0.14994010789881487
5KB3V,LN_6,1.0,0.0,4.0,3.0,2.0,0.0,2.0,0.0,2.0,4.0,2.0,5.0,-0.3759667317493724,-0.096988872695088,0.4826962946440455,-0.05819754754000802,-0.24872531573317727,-0.116238580030595,-0.13545468109731876,-0.20251891706904596,-0.2635735725463589,0.22655910235269092,-0.3191003751246167,0.4332934052658766
5KB3V,LN_8,0.0,0.0,1.0,1.0,0.0,0.0,0.0,0.0,0.0,5.0,0.0,6.0,-0.547962573218044,-0.096988872695088,-0.03460741071190896,-0.5872963213100121,-0.7482154420264482,-0.116238580030595,-0.513939574796425,-0.20251891706904596,-0.62459459327389,0.38124728188215273,-0.6959861965887929,0.5749700539494074
5KB3V,LP_1,9.0,0.0,0.0,7.0,7.0,0.0,7.0,0.0,8.0,0.0,8.0,0.0,1.0,-0.096988872695088,-0.2070419791638938,1.0,1.0,-0.116238580030595,0.8107575531504468,-0.20251891706904596,0.8194894896362345,-0.3921936157651564,0.8115570892679119,-0.27508983815177773
5KB3V,LP_2,6.0,0.0,0.0,6.0,6.0,0.0,4.0,0.0,9.0,0.0,9.0,0.0,0.48401247559398536,-0.096988872695088,-0.2070419791638938,0.735450613114998,0.7502549368533645,-0.116238580030595,0.2430302126017875,-0.20251891706904596,1.0,-0.3921936157651564,1.0,-0.27508983815177773
5KB3V,LP_3,5.0,0.0,0.0,6.0,7.0,0.0,7.0,0.0,8.0,0.0,9.0,0.0,0.3120166341253138,-0.096988872695088,-0.2070419791638938,0.735450613114998,1.0,-0.116238580030595,0.8107575531504468,-0.20251891706904596,0.8194894896362345,-0.3921936157651564,1.0,-0.27508983815177773
5KB3V,LP_4,6.0,0.0,0.0,6.0,4.0,0.0,3.0,0.0,6.0,0.0,6.0,0.0,0.48401247559398536,-0.096988872695088,-0.2070419791638938,0.735450613114998,0.25076481056009364,-0.116238580030595,0.05378776575223438,-0.20251891706904596,0.45846846890870335,-0.3921936157651564,0.4346712678037357,-0.27508983815177773
5KB3V,LP_5,6.0,0.0,0.0,7.0,7.0,0.0,5.0,0.0,8.0,0.0,8.0,0.0,0.48401247559398536,-0.096988872695088,-0.2070419791638938,1.0,1.0,-0.116238580030595,0.43227265945134064,-0.20251891706904596,0.8194894896362345,-0.3921936157651564,0.8115570892679119,-0.27508983815177773
5KB3V,LP_6,0.0,0.0,7.0,1.0,1.0,0.0,0.0,0.0,1.0,1.0,1.0,0.0,-0.547962573218044,-0.096988872695088,1.0,-0.5872963213100121,-0.4984703788798127,-0.116238580030595,-0.513939574796425,-0.20251891706904596,-0.44408408291012447,-0.23750543623569453,-0.5075432858567048,-0.27508983815177773
5KB3V,LP_7,4.0,0.0,0.0,5.0,5.0,0.0,7.0,0.0,8.0,0.0,9.0,0.0,0.14002079265664225,-0.096988872695088,-0.2070419791638938,0.470901226229996,0.5005098737067291,-0.116238580030595,0.8107575531504468,-0.20251891706904596,0.8194894896362345,-0.3921936157651564,1.0,-0.27508983815177773
5KB3V,LP_8,7.0,0.0,0.0,6.0,6.0,0.0,5.0,0.0,7.0,0.0,7.0,0.0,0.6560083170626569,-0.096988872695088,-0.2070419791638938,0.735450613114998,0.7502549368533645,-0.116238580030595,0.43227265945134064,-0.20251891706904596,0.6389789792724689,-0.3921936157651564,0.6231141785358238,-0.27508983815177773
CoQmx,HN_1,0.0,9.0,0.0,0.0,0.0,9.0,0.0,1.0,0.0,9.0,0.0,9.0,-0.5180579163352573,1.0,-0.15726173536405694,-0.28669545014248254,-0.3776711422836523,1.0,-0.25369806537447676,0.04560757961683327,-0.5242502539462615,1.0,-0.5393552015758428,1.0
CoQmx,HN_4,7.0,0.0,1.0,2.0,0.0,0.0,0.0,0.0,0.0,0.0,2.0,0.0,0.6626537963699429,-0.07223381078647043,-0.02867709810138396,-0.0007631278885975564,-0.3776711422836523,-0.08100003714221624,-0.25369806537447676,-0.07369147293106257,-0.5242502539462615,-0.1915017217964996,-0.19727626789232225,-0.16607493053741584
CoQmx,HN_5,5.0,0.0,0.0,1.0,1.0,0.0,0.0,0.0,2.0,0.0,3.0,0.0,0.3253075927398857,-0.07223381078647043,-0.15726173536405694,-0.14372928901554005,-0.22459657091880203,-0.08100003714221624,-0.25369806537447676,-0.07369147293106257,-0.18552797529153672,-0.1915017217964996,-0.026236801050561934,-0.16607493053741584
CoQmx,HN_6,0.0,7.0,0.0,0.0,0.0,7.0,0.0,0.0,0.0,7.0,0.0,5.0,-0.5180579163352573,0.7617258198252288,-0.15726173536405694,-0.28669545014248254,-0.3776711422836523,0.7597777695239519,-0.25369806537447676,-0.07369147293106257,-0.5242502539462615,0.7352218396007779,-0.5393552015758428,0.48174447531670406
CoQmx,HN_7,0.0,0.0,0.0,0.0,0.0,0.0,0.0,3.0,0.0,4.0,0.0,2.0,-0.5180579163352573,-0.07223381078647043,-0.15726173536405694,-0.28669545014248254,-0.3776711422836523,-0.08100003714221624,-0.25369806537447676,0.2842056847126249,-0.5242502539462615,0.3380545990019447,-0.5393552015758428,0.09305283180423211
CoQmx,HN_8,0.0,1.0,2.0,0.0,0.0,0.0,0.0,0.0,0.0,7.0,0.0,2.0,-0.5180579163352573,0.04690327930091517,0.09990753916128903,-0.28669545014248254,-0.3776711422836523,-0.08100003714221624,-0.25369806537447676,-0.07369147293106257,-0.5242502539462615,0.7352218396007779,-0.5393552015758428,0.09305283180423211
CoQmx,HP_2,9.0,0.0,0.0,3.0,9.0,0.0,5.0,0.0,9.0,0.0,9.0,0.0,1.0,-0.07223381078647043,-0.15726173536405694,0.14220303323834493,1.0,-0.08100003714221624,0.4428008598335659,-0.07369147293106257,1.0,-0.1915017217964996,1.0,-0.16607493053741584
CoQmx,HP_4,7.0,0.0,0.0,0.0,5.0,0.0,3.0,0.0,9.0,0.0,9.0,0.0,0.6626537963699429,-0.07223381078647043,-0.15726173536405694,-0.28669545014248254,0.387701714540599,-0.08100003714221624,0.1642012897503488,-0.07369147293106257,1.0,-0.1915017217964996,1.0,-0.16607493053741584
CoQmx,HP_5,5.0,0.0,1.0,0.0,0.0,0.0,0.0,0.0,5.0,0.0,5.0,0.0,0.3253075927398857,-0.07223381078647043,-0.02867709810138396,-0.28669545014248254,-0.3776711422836523,-0.08100003714221624,-0.25369806537447676,-0.07369147293106257,0.3225554426905504,-0.1915017217964996,0.3158421326329587,-0.16607493053741584
CoQmx,HP_6,8.0,0.0,0.0,0.0,2.0,0.0,1.0,0.0,6.0,0.0,6.0,0.0,0.8313268981849714,-0.07223381078647043,-0.15726173536405694,-0.28669545014248254,-0.07152199955395178,-0.08100003714221624,-0.11439828033286824,-0.07369147293106257,0.4919165820179128,-0.1915017217964996,0.486881599474719,-0.16607493053741584
CoQmx,HP_8,7.0,0.0,2.0,0.0,0.0,0.0,0.0,0.0,1.0,0.0,1.0,0.0,0.6626537963699429,-0.07223381078647043,0.09990753916128903,-0.28669545014248254,-0.3776711422836523,-0.08100003714221624,-0.25369806537447676,-0.07369147293106257,-0.3548891146188991,-0.1915017217964996,-0.3683157347340826,-0.16607493053741584
CoQmx,LN_1,0.0,0.0,2.0,1.0,0.0,0.0,0.0,0.0,0.0,0.0,0.0,0.0,-0.5180579163352573,-0.07223381078647043,0.09990753916128903,-0.14372928901554005,-0.3776711422836523,-0.08100003714221624,-0.25369806537447676,-0.07369147293106257,-0.5242502539462615,-0.1915017217964996,-0.5393552015758428,-0.16607493053741584
CoQmx,LN_2,0.0,0.0,0.0,0.0,0.0,1.0,0.0,1.0,0.0,4.0,0.0,6.0,-0.5180579163352573,-0.07223381078647043,-0.15726173536405694,-0.28669545014248254,-0.3776711422836523,0.039111078095807786,-0.25369806537447676,0.04560757961683327,-0.5242502539462615,0.3380545990019447,-0.5393552015758428,0.611308356487528
CoQmx,LN_3,0.0,3.0,0.0,0.0,0.0,2.0,0.0,0.0,0.0,5.0,0.0,1.0,-0.5180579163352573,0.28517745947568635,-0.15726173536405694,-0.28669545014248254,-0.3776711422836523,0.15922219333383178,-0.25369806537447676,-0.07369147293106257,-0.5242502539462615,0.4704436792015557,-0.5393552015758428,-0.03651104936659187
CoQmx,LN_4,0.0,0.0,0.0,1.0,0.0,0.0,0.0,0.0,0.0,0.0,0.0,9.0,-0.5180579163352573,-0.07223381078647043,-0.15726173536405694,-0.14372928901554005,-0.3776711422836523,-0.08100003714221624,-0.25369806537447676,-0.07369147293106257,-0.5242502539462615,-0.1915017217964996,-0.5393552015758428,1.0
CoQmx,LN_5,6.0,0.0,0.0,2.0,2.0,0.0,0.0,0.0,6.0,0.0,0.0,0.0,0.4939806945549143,-0.07223381078647043,-0.15726173536405694,-0.0007631278885975564,-0.07152199955395178,-0.08100003714221624,-0.25369806537447676,-0.07369147293106257,0.4919165820179128,-0.1915017217964996,-0.5393552015758428,-0.16607493053741584
CoQmx,LN_6,0.0,0.0,9.0,6.0,0.0,1.0,0.0,0.0,0.0,0.0,0.0,0.0,-0.5180579163352573,-0.07223381078647043,1.0,0.5711015166191724,-0.3776711422836523,0.039111078095807786,-0.25369806537447676,-0.07369147293106257,-0.5242502539462615,-0.1915017217964996,-0.5393552015758428,-0.16607493053741584
CoQmx,LN_8,0.0,0.0,0.0,0.0,0.0,0.0,0.0,0.0,0.0,0.0,0.0,9.0,-0.5180579163352573,-0.07223381078647043,-0.15726173536405694,-0.28669545014248254,-0.3776711422836523,-0.08100003714221624,-0.25369806537447676,-0.07369147293106257,-0.5242502539462615,-0.1915017217964996,-0.5393552015758428,1.0
CoQmx,LP_1,6.0,0.0,0.0,4.0,6.0,0.0,0.0,0.0,6.0,0.0,8.0,0.0,0.4939806945549143,-0.07223381078647043,-0.15726173536405694,0.2851691943652874,0.5407762859054492,-0.08100003714221624,-0.25369806537447676,-0.07369147293106257,0.4919165820179128,-0.1915017217964996,0.8289605331582397,-0.16607493053741584
CoQmx,LP_2,6.0,0.0,0.0,3.0,6.0,0.0,7.0,0.0,8.0,0.0,9.0,0.0,0.4939806945549143,-0.07223381078647043,-0.15726173536405694,0.14220303323834493,0.5407762859054492,-0.08100003714221624,0.721400429916783,-0.07369147293106257,0.8306388606726376,-0.1915017217964996,1.0,-0.16607493053741584
CoQmx,LP_3,0.0,0.0,7.0,0.0,0.0,0.0,0.0,0.0,0.0,0.0,0.0,0.0,-0.5180579163352573,-0.07223381078647043,0.742830725474654,-0.28669545014248254,-0.3776711422836523,-0.08100003714221624,-0.25369806537447676,-0.07369147293106257,-0.5242502539462615,-0.1915017217964996,-0.5393552015758428,-0.16607493053741584
CoQmx,LP_4,0.0,0.0,9.0,4.0,0.0,0.0,0.0,0.0,0.0,0.0,0.0,0.0,-0.5180579163352573,-0.07223381078647043,1.0,0.2851691943652874,-0.3776711422836523,-0.08100003714221624,-0.25369806537447676,-0.07369147293106257,-0.5242502539462615,-0.1915017217964996,-0.5393552015758428,-0.16607493053741584
CoQmx,LP_5,1.0,0.0,0.0,2.0,4.0,0.0,5.0,0.0,8.0,0.0,8.0,0.0,-0.34938481452022874,-0.07223381078647043,-0.15726173536405694,-0.0007631278885975564,0.23462714317574873,-0.08100003714221624,0.4428008598335659,-0.07369147293106257,0.8306388606726376,-0.1915017217964996,0.8289605331582397,-0.16607493053741584
CoQmx,LP_6,0.0,0.0,3.0,3.0,0.0,0.0,0.0,0.0,0.0,0.0,2.0,0.0,-0.5180579163352573,-0.07223381078647043,0.22849217642396202,0.14220303323834493,-0.3776711422836523,-0.08100003714221624,-0.25369806537447676,-0.07369147293106257,-0.5242502539462615,-0.1915017217964996,-0.19727626789232225,-0.16607493053741584
CoQmx,LP_7,0.0,0.0,0.0,6.0,9.0,0.0,9.0,0.0,9.0,0.0,9.0,0.0,-0.5180579163352573,-0.07223381078647043,-0.15726173536405694,0.5711015166191724,1.0,-0.08100003714221624,1.0,-0.07369147293106257,1.0,-0.1915017217964996,1.0,-0.16607493053741584
CoQmx,LP_8,9.0,0.0,0.0,9.0,9.0,0.0,9.0,0.0,9.0,0.0,9.0,0.0,1.0,-0.07223381078647043,-0.15726173536405694,1.0,1.0,-0.08100003714221624,1.0,-0.07369147293106257,1.0,-0.1915017217964996,1.0,-0.16607493053741584
Cr1sTi,HN_1,0.0,6.0,0.0,0.0,0.0,8.0,0.0,2.0,0.0,6.0,0.0,1.0,-0.6879615527752581,0.8431204462576568,-0.13605944913993478,-1.0,-0.3719887693904902,1.0,-0.2941610892969299,0.11522397015929312,-0.5907859430146162,0.5684971234624258,-0.7325411674997241,-0.08666567400301092
Cr1sTi,HN_4,7.0,0.0,0.0,1.0,0.0,0.0,0.0,0.0,3.0,0.0,7.0,0.0,0.6248974327166094,-0.09815687619640218,-0.13605944913993478,-0.6391842279270541,-0.3719887693904902,-0.1887432252757678,-0.2941610892969299,-0.137569181223766,-0.06052396200974411,-0.29450862961272256,0.6149908516667281,-0.2224988832533873
Cr1sTi,HN_5,7.0,0.0,0.0,4.0,1.0,0.0,1.0,0.0,2.0,0.0,4.0,0.0,0.6248974327166094,-0.09815687619640218,-0.13605944913993478,0.44326308829178346,-0.20049017321667895,-0.1887432252757678,0.036073119696079785,-0.137569181223766,-0.2372779556780348,-0.29450862961272256,0.03747712916682,-0.2224988832533873
Cr1sTi,HN_6,0.0,2.0,0.0,0.0,0.0,8.0,0.0,1.0,0.0,8.0,0.0,2.0,-0.6879615527752581,0.21560223128828415,-0.13605944913993478,-1.0,-0.3719887693904902,1.0,-0.2941610892969299,-0.011172605532236434,-0.5907859430146162,0.8561657078208086,-0.7325411674997241,0.049167535247365446
Cr1sTi,HN_7,0.0,0.0,0.0,0.0,0.0,0.0,0.0,3.0,0.0,2.0,0.0,2.0,-0.6879615527752581,-0.09815687619640218,-0.13605944913993478,-1.0,-0.3719887693904902,-0.1887432252757678,-0.2941610892969299,0.24162054585082265,-0.5907859430146162,-0.006840045254339787,-0.7325411674997241,0.049167535247365446
Cr1sTi,HN_8,1.0,0.0,0.0,2.0,0.0,2.0,0.0,6.0,0.0,8.0,0.0,8.0,-0.5004102691335627,-0.09815687619640218,-0.13605944913993478,-0.27836845585410824,-0.3719887693904902,0.10844258104317413,-0.2941610892969299,0.6208102729254114,-0.5907859430146162,0.8561657078208086,-0.7325411674997241,0.8641667907496237
Cr1sTi,HP_2,8.0,0.0,0.0,5.0,7.0,0.0,1.0,0.0,8.0,0.0,8.0,0.0,0.8124487163583046,-0.09815687619640218,-0.13605944913993478,0.8040788603647293,0.8285014038261888,-0.1887432252757678,0.036073119696079785,-0.137569181223766,0.8232460063317093,-0.29450862961272256,0.807495425833364,-0.2224988832533873
Cr1sTi,HP_4,8.0,0.0,2.0,5.0,1.0,0.0,1.0,0.0,6.0,0.0,8.0,0.0,0.8124487163583046,-0.09815687619640218,0.1885289649000466,0.8040788603647293,-0.20049017321667895,-0.1887432252757678,0.036073119696079785,-0.137569181223766,0.46973801899512796,-0.29450862961272256,0.807495425833364,-0.2224988832533873
Cr1sTi,HP_5,8.0,0.0,0.0,5.0,6.0,0.0,2.0,0.0,6.0,0.0,7.0,0.0,0.8124487163583046,-0.09815687619640218,-0.13605944913993478,0.8040788603647293,0.6570028076523774,-0.1887432252757678,0.3663073286890895,-0.137569181223766,0.46973801899512796,-0.29450862961272256,0.6149908516667281,-0.2224988832533873
Cr1sTi,HP_6,9.0,0.0,0.0,3.0,6.0,0.0,1.0,0.0,8.0,0.0,9.0,0.0,1.0,-0.09815687619640218,-0.13605944913993478,0.0824473162188376,0.6570028076523774,-0.1887432252757678,0.036073119696079785,-0.137569181223766,0.8232460063317093,-0.29450862961272256,1.0,-0.2224988832533873
Cr1sTi,HP_8,7.0,0.0,0.0,5.0,4.0,0.0,1.0,0.0,4.0,0.0,7.0,0.0,0.6248974327166094,-0.09815687619640218,-0.13605944913993478,0.8040788603647293,0.31400561530475485,-0.1887432252757678,0.036073119696079785,-0.137569181223766,0.11623003165854658,-0.29450862961272256,0.6149908516667281,-0.2224988832533873
Cr1sTi,LN_1,0.0,0.0,7.0,2.0,0.0,0.0,0.0,0.0,0.0,1.0,0.0,0.0,-0.6879615527752581,-0.09815687619640218,1.0,-0.27836845585410824,-0.3719887693904902,-0.1887432252757678,-0.2941610892969299,-0.137569181223766,-0.5907859430146162,-0.15067433743353117,-0.7325411674997241,-0.2224988832533873
Cr1sTi,LN_2,0.0,0.0,0.0,4.0,0.0,0.0,0.0,6.0,0.0,8.0,0.0,9.0,-0.6879615527752581,-0.09815687619640218,-0.13605944913993478,0.44326308829178346,-0.3719887693904902,-0.1887432252757678,-0.2941610892969299,0.6208102729254114,-0.5907859430146162,0.8561657078208086,-0.7325411674997241,1.0
Cr1sTi,LN_3,0.0,7.0,0.0,0.0,0.0,8.0,0.0,0.0,0.0,7.0,0.0,8.0,-0.6879615527752581,1.0,-0.13605944913993478,-1.0,-0.3719887693904902,1.0,-0.2941610892969299,-0.137569181223766,-0.5907859430146162,0.7123314156416172,-0.7325411674997241,0.8641667907496237
Cr1sTi,LN_4,0.0,0.0,0.0,1.0,0.0,0.0,0.0,1.0,0.0,3.0,0.0,8.0,-0.6879615527752581,-0.09815687619640218,-0.13605944913993478,-0.6391842279270541,-0.3719887693904902,-0.1887432252757678,-0.2941610892969299,-0.011172605532236434,-0.5907859430146162,0.1369942469248516,-0.7325411674997241,0.8641667907496237
Cr1sTi,LN_5,0.0,0.0,3.0,1.0,0.0,0.0,0.0,0.0,0.0,1.0,0.0,2.0,-0.6879615527752581,-0.09815687619640218,0.35082317192003726,-0.6391842279270541,-0.3719887693904902,-0.1887432252757678,-0.2941610892969299,-0.137569181223766,-0.5907859430146162,-0.15067433743353117,-0.7325411674997241,0.049167535247365446
Cr1sTi,LN_6,0.0,0.0,0.0,2.0,0.0,0.0,0.0,0.0,0.0,0.0,0.0,1.0,-0.6879615527752581,-0.09815687619640218,-0.13605944913993478,-0.27836845585410824,-0.3719887693904902,-0.1887432252757678,-0.2941610892969299,-0.137569181223766,-0.5907859430146162,-0.29450862961272256,-0.7325411674997241,-0.08666567400301092
Cr1sTi,LN_8,0.0,2.0,0.0,1.0,0.0,2.0,0.0,0.0,0.0,2.0,0.0,8.0,-0.6879615527752581,0.21560223128828415,-0.13605944913993478,-0.6391842279270541,-0.3719887693904902,0.10844258104317413,-0.2941610892969299,-0.137569181223766,-0.5907859430146162,-0.006840045254339787,-0.7325411674997241,0.8641667907496237
Cr1sTi,LP_1,9.0,0.0,0.0,3.0,4.0,0.0,3.0,0.0,9.0,0.0,9.0,0.0,1.0,-0.09815687619640218,-0.13605944913993478,0.0824473162188376,0.31400561530475485,-0.1887432252757678,0.6965415376820991,-0.137569181223766,1.0,-0.29450862961272256,1.0,-0.2224988832533873
Cr1sTi,LP_2,8.0,0.0,0.0,3.0,8.0,0.0,1.0,0.0,8.0,0.0,8.0,0.0,0.8124487163583046,-0.09815687619640218,-0.13605944913993478,0.0824473162188376,1.0,-0.1887432252757678,0.036073119696079785,-0.137569181223766,0.8232460063317093,-0.29450862961272256,0.807495425833364,-0.2224988832533873
Cr1sTi,LP_3,1.0,0.0,2.0,3.0,1.0,0.0,0.0,0.0,3.0,0.0,3.0,0.0,-0.5004102691335627,-0.09815687619640218,0.1885289649000466,0.0824473162188376,-0.20049017321667895,-0.1887432252757678,-0.2941610892969299,-0.137569181223766,-0.06052396200974411,-0.29450862961272256,-0.15502744499981602,-0.2224988832533873
Cr1sTi,LP_4,1.0,0.0,1.0,5.0,1.0,0.0,0.0,0.0,3.0,0.0,3.0,0.0,-0.5004102691335627,-0.09815687619640218,0.026234757880055897,0.8040788603647293,-0.20049017321667895,-0.1887432252757678,-0.2941610892969299,-0.137569181223766,-0.06052396200974411,-0.29450862961272256,-0.15502744499981602,-0.2224988832533873
Cr1sTi,LP_5,9.0,0.0,0.0,5.0,1.0,0.0,1.0,0.0,9.0,0.0,9.0,0.0,1.0,-0.09815687619640218,-0.13605944913993478,0.8040788603647293,-0.20049017321667895,-0.1887432252757678,0.036073119696079785,-0.137569181223766,1.0,-0.29450862961272256,1.0,-0.2224988832533873
Cr1sTi,LP_6,0.0,0.0,3.0,3.0,1.0,1.0,0.0,0.0,0.0,0.0,2.0,0.0,-0.6879615527752581,-0.09815687619640218,0.35082317192003726,0.0824473162188376,-0.20049017321667895,-0.04015032211629684,-0.2941610892969299,-0.137569181223766,-0.5907859430146162,-0.29450862961272256,-0.34753201916645204,-0.2224988832533873
Cr1sTi,LP_7,5.0,0.0,0.0,5.0,6.0,0.0,0.0,0.0,9.0,0.0,9.0,1.0,0.24979486543321863,-0.09815687619640218,-0.13605944913993478,0.8040788603647293,0.6570028076523774,-0.1887432252757678,-0.2941610892969299,-0.137569181223766,1.0,-0.29450862961272256,1.0,-0.08666567400301092
Cr1sTi,LP_8,9.0,0.0,0.0,5.0,3.0,0.0,2.0,0.0,9.0,0.0,8.0,0.0,1.0,-0.09815687619640218,-0.13605944913993478,0.8040788603647293,0.14250701913094357,-0.1887432252757678,0.3663073286890895,-0.137569181223766,1.0,-0.29450862961272256,0.807495425833364,-0.2224988832533873
F5tXL,HN_1,0.0,3.0,0.0,3.0,0.0,6.0,0.0,1.0,0.0,3.0,0.0,2.0,-0.8673256341721725,0.3812435042218608,-0.17118410643979615,-0.22977741950503433,-0.5143940725964146,1.0,-0.5769077549811292,0.11758697677554145,-0.6176770033407145,1.0,-0.7260150523196622,0.0660604362555045
F5tXL,HN_4,4.0,0.0,0.0,6.0,2.0,0.0,3.0,0.0,1.0,0.0,4.0,0.0,0.0663371829139138,-0.08282386761174355,-0.17118410643979615,0.5080890321979863,-0.13579555444731092,-0.11615598937188176,0.014432653136794212,-0.1030162790305732,-0.4154673779231252,-0.41309919493227965,0.13699247384016885,-0.2452527516593273
F5tXL,HN_5,1.0,0.0,0.0,0.0,0.0,0.0,0.0,3.0,0.0,0.0,0.0,0.0,-0.6339099299006509,-0.08282386761174355,-0.17118410643979615,-0.967643871208055,-0.5143940725964146,-0.11615598937188176,-0.5769077549811292,0.5587934883877708,-0.6176770033407145,-0.41309919493227965,-0.7260150523196622,-0.2452527516593273
F5tXL,HN_6,0.0,3.0,0.0,4.0,0.0,3.0,0.0,0.0,0.0,3.0,0.0,5.0,-0.8673256341721725,0.3812435042218608,-0.17118410643979615,0.016178064395972552,-0.5143940725964146,0.4419220053140591,-0.5769077549811292,-0.1030162790305732,-0.6176770033407145,1.0,-0.7260150523196622,0.5330302181277523
F5tXL,HN_7,0.0,0.0,0.0,4.0,0.0,0.0,0.0,2.0,0.0,3.0,1.0,5.0,-0.8673256341721725,-0.08282386761174355,-0.17118410643979615,0.016178064395972552,-0.5143940725964146,-0.11615598937188176,-0.5769077549811292,0.3381902325816561,-0.6176770033407145,1.0,-0.5102631707797044,0.5330302181277523
F5tXL,HN_8,0.0,7.0,0.0,0.0,0.0,6.0,0.0,0.0,0.0,2.0,0.0,5.0,-0.8673256341721725,1.0,-0.17118410643979615,-0.967643871208055,-0.5143940725964146,1.0,-0.5769077549811292,-0.1030162790305732,-0.6176770033407145,0.5289669350225734,-0.7260150523196622,0.5330302181277523
F5tXL,HP_2,8.0,0.0,0.0,5.0,5.0,0.0,7.0,0.0,8.0,0.0,7.0,0.0,1.0,-0.08282386761174355,-0.17118410643979615,0.26213354829697944,0.4321022227763445,-0.11615598937188176,0.8028865306273588,-0.1030162790305732,1.0,-0.41309919493227965,0.7842481184600422,-0.2452527516593273
F5tXL,HP_4,7.0,0.0,0.0,5.0,5.0,0.0,6.0,0.0,7.0,0.0,7.0,0.0,0.7665842957284784,-0.08282386761174355,-0.17118410643979615,0.26213354829697944,0.4321022227763445,-0.11615598937188176,0.6057730612547176,-0.1030162790305732,0.7977903745824106,-0.41309919493227965,0.7842481184600422,-0.2452527516593273
F5tXL,HP_5,8.0,0.0,0.0,5.0,0.0,0.0,5.0,0.0,5.0,0.0,5.0,0.0,1.0,-0.08282386761174355,-0.17118410643979615,0.26213354829697944,-0.5143940725964146,-0.11615598937188176,0.4086595918820765,-0.1030162790305732,0.39337112374723204,-0.41309919493227965,0.3527443553801266,-0.2452527516593273
F5tXL,HP_6,7.0,0.0,0.0,3.0,2.0,0.0,4.0,0.0,5.0,0.0,4.0,0.0,0.7665842957284784,-0.08282386761174355,-0.17118410643979615,-0.22977741950503433,-0.13579555444731092,-0.11615598937188176,0.21154612250943536,-0.1030162790305732,0.39337112374723204,-0.41309919493227965,0.13699247384016885,-0.2452527516593273
F5tXL,HP_8,8.0,0.0,1.0,5.0,5.0,0.0,7.0,0.0,6.0,0.0,7.0,0.0,1.0,-0.08282386761174355,0.1216119201701529,0.26213354829697944,0.4321022227763445,-0.11615598937188176,0.8028865306273588,-0.1030162790305732,0.5955807491648214,-0.41309919493227965,0.7842481184600422,-0.2452527516593273
F5tXL,LN_1,0.0,0.0,4.0,2.0,2.0,0.0,0.0,0.0,0.0,0.0,1.0,0.0,-0.8673256341721725,-0.08282386761174355,1.0,-0.47573290340604124,-0.13579555444731092,-0.11615598937188176,-0.5769077549811292,-0.1030162790305732,-0.6176770033407145,-0.41309919493227965,-0.5102631707797044,-0.2452527516593273
F5tXL,LN_2,0.0,0.0,0.0,3.0,0.0,0.0,0.0,0.0,0.0,2.0,0.0,6.0,-0.8673256341721725,-0.08282386761174355,-0.17118410643979615,-0.22977741950503433,-0.5143940725964146,-0.11615598937188176,-0.5769077549811292,-0.1030162790305732,-0.6176770033407145,0.5289669350225734,-0.7260150523196622,0.6886868120851681
F5tXL,LN_3,0.0,5.0,0.0,2.0,0.0,4.0,0.0,0.0,0.0,2.0,0.0,4.0,-0.8673256341721725,0.6906217521109304,-0.17118410643979615,-0.47573290340604124,-0.5143940725964146,0.6279480035427061,-0.5769077549811292,-0.1030162790305732,-0.6176770033407145,0.5289669350225734,-0.7260150523196622,0.3773736241703364
F5tXL,LN_4,0.0,0.0,0.0,0.0,0.0,0.0,0.0,0.0,0.0,1.0,0.0,5.0,-0.8673256341721725,-0.08282386761174355,-0.17118410643979615,-0.967643871208055,-0.5143940725964146,-0.11615598937188176,-0.5769077549811292,-0.1030162790305732,-0.6176770033407145,0.05793387004514689,-0.7260150523196622,0.5330302181277523
F5tXL,LN_5,0.0,0.0,3.0,5.0,0.0,0.0,0.0,0.0,0.0,0.0,0.0,1.0,-0.8673256341721725,-0.08282386761174355,0.7072039733900509,0.26213354829697944,-0.5143940725964146,-0.11615598937188176,-0.5769077549811292,-0.1030162790305732,-0.6176770033407145,-0.41309919493227965,-0.7260150523196622,-0.0895961577019114
F5tXL,LN_6,0.0,0.0,0.0,3.0,0.0,0.0,0.0,0.0,0.0,3.0,1.0,5.0,-0.8673256341721725,-0.08282386761174355,-0.17118410643979615,-0.22977741950503433,-0.5143940725964146,-0.11615598937188176,-0.5769077549811292,-0.1030162790305732,-0.6176770033407145,1.0,-0.5102631707797044,0.5330302181277523
F5tXL,LN_8,0.0,0.0,0.0,1.0,1.0,0.0,0.0,0.0,0.0,3.0,1.0,5.0,-0.8673256341721725,-0.08282386761174355,-0.17118410643979615,-0.7216883873070481,-0.32509481352186276,-0.11615598937188176,-0.5769077549811292,-0.1030162790305732,-0.6176770033407145,1.0,-0.5102631707797044,0.5330302181277523
F5tXL,LP_1,8.0,0.0,0.0,8.0,7.0,0.0,8.0,0.0,8.0,0.0,8.0,0.0,1.0,-0.08282386761174355,-0.17118410643979615,1.0,0.8107007409254482,-0.11615598937188176,1.0,-0.1030162790305732,1.0,-0.41309919493227965,1.0,-0.2452527516593273
F5tXL,LP_2,8.0,0.0,0.0,8.0,8.0,0.0,8.0,0.0,8.0,0.0,8.0,0.0,1.0,-0.08282386761174355,-0.17118410643979615,1.0,1.0,-0.11615598937188176,1.0,-0.1030162790305732,1.0,-0.41309919493227965,1.0,-0.2452527516593273
F5tXL,LP_3,6.0,0.0,0.0,7.0,7.0,0.0,5.0,0.0,5.0,0.0,4.0,0.0,0.5331685914569569,-0.08282386761174355,-0.17118410643979615,0.7540445160989933,0.8107007409254482,-0.11615598937188176,0.4086595918820765,-0.1030162790305732,0.39337112374723204,-0.41309919493227965,0.13699247384016885,-0.2452527516593273
F5tXL,LP_4,8.0,0.0,0.0,7.0,7.0,0.0,6.0,0.0,8.0,0.0,7.0,0.0,1.0,-0.08282386761174355,-0.17118410643979615,0.7540445160989933,0.8107007409254482,-0.11615598937188176,0.6057730612547176,-0.1030162790305732,1.0,-0.41309919493227965,0.7842481184600422,-0.2452527516593273
F5tXL,LP_5,6.0,0.0,0.0,4.0,4.0,0.0,4.0,0.0,6.0,0.0,5.0,0.0,0.5331685914569569,-0.08282386761174355,-0.17118410643979615,0.016178064395972552,0.24280296370179272,-0.11615598937188176,0.21154612250943536,-0.1030162790305732,0.5955807491648214,-0.41309919493227965,0.3527443553801266,-0.2452527516593273
F5tXL,LP_6,1.0,0.0,1.0,2.0,3.0,0.0,0.0,0.0,0.0,0.0,2.0,0.0,-0.6339099299006509,-0.08282386761174355,0.1216119201701529,-0.47573290340604124,0.05350370462724089,-0.11615598937188176,-0.5769077549811292,-0.1030162790305732,-0.6176770033407145,-0.41309919493227965,-0.2945112892397467,-0.2452527516593273
F5tXL,LP_7,3.0,1.0,0.0,5.0,5.0,0.0,6.0,0.0,4.0,2.0,6.0,5.0,-0.16707852135760776,0.07186525633279124,-0.17118410643979615,0.26213354829697944,0.4321022227763445,-0.11615598937188176,0.6057730612547176,-0.1030162790305732,0.19116149832964274,0.5289669350225734,0.5684962369200843,0.5330302181277523
F5tXL,LP_8,8.0,0.0,1.0,6.0,6.0,0.0,7.0,0.0,7.0,0.0,6.0,0.0,1.0,-0.08282386761174355,0.1216119201701529,0.5080890321979863,0.6214014818508964,-0.11615598937188176,0.8028865306273588,-0.1030162790305732,0.7977903745824106,-0.41309919493227965,0.5684962369200843,-0.2452527516593273
F8mDn,HN_1,0.0,6.0,0.0,0.0,1.0,9.0,0.0,9.0,0.0,9.0,0.0,9.0,-0.9714616825107706,0.6097434399382466,-0.08849827409627128,-1.0,-0.8059627142690693,1.0,-0.7893330062081675,1.0,-0.8750225484351922,1.0,-1.0,1.0
F8mDn,HN_4,1.0,1.0,0.0,2.0,2.0,6.0,0.0,8.0,0.0,3.0,1.0,7.0,-0.7524103844540183,-0.04068416016467541,-0.08849827409627128,-0.6131486253047851,-0.6119254285381386,0.5966296308652254,-0.7893330062081675,0.8322243829011715,-0.8750225484351922,0.05477011885213514,-0.7890370714982938,0.6943686711294226
F8mDn,HN_5,0.0,4.0,0.0,1.0,1.0,2.0,0.0,8.0,0.0,6.0,2.0,2.0,-0.9714616825107706,0.3495723998970779,-0.08849827409627128,-0.8065743126523925,-0.8059627142690693,0.058802472018859124,-0.7893330062081675,0.8322243829011715,-0.8750225484351922,0.5273850594260676,-0.5780741429965877,-0.06970965104702088
F8mDn,HN_6,7.0,8.0,0.0,7.0,6.0,8.0,0.0,8.0,0.0,7.0,0.0,2.0,0.5618974038864955,0.8699144799794155,-0.08849827409627128,0.35397981143325224,0.16422371438558417,0.8655432102884084,-0.7893330062081675,0.8322243829011715,-0.8750225484351922,0.6849233729507117,-1.0,-0.06970965104702088
F8mDn,HN_7,0.0,7.0,0.0,4.0,0.0,1.0,0.0,8.0,0.0,6.0,1.0,7.0,-0.9714616825107706,0.7398289599588311,-0.08849827409627128,-0.22629725060957015,-1.0,-0.07565431769273244,-0.7893330062081675,0.8322243829011715,-0.8750225484351922,0.5273850594260676,-0.7890370714982938,0.6943686711294226
F8mDn,HN_8,0.0,6.0,0.0,3.0,1.0,8.0,0.0,8.0,0.0,7.0,0.0,8.0,-0.9714616825107706,0.6097434399382466,-0.08849827409627128,-0.41972293795717763,-0.8059627142690693,0.8655432102884084,-0.7893330062081675,0.8322243829011715,-0.8750225484351922,0.6849233729507117,-1.0,0.8471843355647113
F8mDn,HP_2,8.0,0.0,0.0,6.0,8.0,0.0,8.0,1.0,8.0,0.0,8.0,0.0,0.7809487019432477,-0.17076968018525984,-0.08849827409627128,0.16055412408564476,0.5522982858474456,-0.210111107404324,0.8011852215324259,-0.34220493679062813,0.7916641612849786,-0.4178448217217973,0.6877034280136493,-0.3753409799175983
F8mDn,HP_4,7.0,0.0,0.0,8.0,8.0,0.0,8.0,0.0,8.0,0.0,8.0,0.0,0.5618974038864955,-0.17076968018525984,-0.08849827409627128,0.5474054987808596,0.5522982858474456,-0.210111107404324,0.8011852215324259,-0.5099805538894566,0.7916641612849786,-0.4178448217217973,0.6877034280136493,-0.3753409799175983
F8mDn,HP_5,8.0,0.0,0.0,5.0,7.0,0.0,7.0,0.0,7.0,0.0,8.0,0.0,0.7809487019432477,-0.17076968018525984,-0.08849827409627128,-0.03287156326196269,0.35826100011651485,-0.210111107404324,0.6023704430648517,-0.5099805538894566,0.5833283225699573,-0.4178448217217973,0.6877034280136493,-0.3753409799175983
F8mDn,HP_6,8.0,0.0,0.0,8.0,8.0,0.0,8.0,0.0,8.0,0.0,8.0,0.0,0.7809487019432477,-0.17076968018525984,-0.08849827409627128,0.5474054987808596,0.5522982858474456,-0.210111107404324,0.8011852215324259,-0.5099805538894566,0.7916641612849786,-0.4178448217217973,0.6877034280136493,-0.3753409799175983
F8mDn,HP_8,6.0,1.0,0.0,7.0,6.0,0.0,1.0,0.0,6.0,2.0,8.0,0.0,0.3428461058297432,-0.04068416016467541,-0.08849827409627128,0.35397981143325224,0.16422371438558417,-0.210111107404324,-0.5905182277405934,-0.5099805538894566,0.37499248385493594,-0.10276819467250901,0.6877034280136493,-0.3753409799175983
F8mDn,LN_1,2.0,0.0,5.0,8.0,7.0,0.0,7.0,0.0,7.0,0.0,6.0,6.0,-0.5333590863972659,-0.17076968018525984,1.0,0.5474054987808596,0.35826100011651485,-0.210111107404324,0.6023704430648517,-0.5099805538894566,0.5833283225699573,-0.4178448217217973,0.26577757101023697,0.5415530066941339
F8mDn,LN_2,1.0,1.0,0.0,2.0,2.0,1.0,1.0,6.0,1.0,6.0,3.0,7.0,-0.7524103844540183,-0.04068416016467541,-0.08849827409627128,-0.6131486253047851,-0.6119254285381386,-0.07565431769273244,-0.5905182277405934,0.4966731487035145,-0.6666867097201709,0.5273850594260676,-0.36711121449488154,0.6943686711294226
F8mDn,LN_3,0.0,9.0,0.0,0.0,1.0,9.0,0.0,9.0,0.0,9.0,0.0,9.0,-0.9714616825107706,1.0,-0.08849827409627128,-1.0,-0.8059627142690693,1.0,-0.7893330062081675,1.0,-0.8750225484351922,1.0,-1.0,1.0
F8mDn,LN_4,6.0,0.0,0.0,7.0,6.0,0.0,1.0,7.0,1.0,6.0,2.0,7.0,0.3428461058297432,-0.17076968018525984,-0.08849827409627128,0.35397981143325224,0.16422371438558417,-0.210111107404324,-0.5905182277405934,0.664448765802343,-0.6666867097201709,0.5273850594260676,-0.5780741429965877,0.6943686711294226
F8mDn,LN_5,1.0,0.0,0.0,6.0,6.0,6.0,2.0,0.0,2.0,3.0,3.0,6.0,-0.7524103844540183,-0.17076968018525984,-0.08849827409627128,0.16055412408564476,0.16422371438558417,0.5966296308652254,-0.3917034492730192,-0.5099805538894566,-0.45835087100514954,0.05477011885213514,-0.36711121449488154,0.5415530066941339
F8mDn,LN_6,4.0,0.0,0.0,4.0,6.0,0.0,5.0,6.0,3.0,2.0,6.0,0.0,-0.09525649028376142,-0.17076968018525984,-0.08849827409627128,-0.22629725060957015,0.16422371438558417,-0.210111107404324,0.20474088612970334,0.4966731487035145,-0.25001503229012817,-0.10276819467250901,0.26577757101023697,-0.3753409799175983
F8mDn,LN_8,2.0,3.0,0.0,7.0,6.0,2.0,1.0,1.0,0.0,8.0,3.0,8.0,-0.5333590863972659,0.21948687987649346,-0.08849827409627128,0.35397981143325224,0.16422371438558417,0.058802472018859124,-0.5905182277405934,-0.34220493679062813,-0.8750225484351922,0.8424616864753558,-0.36711121449488154,0.8471843355647113
F8mDn,LP_1,9.0,0.0,0.0,9.0,9.0,0.0,9.0,0.0,9.0,0.0,9.0,0.0,1.0,-0.17076968018525984,-0.08849827409627128,0.7408311861284672,0.7463355715783763,-0.210111107404324,1.0,-0.5099805538894566,1.0,-0.4178448217217973,0.8986663565153554,-0.3753409799175983
F8mDn,LP_2,8.0,0.0,0.0,7.0,7.0,0.0,8.0,1.0,8.0,0.0,8.0,0.0,0.7809487019432477,-0.17076968018525984,-0.08849827409627128,0.35397981143325224,0.35826100011651485,-0.210111107404324,0.8011852215324259,-0.34220493679062813,0.7916641612849786,-0.4178448217217973,0.6877034280136493,-0.3753409799175983
F8mDn,LP_3,8.0,0.0,0.0,8.0,8.0,0.0,8.0,0.0,8.0,0.0,8.0,0.0,0.7809487019432477,-0.17076968018525984,-0.08849827409627128,0.5474054987808596,0.5522982858474456,-0.210111107404324,0.8011852215324259,-0.5099805538894566,0.7916641612849786,-0.4178448217217973,0.6877034280136493,-0.3753409799175983
F8mDn,LP_4,8.0,0.0,0.0,9.0,8.0,0.0,7.0,1.0,8.0,0.0,8.0,0.0,0.7809487019432477,-0.17076968018525984,-0.08849827409627128,0.7408311861284672,0.5522982858474456,-0.210111107404324,0.6023704430648517,-0.34220493679062813,0.7916641612849786,-0.4178448217217973,0.6877034280136493,-0.3753409799175983
F8mDn,LP_5,9.0,0.0,0.0,9.0,9.0,0.0,8.0,0.0,9.0,0.0,9.0,0.0,1.0,-0.17076968018525984,-0.08849827409627128,0.7408311861284672,0.7463355715783763,-0.210111107404324,0.8011852215324259,-0.5099805538894566,1.0,-0.4178448217217973,0.8986663565153554,-0.3753409799175983
F8mDn,LP_6,4.0,0.0,0.0,2.0,4.0,0.0,6.0,6.0,4.0,1.0,4.0,0.0,-0.09525649028376142,-0.17076968018525984,-0.08849827409627128,-0.6131486253047851,-0.22385085707627722,-0.210111107404324,0.4035556645972775,0.4966731487035145,-0.041679193575106806,-0.2603065081971532,-0.15614828599317535,-0.3753409799175983
F8mDn,LP_7,9.0,0.0,0.0,9.0,8.0,0.0,8.0,0.0,9.0,0.0,8.0,0.0,1.0,-0.17076968018525984,-0.08849827409627128,0.7408311861284672,0.5522982858474456,-0.210111107404324,0.8011852215324259,-0.5099805538894566,1.0,-0.4178448217217973,0.6877034280136493,-0.3753409799175983
F8mDn,LP_8,7.0,0.0,0.0,9.0,8.0,0.0,8.0,0.0,8.0,0.0,8.0,0.0,0.5618974038864955,-0.17076968018525984,-0.08849827409627128,0.7408311861284672,0.5522982858474456,-0.210111107404324,0.8011852215324259,-0.5099805538894566,0.7916641612849786,-0.4178448217217973,0.6877034280136493,-0.3753409799175983
LR96S,HN_1,9.0,9.0,0.0,0.0,4.0,9.0,0.0,9.0,0.0,9.0,0.0,9.0,1.0,1.0,-0.04986565884130028,-0.8411393554825851,-0.25917253376739163,1.0,-0.7498740008451307,1.0,-0.9116975452908611,1.0,-1.0,1.0
LR96S,HN_4,4.0,4.0,0.0,0.0,9.0,9.0,0.0,9.0,0.0,9.0,0.0,9.0,0.24785888660071917,0.32263511502536485,-0.04986565884130028,-0.8411393554825851,0.6668617990233688,1.0,-0.7498740008451307,1.0,-0.9116975452908611,1.0,-1.0,1.0
LR96S,HN_5,5.0,6.0,0.0,0.0,9.0,9.0,0.0,9.0,0.0,9.0,0.0,9.0,0.3982871092805753,0.5935810690152189,-0.04986565884130028,-0.8411393554825851,0.6668617990233688,1.0,-0.7498740008451307,1.0,-0.9116975452908611,1.0,-1.0,1.0
LR96S,HN_6,7.0,9.0,0.0,0.0,9.0,9.0,0.0,8.0,0.0,9.0,0.0,9.0,0.6991435546402877,1.0,-0.04986565884130028,-0.8411393554825851,0.6668617990233688,1.0,-0.7498740008451307,0.8551217574612189,-0.9116975452908611,1.0,-1.0,1.0
LR96S,HN_7,4.0,9.0,0.0,0.0,6.0,4.0,0.0,9.0,0.0,9.0,0.0,9.0,0.24785888660071917,1.0,-0.04986565884130028,-0.8411393554825851,0.11124119934891254,0.28309343517028984,-0.7498740008451307,1.0,-0.9116975452908611,1.0,-1.0,1.0
LR96S,HN_8,5.0,4.0,0.0,0.0,6.0,6.0,0.0,0.0,0.0,8.0,0.0,9.0,0.3982871092805753,0.32263511502536485,-0.04986565884130028,-0.8411393554825851,0.11124119934891254,0.5698560611021739,-0.7498740008451307,-0.3039041828490305,-0.9116975452908611,0.8365558460660617,-1.0,1.0
LR96S,HP_2,0.0,0.0,0.0,9.0,0.0,0.0,7.0,0.0,9.0,0.0,9.0,0.0,-0.35385400411870543,-0.21925679295434333,-0.04986565884130028,1.0,-1.0,-0.29043181669347823,0.6111391109233043,-0.3039041828490305,1.0,-0.4709973854054444,0.9817542191644171,-0.5705857481688827
LR96S,HP_4,0.0,0.0,0.0,9.0,5.0,0.0,7.0,0.0,9.0,0.0,9.0,0.0,-0.35385400411870543,-0.21925679295434333,-0.04986565884130028,1.0,-0.07396566720923956,-0.29043181669347823,0.6111391109233043,-0.3039041828490305,1.0,-0.4709973854054444,0.9817542191644171,-0.5705857481688827
LR96S,HP_5,0.0,0.0,0.0,7.0,3.0,0.0,6.0,0.0,8.0,0.0,7.0,0.0,-0.35385400411870543,-0.21925679295434333,-0.04986565884130028,0.5908579210038699,-0.44437940032554374,-0.29043181669347823,0.41670866638495646,-0.3039041828490305,0.7875891616343488,-0.4709973854054444,0.5413643926834355,-0.5705857481688827
LR96S,HP_6,0.0,0.0,0.0,9.0,7.0,0.0,9.0,0.0,9.0,0.0,9.0,0.0,-0.35385400411870543,-0.21925679295434333,-0.04986565884130028,1.0,0.29644806590706463,-0.29043181669347823,1.0,-0.3039041828490305,1.0,-0.4709973854054444,0.9817542191644171,-0.5705857481688827
LR96S,HP_8,0.0,0.0,0.0,3.0,0.0,0.0,4.0,0.0,7.0,0.0,5.0,0.0,-0.35385400411870543,-0.21925679295434333,-0.04986565884130028,-0.2274262369883901,-1.0,-0.29043181669347823,0.027847777308260734,-0.3039041828490305,0.5751783232686976,-0.4709973854054444,0.1009745662024539,-0.5705857481688827
LR96S,LN_1,3.0,0.0,9.0,4.0,6.0,0.0,0.0,0.0,0.0,0.0,5.0,5.0,0.09743066392086303,-0.21925679295434333,1.0,-0.02285519749032509,0.11124119934891254,-0.29043181669347823,-0.7498740008451307,-0.3039041828490305,-0.9116975452908611,-0.4709973854054444,0.1009745662024539,0.30196188970271876
LR96S,LN_2,3.0,0.0,0.0,0.0,5.0,4.0,0.0,1.0,0.0,7.0,0.0,9.0,0.09743066392086303,-0.21925679295434333,-0.04986565884130028,-0.8411393554825851,-0.07396566720923956,0.28309343517028984,-0.7498740008451307,-0.1590259403102493,-0.9116975452908611,0.6731116921321234,-1.0,1.0
LR96S,LN_3,3.0,9.0,0.0,0.0,9.0,9.0,0.0,9.0,0.0,9.0,0.0,9.0,0.09743066392086303,1.0,-0.04986565884130028,-0.8411393554825851,0.6668617990233688,1.0,-0.7498740008451307,1.0,-0.9116975452908611,1.0,-1.0,1.0
LR96S,LN_4,2.0,0.0,0.0,1.0,9.0,0.0,0.0,4.0,0.0,0.0,9.0,9.0,-0.052997558758993125,-0.21925679295434333,-0.04986565884130028,-0.6365683159845201,0.6668617990233688,-0.29043181669347823,-0.7498740008451307,0.27560878730609417,-0.9116975452908611,-0.4709973854054444,0.9817542191644171,1.0
LR96S,LN_5,6.0,7.0,0.0,0.0,5.0,4.0,0.0,0.0,0.0,8.0,0.0,7.0,0.5487153319604314,0.7290540460101459,-0.04986565884130028,-0.8411393554825851,-0.07396566720923956,0.28309343517028984,-0.7498740008451307,-0.3039041828490305,-0.9116975452908611,0.8365558460660617,-1.0,0.6509809448513594
LR96S,LN_6,6.0,1.0,0.0,0.0,5.0,2.0,0.0,0.0,0.0,8.0,0.0,9.0,0.5487153319604314,-0.0837838159594163,-0.04986565884130028,-0.8411393554825851,-0.07396566720923956,-0.003669190761594197,-0.7498740008451307,-0.3039041828490305,-0.9116975452908611,0.8365558460660617,-1.0,1.0
LR96S,LN_8,3.0,2.0,0.0,0.0,7.0,3.0,0.0,6.0,0.0,8.0,0.0,9.0,0.09743066392086303,0.05168916103551074,-0.04986565884130028,-0.8411393554825851,0.29644806590706463,0.1397121222043478,-0.7498740008451307,0.5653652723836565,-0.9116975452908611,0.8365558460660617,-1.0,1.0
LR96S,LP_1,0.0,0.0,0.0,9.0,2.0,0.0,9.0,0.0,9.0,0.0,9.0,0.0,-0.35385400411870543,-0.21925679295434333,-0.04986565884130028,1.0,-0.6295862668836958,-0.29043181669347823,1.0,-0.3039041828490305,1.0,-0.4709973854054444,0.9817542191644171,-0.5705857481688827
LR96S,LP_2,0.0,0.0,0.0,9.0,0.0,0.0,7.0,0.0,9.0,0.0,9.0,0.0,-0.35385400411870543,-0.21925679295434333,-0.04986565884130028,1.0,-1.0,-0.29043181669347823,0.6111391109233043,-0.3039041828490305,1.0,-0.4709973854054444,0.9817542191644171,-0.5705857481688827
LR96S,LP_3,0.0,0.0,0.0,9.0,6.0,0.0,9.0,0.0,9.0,0.0,9.0,0.0,-0.35385400411870543,-0.21925679295434333,-0.04986565884130028,1.0,0.11124119934891254,-0.29043181669347823,1.0,-0.3039041828490305,1.0,-0.4709973854054444,0.9817542191644171,-0.5705857481688827
LR96S,LP_4,0.0,0.0,0.0,9.0,2.0,0.0,8.0,0.0,9.0,0.0,9.0,0.0,-0.35385400411870543,-0.21925679295434333,-0.04986565884130028,1.0,-0.6295862668836958,-0.29043181669347823,0.8055695554616521,-0.3039041828490305,1.0,-0.4709973854054444,0.9817542191644171,-0.5705857481688827
LR96S,LP_5,0.0,0.0,0.0,8.0,9.0,0.0,9.0,0.0,9.0,0.0,9.0,0.0,-0.35385400411870543,-0.21925679295434333,-0.04986565884130028,0.795428960501935,0.6668617990233688,-0.29043181669347823,1.0,-0.3039041828490305,1.0,-0.4709973854054444,0.9817542191644171,-0.5705857481688827
LR96S,LP_6,0.0,0.0,0.0,9.0,6.0,0.0,8.0,0.0,9.0,0.0,9.0,0.0,-0.35385400411870543,-0.21925679295434333,-0.04986565884130028,1.0,0.11124119934891254,-0.29043181669347823,0.8055695554616521,-0.3039041828490305,1.0,-0.4709973854054444,0.9817542191644171,-0.5705857481688827
LR96S,LP_7,0.0,0.0,0.0,8.0,9.0,0.0,9.0,0.0,9.0,0.0,9.0,0.0,-0.35385400411870543,-0.21925679295434333,-0.04986565884130028,0.795428960501935,0.6668617990233688,-0.29043181669347823,1.0,-0.3039041828490305,1.0,-0.4709973854054444,0.9817542191644171,-0.5705857481688827
LR96S,LP_8,0.0,0.0,0.0,9.0,5.0,0.0,7.0,0.0,8.0,0.0,9.0,0.0,-0.35385400411870543,-0.21925679295434333,-0.04986565884130028,1.0,-0.07396566720923956,-0.29043181669347823,0.6111391109233043,-0.3039041828490305,0.7875891616343488,-0.4709973854054444,0.9817542191644171,-0.5705857481688827
PPjCX,HN_1,0.0,2.0,0.0,4.0,4.0,7.0,1.0,1.0,2.0,3.0,3.0,1.0,-0.74846956025711,0.5853971948438815,-0.1481821009617879,-0.27046140933378576,-0.1994771952567725,1.0,-0.039376559177526596,0.04083164853862529,-0.5826992553872401,0.6442738359804675,-0.42971601189822367,-0.027984450633977344
PPjCX,HN_4,4.0,1.0,0.0,6.0,6.0,1.0,0.0,0.0,4.0,3.0,5.0,4.0,0.12576521987144496,0.1707943896877631,-0.1481821009617879,0.36788485749915173,0.309946407761645,0.025387749978583566,-0.2593905753537913,-0.15100202175364966,-0.11469842030750937,0.6442738359804675,0.03992962536206265,0.48743950790116447
PPjCX,HN_5,0.0,1.0,0.0,2.0,2.0,0.0,0.0,3.0,2.0,2.0,3.0,0.0,-0.74846956025711,0.1707943896877631,-0.1481821009617879,-0.9088076761667233,-0.70890079827519,-0.13704762502498585,-0.2593905753537913,0.42449898912317513,-0.5826992553872401,0.28854767196093517,-0.42971601189822367,-0.19979243681235795
PPjCX,HN_6,2.0,3.0,0.0,3.0,2.0,2.0,0.0,2.0,1.0,3.0,2.0,4.0,-0.3113521701928325,1.0,-0.1481821009617879,-0.5896345427502545,-0.70890079827519,0.18782312498215295,-0.2593905753537913,0.23266531883090025,-0.8166996729271054,0.6442738359804675,-0.6645388305283668,0.48743950790116447
PPjCX,HN_7,1.0,3.0,0.0,4.0,4.0,3.0,0.0,2.0,2.0,2.0,2.0,1.0,-0.5299108652249712,1.0,-0.1481821009617879,-0.27046140933378576,-0.1994771952567725,0.35025849998572234,-0.2593905753537913,0.23266531883090025,-0.5826992553872401,0.28854767196093517,-0.6645388305283668,-0.027984450633977344
PPjCX,HN_8,7.0,0.0,0.0,6.0,6.0,0.0,1.0,0.0,6.0,0.0,6.0,1.0,0.7814413049678611,-0.24380841546835536,-0.1481821009617879,0.36788485749915173,0.309946407761645,-0.13704762502498585,-0.039376559177526596,-0.15100202175364966,0.35330241477222135,-0.42290465607812955,0.27475244399220583,-0.027984450633977344
PPjCX,HP_2,4.0,0.0,0.0,6.0,6.0,0.0,1.0,0.0,5.0,1.0,6.0,0.0,0.12576521987144496,-0.24380841546835536,-0.1481821009617879,0.36788485749915173,0.309946407761645,-0.13704762502498585,-0.039376559177526596,-0.15100202175364966,0.119301997232356,-0.06717849205859719,0.27475244399220583,-0.19979243681235795
PPjCX,HP_4,7.0,0.0,0.0,7.0,7.0,0.0,1.0,0.0,7.0,0.0,7.0,0.0,0.7814413049678611,-0.24380841546835536,-0.1481821009617879,0.6870579909156205,0.5646582092708538,-0.13704762502498585,-0.039376559177526596,-0.15100202175364966,0.5873028323120867,-0.42290465607812955,0.509575262622349,-0.19979243681235795
PPjCX,HP_5,3.0,0.0,1.0,5.0,5.0,0.0,0.0,0.0,4.0,1.0,5.0,0.0,-0.09279347516069378,-0.24380841546835536,0.13886342427865908,0.04871172408268299,0.05523460625243626,-0.13704762502498585,-0.2593905753537913,-0.15100202175364966,-0.11469842030750937,-0.06717849205859719,0.03992962536206265,-0.19979243681235795
PPjCX,HP_6,7.0,0.0,0.0,6.0,6.0,0.0,2.0,0.0,6.0,0.0,6.0,0.0,0.7814413049678611,-0.24380841546835536,-0.1481821009617879,0.36788485749915173,0.309946407761645,-0.13704762502498585,0.18063745699873812,-0.15100202175364966,0.35330241477222135,-0.42290465607812955,0.27475244399220583,-0.19979243681235795
PPjCX,HP_8,6.0,0.0,1.0,7.0,7.0,0.0,2.0,0.0,7.0,1.0,7.0,0.0,0.5628826099357225,-0.24380841546835536,0.13886342427865908,0.6870579909156205,0.5646582092708538,-0.13704762502498585,0.18063745699873812,-0.15100202175364966,0.5873028323120867,-0.06717849205859719,0.509575262622349,-0.19979243681235795
PPjCX,LN_1,1.0,1.0,4.0,5.0,4.0,0.0,0.0,0.0,4.0,2.0,4.0,0.0,-0.5299108652249712,0.1707943896877631,1.0,0.04871172408268299,-0.1994771952567725,-0.13704762502498585,-0.2593905753537913,-0.15100202175364966,-0.11469842030750937,0.28854767196093517,-0.19489319326808052,-0.19979243681235795
PPjCX,LN_2,0.0,0.0,0.0,3.0,3.0,0.0,0.0,2.0,2.0,2.0,3.0,4.0,-0.74846956025711,-0.24380841546835536,-0.1481821009617879,-0.5896345427502545,-0.45418899676598123,-0.13704762502498585,-0.2593905753537913,0.23266531883090025,-0.5826992553872401,0.28854767196093517,-0.42971601189822367,0.48743950790116447
PPjCX,LN_3,1.0,3.0,1.0,7.0,7.0,4.0,1.0,1.0,5.0,2.0,6.0,4.0,-0.5299108652249712,1.0,0.13886342427865908,0.6870579909156205,0.5646582092708538,0.5126938749892918,-0.039376559177526596,0.04083164853862529,0.119301997232356,0.28854767196093517,0.27475244399220583,0.48743950790116447
PPjCX,LN_4,0.0,2.0,0.0,3.0,2.0,4.0,0.0,0.0,1.0,4.0,2.0,5.0,-0.74846956025711,0.5853971948438815,-0.1481821009617879,-0.5896345427502545,-0.70890079827519,0.5126938749892918,-0.2593905753537913,-0.15100202175364966,-0.8166996729271054,1.0,-0.6645388305283668,0.6592474940795451
PPjCX,LN_5,2.0,0.0,0.0,5.0,5.0,0.0,0.0,0.0,4.0,1.0,5.0,0.0,-0.3113521701928325,-0.24380841546835536,-0.1481821009617879,0.04871172408268299,0.05523460625243626,-0.13704762502498585,-0.2593905753537913,-0.15100202175364966,-0.11469842030750937,-0.06717849205859719,0.03992962536206265,-0.19979243681235795
PPjCX,LN_6,5.0,1.0,1.0,7.0,7.0,1.0,2.0,1.0,6.0,1.0,7.0,1.0,0.3443239149035837,0.1707943896877631,0.13886342427865908,0.6870579909156205,0.5646582092708538,0.025387749978583566,0.18063745699873812,0.04083164853862529,0.35330241477222135,-0.06717849205859719,0.509575262622349,-0.027984450633977344
PPjCX,LN_8,0.0,1.0,0.0,3.0,3.0,2.0,0.0,0.0,3.0,1.0,3.0,2.0,-0.74846956025711,0.1707943896877631,-0.1481821009617879,-0.5896345427502545,-0.45418899676598123,0.18782312498215295,-0.2593905753537913,-0.15100202175364966,-0.34869883784737477,-0.06717849205859719,-0.42971601189822367,0.14382353554440325
PPjCX,LP_1,7.0,0.0,0.0,6.0,6.0,0.0,1.0,0.0,7.0,0.0,7.0,0.0,0.7814413049678611,-0.24380841546835536,-0.1481821009617879,0.36788485749915173,0.309946407761645,-0.13704762502498585,-0.039376559177526596,-0.15100202175364966,0.5873028323120867,-0.42290465607812955,0.509575262622349,-0.19979243681235795
PPjCX,LP_2,6.0,0.0,0.0,6.0,6.0,0.0,2.0,0.0,7.0,0.0,7.0,0.0,0.5628826099357225,-0.24380841546835536,-0.1481821009617879,0.36788485749915173,0.309946407761645,-0.13704762502498585,0.18063745699873812,-0.15100202175364966,0.5873028323120867,-0.42290465607812955,0.509575262622349,-0.19979243681235795
PPjCX,LP_3,4.0,1.0,1.0,7.0,7.0,1.0,1.0,1.0,7.0,1.0,7.0,1.0,0.12576521987144496,0.1707943896877631,0.13886342427865908,0.6870579909156205,0.5646582092708538,0.025387749978583566,-0.039376559177526596,0.04083164853862529,0.5873028323120867,-0.06717849205859719,0.509575262622349,-0.027984450633977344
PPjCX,LP_4,7.0,0.0,1.0,7.0,7.0,0.0,2.0,0.0,8.0,0.0,8.0,0.0,0.7814413049678611,-0.24380841546835536,0.13886342427865908,0.6870579909156205,0.5646582092708538,-0.13704762502498585,0.18063745699873812,-0.15100202175364966,0.8213032498519521,-0.42290465607812955,0.7443980812524922,-0.19979243681235795
PPjCX,LP_5,3.0,0.0,0.0,6.0,6.0,0.0,0.0,0.0,4.0,0.0,5.0,1.0,-0.09279347516069378,-0.24380841546835536,-0.1481821009617879,0.36788485749915173,0.309946407761645,-0.13704762502498585,-0.2593905753537913,-0.15100202175364966,-0.11469842030750937,-0.42290465607812955,0.03992962536206265,-0.027984450633977344
PPjCX,LP_6,1.0,0.0,0.0,4.0,3.0,0.0,0.0,1.0,3.0,1.0,4.0,0.0,-0.5299108652249712,-0.24380841546835536,-0.1481821009617879,-0.27046140933378576,-0.45418899676598123,-0.13704762502498585,-0.2593905753537913,0.04083164853862529,-0.34869883784737477,-0.06717849205859719,-0.19489319326808052,-0.19979243681235795
PPjCX,LP_7,2.0,0.0,0.0,5.0,5.0,0.0,1.0,0.0,5.0,1.0,6.0,4.0,-0.3113521701928325,-0.24380841546835536,-0.1481821009617879,0.04871172408268299,0.05523460625243626,-0.13704762502498585,-0.039376559177526596,-0.15100202175364966,0.119301997232356,-0.06717849205859719,0.27475244399220583,0.48743950790116447
PPjCX,LP_8,7.0,0.0,0.0,7.0,7.0,0.0,1.0,0.0,7.0,0.0,6.0,0.0,0.7814413049678611,-0.24380841546835536,-0.1481821009617879,0.6870579909156205,0.5646582092708538,-0.13704762502498585,-0.039376559177526596,-0.15100202175364966,0.5873028323120867,-0.42290465607812955,0.27475244399220583,-0.19979243681235795
VckNZ,HN_1,0.0,0.0,0.0,0.0,0.0,7.0,0.0,9.0,0.0,9.0,0.0,0.0,-0.49157490933039116,-0.08591966284967689,-0.3489783530629978,-0.27708597230618337,-0.12513736864351196,1.0,-0.4382259555215713,1.0,-0.5519170368410987,1.0,-0.4667350592632246,-0.07787279414701898
VckNZ,HN_4,0.0,3.0,0.0,0.0,0.0,1.0,0.0,2.0,0.0,2.0,0.0,0.0,-0.49157490933039116,0.45704016857516155,-0.3489783530629978,-0.27708597230618337,-0.12513736864351196,0.05930394321522791,-0.4382259555215713,0.06839016853714558,-0.5519170368410987,0.125094215577393,-0.4667350592632246,-0.07787279414701898
VckNZ,HN_5,0.0,2.0,0.0,0.0,0.0,3.0,0.0,8.0,0.0,0.0,0.0,0.0,-0.49157490933039116,0.2760535581002154,-0.3489783530629978,-0.27708597230618337,-0.12513736864351196,0.37286929547681863,-0.4382259555215713,0.8669128812195922,-0.5519170368410987,-0.12487886568620901,-0.4667350592632246,-0.07787279414701898
VckNZ,HN_6,0.0,6.0,0.0,0.0,0.0,2.0,0.0,4.0,0.0,4.0,0.0,0.0,-0.49157490933039116,1.0,-0.3489783530629978,-0.27708597230618337,-0.12513736864351196,0.21608661934602327,-0.4382259555215713,0.3345644060979611,-0.5519170368410987,0.375067296840995,-0.4667350592632246,-0.07787279414701898
VckNZ,HN_7,0.0,1.0,0.0,0.0,0.0,0.0,0.0,7.0,0.0,2.0,0.0,0.0,-0.49157490933039116,0.09506694762526927,-0.3489783530629978,-0.27708597230618337,-0.12513736864351196,-0.09747873291556744,-0.4382259555215713,0.7338257624391844,-0.5519170368410987,0.125094215577393,-0.4667350592632246,-0.07787279414701898
VckNZ,HN_8,0.0,0.0,8.0,0.0,0.0,3.0,0.0,0.0,0.0,9.0,0.0,0.0,-0.49157490933039116,-0.08591966284967689,0.8501135163263336,-0.27708597230618337,-0.12513736864351196,0.37286929547681863,-0.4382259555215713,-0.19778406902366996,-0.5519170368410987,1.0,-0.4667350592632246,-0.07787279414701898
VckNZ,HP_2,9.0,0.0,0.0,5.0,0.0,0.0,9.0,0.0,9.0,0.0,9.0,0.0,1.0,-0.08591966284967689,-0.3489783530629978,0.43240623453058513,-0.12513736864351196,-0.09747873291556744,1.0,-0.19778406902366996,1.0,-0.12487886568620901,1.0,-0.07787279414701898
VckNZ,HP_4,7.0,0.0,2.0,0.0,0.0,0.0,7.0,0.0,7.0,0.0,6.0,0.0,0.6685389090376909,-0.08591966284967689,-0.04920538571566495,-0.27708597230618337,-0.12513736864351196,-0.09747873291556744,0.6803942321063176,-0.19778406902366996,0.6551295473686448,-0.12487886568620901,0.5110883135789251,-0.07787279414701898
VckNZ,HP_5,7.0,0.0,0.0,0.0,0.0,0.0,6.0,0.0,8.0,0.0,5.0,0.0,0.6685389090376909,-0.08591966284967689,-0.3489783530629978,-0.27708597230618337,-0.12513736864351196,-0.09747873291556744,0.5205913481594762,-0.19778406902366996,0.8275647736843224,-0.12487886568620901,0.3481177514385668,-0.07787279414701898
VckNZ,HP_6,0.0,0.0,9.0,0.0,0.0,0.0,0.0,0.0,0.0,0.0,0.0,0.0,-0.49157490933039116,-0.08591966284967689,1.0,-0.27708597230618337,-0.12513736864351196,-0.09747873291556744,-0.4382259555215713,-0.19778406902366996,-0.5519170368410987,-0.12487886568620901,-0.4667350592632246,-0.07787279414701898
VckNZ,HP_8,0.0,0.0,9.0,0.0,0.0,1.0,0.0,0.0,0.0,0.0,0.0,0.0,-0.49157490933039116,-0.08591966284967689,1.0,-0.27708597230618337,-0.12513736864351196,0.05930394321522791,-0.4382259555215713,-0.19778406902366996,-0.5519170368410987,-0.12487886568620901,-0.4667350592632246,-0.07787279414701898
VckNZ,LN_1,0.0,0.0,9.0,0.0,0.0,0.0,0.0,0.0,0.0,0.0,0.0,0.0,-0.49157490933039116,-0.08591966284967689,1.0,-0.27708597230618337,-0.12513736864351196,-0.09747873291556744,-0.4382259555215713,-0.19778406902366996,-0.5519170368410987,-0.12487886568620901,-0.4667350592632246,-0.07787279414701898
VckNZ,LN_2,0.0,0.0,3.0,0.0,0.0,0.0,0.0,4.0,0.0,0.0,0.0,4.0,-0.49157490933039116,-0.08591966284967689,0.10068109795800148,-0.27708597230618337,-0.12513736864351196,-0.09747873291556744,-0.4382259555215713,0.3345644060979611,-0.5519170368410987,-0.12487886568620901,-0.4667350592632246,0.4011817810294339
VckNZ,LN_3,0.0,4.0,0.0,0.0,0.0,0.0,0.0,0.0,0.0,0.0,0.0,0.0,-0.49157490933039116,0.6380267790501077,-0.3489783530629978,-0.27708597230618337,-0.12513736864351196,-0.09747873291556744,-0.4382259555215713,-0.19778406902366996,-0.5519170368410987,-0.12487886568620901,-0.4667350592632246,-0.07787279414701898
VckNZ,LN_4,0.0,0.0,0.0,0.0,0.0,0.0,0.0,0.0,0.0,0.0,0.0,7.0,-0.49157490933039116,-0.08591966284967689,-0.3489783530629978,-0.27708597230618337,-0.12513736864351196,-0.09747873291556744,-0.4382259555215713,-0.19778406902366996,-0.5519170368410987,-0.12487886568620901,-0.4667350592632246,0.7604727124117736
VckNZ,LN_5,0.0,1.0,1.0,0.0,0.0,1.0,0.0,0.0,0.0,1.0,0.0,1.0,-0.49157490933039116,0.09506694762526927,-0.19909186938933138,-0.27708597230618337,-0.12513736864351196,0.05930394321522791,-0.4382259555215713,-0.19778406902366996,-0.5519170368410987,0.00010767494559199675,-0.4667350592632246,0.041890849647094254
VckNZ,LN_6,0.0,0.0,9.0,0.0,0.0,0.0,0.0,0.0,0.0,2.0,0.0,0.0,-0.49157490933039116,-0.08591966284967689,1.0,-0.27708597230618337,-0.12513736864351196,-0.09747873291556744,-0.4382259555215713,-0.19778406902366996,-0.5519170368410987,0.125094215577393,-0.4667350592632246,-0.07787279414701898
VckNZ,LN_8,0.0,0.0,9.0,0.0,0.0,0.0,0.0,0.0,0.0,2.0,0.0,0.0,-0.49157490933039116,-0.08591966284967689,1.0,-0.27708597230618337,-0.12513736864351196,-0.09747873291556744,-0.4382259555215713,-0.19778406902366996,-0.5519170368410987,0.125094215577393,-0.4667350592632246,-0.07787279414701898
VckNZ,LP_1,7.0,0.0,1.0,7.0,0.0,0.0,8.0,0.0,7.0,0.0,8.0,0.0,0.6685389090376909,-0.08591966284967689,-0.19909186938933138,0.7162031172652926,-0.12513736864351196,-0.09747873291556744,0.8401971160531587,-0.19778406902366996,0.6551295473686448,-0.12487886568620901,0.8370294378596417,-0.07787279414701898
VckNZ,LP_2,9.0,0.0,0.0,9.0,0.0,0.0,9.0,0.0,9.0,0.0,8.0,0.0,1.0,-0.08591966284967689,-0.3489783530629978,1.0,-0.12513736864351196,-0.09747873291556744,1.0,-0.19778406902366996,1.0,-0.12487886568620901,0.8370294378596417,-0.07787279414701898
VckNZ,LP_3,8.0,0.0,0.0,5.0,0.0,0.0,8.0,0.0,9.0,0.0,8.0,0.0,0.8342694545188455,-0.08591966284967689,-0.3489783530629978,0.43240623453058513,-0.12513736864351196,-0.09747873291556744,0.8401971160531587,-0.19778406902366996,1.0,-0.12487886568620901,0.8370294378596417,-0.07787279414701898
VckNZ,LP_4,8.0,0.0,0.0,9.0,1.0,0.0,1.0,0.0,8.0,0.0,9.0,0.0,0.8342694545188455,-0.08591966284967689,-0.3489783530629978,1.0,0.07504044540962822,-0.09747873291556744,-0.27842307157473,-0.19778406902366996,0.8275647736843224,-0.12487886568620901,1.0,-0.07787279414701898
VckNZ,LP_5,9.0,0.0,0.0,3.0,0.0,0.0,9.0,0.0,9.0,0.0,9.0,0.0,1.0,-0.08591966284967689,-0.3489783530629978,0.14860935179587773,-0.12513736864351196,-0.09747873291556744,1.0,-0.19778406902366996,1.0,-0.12487886568620901,1.0,-0.07787279414701898
VckNZ,LP_6,5.0,0.0,0.0,9.0,0.0,0.0,6.0,0.0,8.0,0.0,8.0,0.0,0.3370778180753817,-0.08591966284967689,-0.3489783530629978,1.0,-0.12513736864351196,-0.09747873291556744,0.5205913481594762,-0.19778406902366996,0.8275647736843224,-0.12487886568620901,0.8370294378596417,-0.07787279414701898
VckNZ,LP_7,8.0,0.0,0.0,4.0,0.0,0.0,8.0,0.0,9.0,0.0,9.0,0.0,0.8342694545188455,-0.08591966284967689,-0.3489783530629978,0.29050779316323144,-0.12513736864351196,-0.09747873291556744,0.8401971160531587,-0.19778406902366996,1.0,-0.12487886568620901,1.0,-0.07787279414701898
VckNZ,LP_8,0.0,0.0,7.0,0.0,0.0,0.0,3.0,0.0,3.0,0.0,4.0,0.0,-0.49157490933039116,-0.08591966284967689,0.7002270326526672,-0.27708597230618337,-0.12513736864351196,-0.09747873291556744,0.041182696318952466,-0.19778406902366996,-0.03461135789406582,-0.12487886568620901,0.18514718929820853,-0.07787279414701898
hMHEK1,HN_1,1.0,8.0,0.0,0.0,8.0,5.0,0.0,2.0,0.0,9.0,0.0,6.0,-0.4871070516059345,0.8608409322149626,-0.1510117640040368,-0.6852426363100795,0.37968485731815077,0.4561470379405568,-0.7830031877257541,0.08314186310730153,-0.8098793828957325,1.0,-1.0,0.47797624081934176
hMHEK1,HN_4,2.0,8.0,0.0,0.0,4.0,5.0,0.0,5.0,0.0,7.0,1.0,8.0,-0.30121867015519266,0.8608409322149626,-0.1510117640040368,-0.6852426363100795,-0.31015757134092464,0.4561470379405568,-0.7830031877257541,0.5415709315536508,-0.8098793828957325,0.6779858607148567,-0.8044308900429661,0.8259920802731139
hMHEK1,HN_5,0.0,8.0,0.0,0.0,8.0,7.0,0.0,5.0,0.0,9.0,1.0,8.0,-0.6729954330566763,0.8608409322149626,-0.1510117640040368,-0.6852426363100795,0.37968485731815077,0.7280735189702784,-0.7830031877257541,0.5415709315536508,-0.8098793828957325,1.0,-0.8044308900429661,0.8259920802731139
hMHEK1,HN_6,0.0,9.0,0.0,8.0,9.0,5.0,0.0,8.0,0.0,8.0,0.0,8.0,-0.6729954330566763,1.0,-0.1510117640040368,0.812750818187769,0.5521454644829196,0.4561470379405568,-0.7830031877257541,1.0,-0.8098793828957325,0.8389929303574284,-1.0,0.8259920802731139
hMHEK1,HN_7,1.0,7.0,2.0,2.0,6.0,0.0,2.0,4.0,1.0,7.0,1.0,5.0,-0.4871070516059345,0.7216818644299252,0.1367411769969724,-0.31074427268561744,0.034763642988613064,-0.22366916463374725,-0.3867802571200309,0.38876124207153434,-0.6087816736850955,0.6779858607148567,-0.8044308900429661,0.3039683210924557
hMHEK1,HN_8,4.0,4.0,0.0,4.0,5.0,4.0,3.0,2.0,3.0,8.0,7.0,9.0,0.07055809274629098,0.30420466107481303,-0.1510117640040368,0.06375409093884468,-0.1376969641761558,0.32018379742569597,-0.18866879181716933,0.08314186310730153,-0.20658625526382163,0.8389929303574284,0.3689837696992377,1.0
hMHEK1,HP_2,4.0,0.0,3.0,9.0,1.0,2.0,5.0,0.0,5.0,0.0,6.0,0.0,0.07055809274629098,-0.2524316100653366,0.280617647497477,1.0,-0.8275393928352311,0.04825731639597436,0.20755413878855378,-0.22247751585693132,0.19560916315745225,-0.4490636267831447,0.17341465974220371,-0.5660712775419747
hMHEK1,HP_4,3.0,0.0,1.0,1.0,3.0,1.0,6.0,0.0,5.0,0.0,7.0,0.0,-0.11533028870445085,-0.2524316100653366,-0.0071352935035321925,-0.4979934544978485,-0.48261817850569344,-0.08770592411888643,0.40566560409141533,-0.22247751585693132,0.19560916315745225,-0.4490636267831447,0.3689837696992377,-0.5660712775419747
hMHEK1,HP_5,5.0,0.0,1.0,6.0,8.0,0.0,8.0,0.0,0.0,0.0,8.0,2.0,0.2564464741970328,-0.2524316100653366,-0.0071352935035321925,0.43825245456330675,0.37968485731815077,-0.22366916463374725,0.8018885346971384,-0.22247751585693132,-0.8098793828957325,-0.4490636267831447,0.5645528796562717,-0.21805543808820255
hMHEK1,HP_6,7.0,0.0,1.0,8.0,9.0,0.0,9.0,0.0,9.0,1.0,9.0,0.0,0.6282232370985165,-0.2524316100653366,-0.0071352935035321925,0.812750818187769,0.5521454644829196,-0.22366916463374725,1.0,-0.22247751585693132,1.0,-0.28805655714057304,0.7601219896133056,-0.5660712775419747
hMHEK1,HP_8,7.0,0.0,2.0,4.0,7.0,0.0,8.0,0.0,9.0,1.0,9.0,0.0,0.6282232370985165,-0.2524316100653366,0.1367411769969724,0.06375409093884468,0.20722425015338192,-0.22366916463374725,0.8018885346971384,-0.22247751585693132,1.0,-0.28805655714057304,0.7601219896133056,-0.5660712775419747
hMHEK1,LN_1,2.0,0.0,2.0,2.0,4.0,2.0,2.0,0.0,3.0,2.0,7.0,1.0,-0.30121867015519266,-0.2524316100653366,0.1367411769969724,-0.31074427268561744,-0.31015757134092464,0.04825731639597436,-0.3867802571200309,-0.22247751585693132,-0.20658625526382163,-0.1270494874980014,0.3689837696992377,-0.3920633578150886
hMHEK1,LN_2,1.0,0.0,0.0,4.0,3.0,1.0,1.0,1.0,0.0,5.0,3.0,7.0,-0.4871070516059345,-0.2524316100653366,-0.1510117640040368,0.06375409093884468,-0.48261817850569344,-0.08770592411888643,-0.5848917224228924,-0.06966782637481489,-0.8098793828957325,0.3559717214297135,-0.41329267012889814,0.6519841605462279
hMHEK1,LN_3,0.0,9.0,0.0,0.0,6.0,9.0,0.0,4.0,0.0,8.0,0.0,9.0,-0.6729954330566763,1.0,-0.1510117640040368,-0.6852426363100795,0.034763642988613064,1.0,-0.7830031877257541,0.38876124207153434,-0.8098793828957325,0.8389929303574284,-1.0,1.0
hMHEK1,LN_4,2.0,0.0,0.0,5.0,9.0,0.0,1.0,2.0,5.0,0.0,7.0,7.0,-0.30121867015519266,-0.2524316100653366,-0.1510117640040368,0.2510032727510757,0.5521454644829196,-0.22366916463374725,-0.5848917224228924,0.08314186310730153,0.19560916315745225,-0.4490636267831447,0.3689837696992377,0.6519841605462279
hMHEK1,LN_5,0.0,5.0,0.0,0.0,7.0,6.0,0.0,1.0,1.0,8.0,2.0,9.0,-0.6729954330566763,0.4433637288598504,-0.1510117640040368,-0.6852426363100795,0.20722425015338192,0.5921102784554176,-0.7830031877257541,-0.06966782637481489,-0.6087816736850955,0.8389929303574284,-0.6088617800859321,1.0
hMHEK1,LN_6,1.0,4.0,0.0,3.0,6.0,3.0,1.0,0.0,2.0,7.0,6.0,8.0,-0.4871070516059345,0.30420466107481303,-0.1510117640040368,-0.12349509087338638,0.034763642988613064,0.18422055691083516,-0.5848917224228924,-0.22247751585693132,-0.4076839644744586,0.6779858607148567,0.17341465974220371,0.8259920802731139
hMHEK1,LN_8,1.0,2.0,1.0,3.0,6.0,1.0,2.0,2.0,2.0,1.0,2.0,8.0,-0.4871070516059345,0.025886525504738207,-0.0071352935035321925,-0.12349509087338638,0.034763642988613064,-0.08770592411888643,-0.3867802571200309,0.08314186310730153,-0.4076839644744586,-0.28805655714057304,-0.6088617800859321,0.8259920802731139
hMHEK1,LP_1,9.0,0.0,0.0,8.0,9.0,0.0,9.0,0.0,9.0,0.0,9.0,1.0,1.0,-0.2524316100653366,-0.1510117640040368,0.812750818187769,0.5521454644829196,-0.22366916463374725,1.0,-0.22247751585693132,1.0,-0.4490636267831447,0.7601219896133056,-0.3920633578150886
hMHEK1,LP_2,6.0,0.0,0.0,3.0,8.0,0.0,7.0,1.0,8.0,6.0,8.0,7.0,0.44233485564777464,-0.2524316100653366,-0.1510117640040368,-0.12349509087338638,0.37968485731815077,-0.22366916463374725,0.6037770693942769,-0.06966782637481489,0.798902290789363,0.5169787910722852,0.5645528796562717,0.6519841605462279
hMHEK1,LP_3,5.0,0.0,1.0,7.0,6.0,0.0,6.0,0.0,7.0,0.0,9.0,2.0,0.2564464741970328,-0.2524316100653366,-0.0071352935035321925,0.6255016363755378,0.034763642988613064,-0.22366916463374725,0.40566560409141533,-0.22247751585693132,0.5978045815787261,-0.4490636267831447,0.7601219896133056,-0.21805543808820255
hMHEK1,LP_4,7.0,0.0,2.0,4.0,4.0,0.0,4.0,0.0,5.0,1.0,6.0,1.0,0.6282232370985165,-0.2524316100653366,0.1367411769969724,0.06375409093884468,-0.31015757134092464,-0.22366916463374725,0.00944267348569221,-0.22247751585693132,0.19560916315745225,-0.28805655714057304,0.17341465974220371,-0.3920633578150886
hMHEK1,LP_5,9.0,0.0,0.0,2.0,9.0,0.0,9.0,0.0,9.0,1.0,9.0,1.0,1.0,-0.2524316100653366,-0.1510117640040368,-0.31074427268561744,0.5521454644829196,-0.22366916463374725,1.0,-0.22247751585693132,1.0,-0.28805655714057304,0.7601219896133056,-0.3920633578150886
hMHEK1,LP_6,0.0,0.0,8.0,1.0,0.0,4.0,0.0,0.0,1.0,3.0,0.0,0.0,-0.6729954330566763,-0.2524316100653366,1.0,-0.4979934544978485,-1.0,0.32018379742569597,-0.7830031877257541,-0.22247751585693132,-0.6087816736850955,0.033957582144570224,-1.0,-0.5660712775419747
hMHEK1,LP_7,9.0,0.0,0.0,8.0,9.0,0.0,8.0,0.0,9.0,0.0,9.0,2.0,1.0,-0.2524316100653366,-0.1510117640040368,0.812750818187769,0.5521454644829196,-0.22366916463374725,0.8018885346971384,-0.22247751585693132,1.0,-0.4490636267831447,0.7601219896133056,-0.21805543808820255
hMHEK1,LP_8,5.0,0.0,0.0,8.0,6.0,0.0,8.0,0.0,8.0,0.0,8.0,0.0,0.2564464741970328,-0.2524316100653366,-0.1510117640040368,0.812750818187769,0.034763642988613064,-0.22366916463374725,0.8018885346971384,-0.22247751585693132,0.798902290789363,-0.4490636267831447,0.5645528796562717,-0.5660712775419747
wohkw,HN_1,0.0,2.0,0.0,5.0,7.0,6.0,0.0,1.0,0.0,1.0,6.0,1.0,-0.7585776542047183,0.20032414983123698,-0.1459841590309054,-0.08685607291755841,0.2599561336048507,1.0,-0.786840793144925,0.0811521675024903,-1.0,0.022817448166172347,0.09024954773979962,-0.0531216477623246
wohkw,HN_4,4.0,0.0,0.0,5.0,5.0,0.0,0.0,0.0,1.0,8.0,1.0,1.0,0.023012414330712046,-0.06623446689168404,-0.1459841590309054,-0.08685607291755841,-0.15026214245254252,-0.07740962852699611,-0.786840793144925,-0.050111808568582536,-0.7836017919493695,1.0,-0.8182917420433667,-0.0531216477623246
wohkw,HN_5,0.0,1.0,0.0,2.0,1.0,0.0,2.0,0.0,1.0,1.0,4.0,2.0,-0.7585776542047183,0.06704484146977646,-0.1459841590309054,-0.7717140182293896,-0.9706986945673289,-0.07740962852699611,-0.3401305948586938,-0.050111808568582536,-0.7836017919493695,0.022817448166172347,-0.2731669681734669,0.07851855820796597
wohkw,HN_6,0.0,1.0,0.0,1.0,1.0,1.0,0.0,0.0,0.0,2.0,5.0,2.0,-0.7585776542047183,0.06704484146977646,-0.1459841590309054,-1.0,-0.9706986945673289,0.10215864289416993,-0.786840793144925,-0.050111808568582536,-1.0,0.16241495557100485,-0.09145871021683365,0.07851855820796597
wohkw,HN_7,0.0,0.0,0.0,5.0,8.0,0.0,0.0,0.0,5.0,0.0,5.0,1.0,-0.7585776542047183,-0.06623446689168404,-0.1459841590309054,-0.08685607291755841,0.46506527163354733,-0.07740962852699611,-0.786840793144925,-0.050111808568582536,0.08199104025315218,-0.11678005923866017,-0.09145871021683365,-0.0531216477623246
wohkw,HN_8,0.0,0.0,0.0,4.0,4.0,0.0,0.0,0.0,3.0,0.0,3.0,0.0,-0.7585776542047183,-0.06623446689168404,-0.1459841590309054,-0.3151420546881688,-0.3553712804812391,-0.07740962852699611,-0.786840793144925,-0.050111808568582536,-0.35080537584810867,-0.11678005923866017,-0.4548752261301002,-0.18476185373261517
wohkw,HP_2,9.0,0.0,0.0,9.0,9.0,0.0,8.0,0.0,9.0,0.0,9.0,0.0,1.0,-0.06623446689168404,-0.1459841590309054,0.8262878541648832,0.670174409662244,-0.07740962852699611,1.0,-0.050111808568582536,0.9475838724556739,-0.11678005923866017,0.6353743216096994,-0.18476185373261517
wohkw,HP_4,8.0,0.0,0.0,8.0,9.0,0.0,5.0,0.0,8.0,0.0,9.0,0.0,0.8046024828661424,-0.06623446689168404,-0.1459841590309054,0.5980018723942728,0.670174409662244,-0.07740962852699611,0.32993470257065316,-0.050111808568582536,0.7311856644050435,-0.11678005923866017,0.6353743216096994,-0.18476185373261517
wohkw,HP_5,5.0,0.0,1.0,7.0,9.0,0.0,6.0,0.0,7.0,0.0,8.0,0.0,0.21840993146456966,-0.06623446689168404,0.2996763472588911,0.3697158906236624,0.670174409662244,-0.07740962852699611,0.5532898017137688,-0.050111808568582536,0.514787456354413,-0.11678005923866017,0.45366606365306616,-0.18476185373261517
wohkw,HP_6,9.0,0.0,0.0,9.0,9.0,0.0,8.0,0.0,9.0,0.0,9.0,0.0,1.0,-0.06623446689168404,-0.1459841590309054,0.8262878541648832,0.670174409662244,-0.07740962852699611,1.0,-0.050111808568582536,0.9475838724556739,-0.11678005923866017,0.6353743216096994,-0.18476185373261517
wohkw,HP_8,9.0,0.0,0.0,9.0,9.0,0.0,8.0,0.0,9.0,0.0,9.0,0.0,1.0,-0.06623446689168404,-0.1459841590309054,0.8262878541648832,0.670174409662244,-0.07740962852699611,1.0,-0.050111808568582536,0.9475838724556739,-0.11678005923866017,0.6353743216096994,-0.18476185373261517
wohkw,LN_1,0.0,0.0,0.0,5.0,5.0,0.0,0.0,0.0,5.0,5.0,6.0,0.0,-0.7585776542047183,-0.06623446689168404,-0.1459841590309054,-0.08685607291755841,-0.15026214245254252,-0.07740962852699611,-0.786840793144925,-0.050111808568582536,0.08199104025315218,0.5812074777855024,0.09024954773979962,-0.18476185373261517
wohkw,LN_2,0.0,0.0,0.0,5.0,3.0,0.0,0.0,0.0,0.0,2.0,0.0,7.0,-0.7585776542047183,-0.06623446689168404,-0.1459841590309054,-0.08685607291755841,-0.5604804185099358,-0.07740962852699611,-0.786840793144925,-0.050111808568582536,-1.0,0.16241495557100485,-1.0,0.7367195880594188
wohkw,LN_3,0.0,8.0,0.0,4.0,4.0,5.0,0.0,0.0,0.0,1.0,1.0,9.0,-0.7585776542047183,1.0,-0.1459841590309054,-0.3151420546881688,-0.3553712804812391,0.820431728578834,-0.786840793144925,-0.050111808568582536,-1.0,0.022817448166172347,-0.8182917420433667,1.0
wohkw,LN_4,0.0,5.0,0.0,3.0,5.0,0.0,0.0,0.0,0.0,1.0,0.0,7.0,-0.7585776542047183,0.6001620749156185,-0.1459841590309054,-0.5434280364587792,-0.15026214245254252,-0.07740962852699611,-0.786840793144925,-0.050111808568582536,-1.0,0.022817448166172347,-1.0,0.7367195880594188
wohkw,LN_5,3.0,0.0,0.0,6.0,5.0,0.0,5.0,0.0,5.0,0.0,7.0,2.0,-0.17238510280314556,-0.06623446689168404,-0.1459841590309054,0.14142990885305198,-0.15026214245254252,-0.07740962852699611,0.32993470257065316,-0.050111808568582536,0.08199104025315218,-0.11678005923866017,0.2719578056964329,0.07851855820796597
wohkw,LN_6,0.0,0.0,0.0,5.0,7.0,0.0,0.0,0.0,0.0,0.0,6.0,1.0,-0.7585776542047183,-0.06623446689168404,-0.1459841590309054,-0.08685607291755841,0.2599561336048507,-0.07740962852699611,-0.786840793144925,-0.050111808568582536,-1.0,-0.11678005923866017,0.09024954773979962,-0.0531216477623246
wohkw,LN_8,0.0,0.0,0.0,4.0,3.0,0.0,1.0,0.0,1.0,1.0,2.0,8.0,-0.7585776542047183,-0.06623446689168404,-0.1459841590309054,-0.3151420546881688,-0.5604804185099358,-0.07740962852699611,-0.5634856940018094,-0.050111808568582536,-0.7836017919493695,0.022817448166172347,-0.6365834840867335,0.8683597940297094
wohkw,LP_1,8.0,0.0,0.0,9.0,9.0,0.0,6.0,0.0,9.0,0.0,9.0,0.0,0.8046024828661424,-0.06623446689168404,-0.1459841590309054,0.8262878541648832,0.670174409662244,-0.07740962852699611,0.5532898017137688,-0.050111808568582536,0.9475838724556739,-0.11678005923866017,0.6353743216096994,-0.18476185373261517
wohkw,LP_2,6.0,0.0,0.0,6.0,9.0,0.0,8.0,0.0,9.0,0.0,9.0,0.0,0.4138074485984273,-0.06623446689168404,-0.1459841590309054,0.14142990885305198,0.670174409662244,-0.07740962852699611,1.0,-0.050111808568582536,0.9475838724556739,-0.11678005923866017,0.6353743216096994,-0.18476185373261517
wohkw,LP_3,7.0,0.0,0.0,7.0,9.0,0.0,7.0,0.0,9.0,0.0,9.0,0.0,0.6092049657322849,-0.06623446689168404,-0.1459841590309054,0.3697158906236624,0.670174409662244,-0.07740962852699611,0.7766449008568844,-0.050111808568582536,0.9475838724556739,-0.11678005923866017,0.6353743216096994,-0.18476185373261517
wohkw,LP_4,7.0,0.0,0.0,7.0,9.0,0.0,7.0,0.0,9.0,0.0,9.0,0.0,0.6092049657322849,-0.06623446689168404,-0.1459841590309054,0.3697158906236624,0.670174409662244,-0.07740962852699611,0.7766449008568844,-0.050111808568582536,0.9475838724556739,-0.11678005923866017,0.6353743216096994,-0.18476185373261517
wohkw,LP_5,9.0,0.0,0.0,9.0,9.0,0.0,6.0,0.0,9.0,0.0,8.0,0.0,1.0,-0.06623446689168404,-0.1459841590309054,0.8262878541648832,0.670174409662244,-0.07740962852699611,0.5532898017137688,-0.050111808568582536,0.9475838724556739,-0.11678005923866017,0.45366606365306616,-0.18476185373261517
wohkw,LP_6,0.0,0.0,0.0,2.0,1.0,0.0,3.0,1.0,3.0,0.0,4.0,0.0,-0.7585776542047183,-0.06623446689168404,-0.1459841590309054,-0.7717140182293896,-0.9706986945673289,-0.07740962852699611,-0.11677549571557813,0.0811521675024903,-0.35080537584810867,-0.11678005923866017,-0.2731669681734669,-0.18476185373261517
wohkw,LP_7,9.0,0.0,0.0,9.0,9.0,0.0,7.0,0.0,9.0,0.0,9.0,0.0,1.0,-0.06623446689168404,-0.1459841590309054,0.8262878541648832,0.670174409662244,-0.07740962852699611,0.7766449008568844,-0.050111808568582536,0.9475838724556739,-0.11678005923866017,0.6353743216096994,-0.18476185373261517
wohkw,LP_8,9.0,0.0,0.0,8.0,8.0,0.0,7.0,0.0,9.0,0.0,8.0,0.0,1.0,-0.06623446689168404,-0.1459841590309054,0.5980018723942728,0.46506527163354733,-0.07740962852699611,0.7766449008568844,-0.050111808568582536,0.9475838724556739,-0.11678005923866017,0.45366606365306616,-0.18476185373261517
4FoNM,HP_1_H,5.0,1.0,3.0,5.0,5.0,2.0,4.0,3.0,5.0,3.0,5.0,2.0,0.3157724939657427,-0.2113223932593898,-0.025708608668505068,0.1401404888004951,0.26723990586038704,-0.05198918024694644,0.15021087531002877,-0.05731257373402397,0.30904095152174066,-0.24026628777289138,0.26639938523557866,-0.2742218509364624
5KB3V,HP_1_L,4.0,0.0,0.0,3.0,3.0,0.0,4.0,0.0,3.0,0.0,5.0,0.0,0.14002079265664225,-0.096988872695088,-0.2070419791638938,-0.05819754754000802,0.0010197474134581853,-0.116238580030595,0.2430302126017875,-0.20251891706904596,-0.08306306218259334,-0.3921936157651564,0.2462283570716476,-0.27508983815177773
CoQmx,HP_1_H,8.0,0.0,0.0,2.0,9.0,0.0,7.0,0.0,9.0,0.0,9.0,0.0,0.8313268981849714,-0.07223381078647043,-0.15726173536405694,-0.0007631278885975564,1.0,-0.08100003714221624,0.721400429916783,-0.07369147293106257,1.0,-0.1915017217964996,1.0,-0.16607493053741584
Cr1sTi,HP_1_H,8.0,0.0,1.0,2.0,3.0,0.0,2.0,0.0,6.0,0.0,7.0,0.0,0.8124487163583046,-0.09815687619640218,0.026234757880055897,-0.27836845585410824,0.14250701913094357,-0.1887432252757678,0.3663073286890895,-0.137569181223766,0.46973801899512796,-0.29450862961272256,0.6149908516667281,-0.2224988832533873
F5tXL,HP_1_L,7.0,0.0,1.0,6.0,0.0,0.0,5.0,0.0,5.0,0.0,5.0,0.0,0.7665842957284784,-0.08282386761174355,0.1216119201701529,0.5080890321979863,-0.5143940725964146,-0.11615598937188176,0.4086595918820765,-0.1030162790305732,0.39337112374723204,-0.41309919493227965,0.3527443553801266,-0.2452527516593273
F8mDn,HP_1_H,8.0,0.0,0.0,6.0,8.0,0.0,8.0,2.0,8.0,0.0,8.0,0.0,0.7809487019432477,-0.17076968018525984,-0.08849827409627128,0.16055412408564476,0.5522982858474456,-0.210111107404324,0.8011852215324259,-0.17442931969179962,0.7916641612849786,-0.4178448217217973,0.6877034280136493,-0.3753409799175983
LR96S,HP_1_L,0.0,0.0,0.0,7.0,6.0,0.0,7.0,0.0,8.0,0.0,8.0,0.0,-0.35385400411870543,-0.21925679295434333,-0.04986565884130028,0.5908579210038699,0.11124119934891254,-0.29043181669347823,0.6111391109233043,-0.3039041828490305,0.7875891616343488,-0.4709973854054444,0.7615593059239263,-0.5705857481688827
PPjCX,HP_1_L,7.0,0.0,1.0,6.0,6.0,0.0,2.0,0.0,7.0,0.0,7.0,0.0,0.7814413049678611,-0.24380841546835536,0.13886342427865908,0.36788485749915173,0.309946407761645,-0.13704762502498585,0.18063745699873812,-0.15100202175364966,0.5873028323120867,-0.42290465607812955,0.509575262622349,-0.19979243681235795
VckNZ,HP_1_H,7.0,0.0,0.0,0.0,0.0,0.0,8.0,0.0,8.0,0.0,0.0,0.0,0.6685389090376909,-0.08591966284967689,-0.3489783530629978,-0.27708597230618337,-0.12513736864351196,-0.09747873291556744,0.8401971160531587,-0.19778406902366996,0.8275647736843224,-0.12487886568620901,-0.4667350592632246,-0.07787279414701898
hMHEK1,HP_1_H,6.0,0.0,1.0,3.0,9.0,0.0,9.0,0.0,9.0,1.0,8.0,0.0,0.44233485564777464,-0.2524316100653366,-0.0071352935035321925,-0.12349509087338638,0.5521454644829196,-0.22366916463374725,1.0,-0.22247751585693132,1.0,-0.28805655714057304,0.5645528796562717,-0.5660712775419747
wohkw,HP_1_H,8.0,0.0,0.0,8.0,9.0,0.0,8.0,0.0,9.0,0.0,9.0,0.0,0.8046024828661424,-0.06623446689168404,-0.1459841590309054,0.5980018723942728,0.670174409662244,-0.07740962852699611,1.0,-0.050111808568582536,0.9475838724556739,-0.11678005923866017,0.6353743216096994,-0.18476185373261517
4FoNM,HP_1_L,4.324324324324325,0.0,2.0,4.918918918918919,4.54054054054054,0.0,3.918918918918919,0.10810810810810811,4.756756756756757,0.2702702702702703,5.216216216216216,0.0,0.161667199813883,-0.41320945880262144,-0.36761147822467344,0.11702953294643112,0.15501538693810393,-0.4026522403292619,0.12724360166975926,-0.5669181835968193,0.25301724488836835,-0.9173846394759294,0.3192715016149963,-0.6382852369183089
5KB3V,HP_1_H,7.0,0.46153846153846156,0.7692307692307693,3.9615384615384617,4.961538461538462,0.34615384615384615,5.269230769230769,0.34615384615384615,6.230769230769231,0.8076923076923077,5.961538461538462,0.5384615384615384,0.6560083170626569,-0.040733033069698873,-0.07440000343159776,0.1961768629263401,0.49090429435493543,-0.0733063269524952,0.48322254898775874,-0.15626818948946725,0.5001247405311108,-0.26725316306828334,0.42742346354480926,-0.1988024119375688
CoQmx,HP_1_L,4.324324324324325,0.0,2.0,4.918918918918919,4.54054054054054,0.0,3.918918918918919,0.10810810810810811,4.756756756756757,0.2702702702702703,5.216216216216216,0.0,0.21133928070270422,-0.07223381078647043,0.09990753916128903,0.41654350459004547,0.3173701547243164,-0.08100003714221624,0.29220649762642154,-0.06079427806101977,0.281359489881192,-0.1557208893101182,0.352823638977123,-0.16607493053741584
Cr1sTi,HP_1_L,4.324324324324325,0.0,2.0,4.918918918918919,4.54054054054054,0.0,3.918918918918919,0.10810810810810811,4.756756756756757,0.2702702702702703,5.216216216216216,0.0,0.12307102513477589,-0.09815687619640218,0.1885289649000466,0.7748235274939501,0.40670755918249063,-0.1887432252757678,1.0,-0.12390468655441143,0.2499898106507666,-0.25563449659131954,0.2716043139640799,-0.2224988832533873
F5tXL,HP_1_H,7.0,0.46153846153846156,0.7692307692307693,3.9615384615384617,4.961538461538462,0.34615384615384615,5.269230769230769,0.34615384615384615,6.230769230769231,0.8076923076923077,5.961538461538462,0.5384615384615384,0.7665842957284784,-0.011428887329650571,0.05404360633708775,0.006718238092087707,0.424821482042708,-0.051762374600427055,0.4617286028670184,-0.02665361355922583,0.6422445088765728,-0.032649411681281285,0.560198087630086,-0.1614376626053341
F8mDn,HP_1_L,4.324324324324325,0.0,2.0,4.918918918918919,4.54054054054054,0.0,3.918918918918919,0.10810810810810811,4.756756756756757,0.2702702702702703,5.216216216216216,0.0,-0.024212826049138995,-0.17076968018525984,0.3469010355422372,-0.04855472710095781,-0.11896583776226066,-0.210111107404324,-0.010194009510917404,-0.49184264933823196,0.11598036004707157,-0.3752668991475692,0.10042824867106177,-0.3753409799175983
LR96S,HP_1_H,7.0,0.46153846153846156,0.7692307692307693,3.9615384615384617,4.961538461538462,0.34615384615384615,5.269230769230769,0.34615384615384615,6.230769230769231,0.8076923076923077,5.961538461538462,0.5384615384615384,0.6991435546402877,-0.15673080357206934,0.03986644875197325,-0.030723314394096795,-0.08108900823070692,-0.24079982374372905,0.2746248799915484,-0.25375402197022157,0.4117853706797351,-0.33898479953572497,0.31270044431831046,-0.47661907947501797
PPjCX,HP_1_H,7.0,0.46153846153846156,0.7692307692307693,3.9615384615384617,4.961538461538462,0.34615384615384615,5.269230769230769,0.34615384615384615,6.230769230769231,0.8076923076923077,5.961538461538462,0.5384615384615384,0.7814413049678611,-0.05245327462706991,0.07262214922317133,-0.282737299080573,0.04543799850208211,-0.08081999521605797,0.8999140483442191,-0.08459805896016988,0.40730251112757493,-0.1355873697546611,0.26572079712181573,-0.10728044425476839
VckNZ,HP_1_L,4.324324324324325,0.0,2.0,4.918918918918919,4.54054054054054,0.0,3.918918918918919,0.10810810810810811,4.756756756756757,0.2702702702702703,5.216216216216216,0.0,0.2250977197773043,-0.08591966284967689,-0.04920538571566495,0.42090095550079976,0.783778111381557,-0.09747873291556744,0.18802858967550928,-0.18339627239876102,0.26831539103888147,-0.09109871956950603,0.38335462973918477,-0.07787279414701898
hMHEK1,HP_1_L,4.324324324324325,0.0,2.0,4.918918918918919,4.54054054054054,0.0,3.918918918918919,0.10810810810810811,4.756756756756757,0.2702702702702703,5.216216216216216,0.0,0.13084621646004513,-0.2524316100653366,0.1367411769969724,0.2358209066581922,-0.2169356215221307,-0.22366916463374725,-0.0066204182956209,-0.20595754942643224,0.14669350416027033,-0.4055482025554226,0.0201307627488527,-0.5660712775419747
wohkw,HP_1_L,4.324324324324325,0.0,2.0,4.918918918918919,4.54054054054054,0.0,3.918918918918919,0.10810810810810811,4.756756756756757,0.2702702702702703,5.216216216216216,0.0,0.08638458204980105,-0.06623446689168404,0.7453368535486875,-0.10536574711517538,-0.24450147614140316,-0.07740962852699611,0.08846973052404164,-0.035921108452790874,0.02935363829489078,-0.07905100318330002,-0.05217043822621032,-0.18476185373261517
4FoNM,HP_3_H,6.0,1.0,2.0,6.0,5.0,3.0,5.0,1.0,5.0,3.0,5.0,3.0,0.5438483293104951,-0.2113223932593898,-0.36761147822467344,0.4251756110006189,0.26723990586038704,0.1233423497942113,0.4334739168733525,-0.40975009831203196,0.30904095152174066,-0.24026628777289138,0.26639938523557866,-0.0921901579455392
5KB3V,HP_3_H,9.0,0.0,0.0,5.0,4.0,0.0,5.0,0.0,7.0,0.0,7.0,0.0,1.0,-0.096988872695088,-0.2070419791638938,0.470901226229996,0.25076481056009364,-0.116238580030595,0.43227265945134064,-0.20251891706904596,0.6389789792724689,-0.3921936157651564,0.6231141785358238,-0.27508983815177773
CoQmx,HP_3_L,6.0,0.0,2.0,3.0,6.0,0.0,6.0,0.0,6.0,0.0,5.0,0.0,0.4939806945549143,-0.07223381078647043,0.09990753916128903,0.14220303323834493,0.5407762859054492,-0.08100003714221624,0.5821006448751744,-0.07369147293106257,0.4919165820179128,-0.1915017217964996,0.3158421326329587,-0.16607493053741584
Cr1sTi,HP_3_H,9.0,0.0,0.0,4.0,5.0,0.0,3.0,0.0,8.0,0.0,9.0,0.0,1.0,-0.09815687619640218,-0.13605944913993478,0.44326308829178346,0.4855042114785661,-0.1887432252757678,0.6965415376820991,-0.137569181223766,0.8232460063317093,-0.29450862961272256,1.0,-0.2224988832533873
F5tXL,HP_3_H,8.0,0.0,0.0,4.0,4.0,0.0,6.0,0.0,5.0,0.0,6.0,0.0,1.0,-0.08282386761174355,-0.17118410643979615,0.016178064395972552,0.24280296370179272,-0.11615598937188176,0.6057730612547176,-0.1030162790305732,0.39337112374723204,-0.41309919493227965,0.5684962369200843,-0.2452527516593273
F8mDn,HP_3_H,8.0,0.0,0.0,8.0,8.0,0.0,8.0,0.0,8.0,0.0,7.0,0.0,0.7809487019432477,-0.17076968018525984,-0.08849827409627128,0.5474054987808596,0.5522982858474456,-0.210111107404324,0.8011852215324259,-0.5099805538894566,0.7916641612849786,-0.4178448217217973,0.47674049951194314,-0.3753409799175983
LR96S,HP_3_L,1.0,0.0,0.0,5.0,6.0,1.0,7.0,0.0,9.0,0.0,6.0,0.0,-0.20342578143884926,-0.21925679295434333,-0.04986565884130028,0.18171584200773994,0.11124119934891254,-0.14705050372753622,0.6111391109233043,-0.3039041828490305,1.0,-0.4709973854054444,0.32116947944294466,-0.5705857481688827
PPjCX,HP_3_H,8.0,0.0,0.0,6.0,6.0,0.0,4.0,0.0,8.0,0.0,8.0,0.0,1.0,-0.24380841546835536,-0.1481821009617879,0.36788485749915173,0.309946407761645,-0.13704762502498585,0.6206654893512675,-0.15100202175364966,0.8213032498519521,-0.42290465607812955,0.7443980812524922,-0.19979243681235795
VckNZ,HP_3_L,0.0,0.0,9.0,0.0,0.0,1.0,0.0,0.0,0.0,0.0,0.0,0.0,-0.49157490933039116,-0.08591966284967689,1.0,-0.27708597230618337,-0.12513736864351196,0.05930394321522791,-0.4382259555215713,-0.19778406902366996,-0.5519170368410987,-0.12487886568620901,-0.4667350592632246,-0.07787279414701898
hMHEK1,HP_3_L,5.0,0.0,3.0,3.0,3.0,0.0,4.0,0.0,3.0,2.0,7.0,0.0,0.2564464741970328,-0.2524316100653366,0.280617647497477,-0.12349509087338638,-0.48261817850569344,-0.22366916463374725,0.00944267348569221,-0.22247751585693132,-0.20658625526382163,-0.1270494874980014,0.3689837696992377,-0.5660712775419747
wohkw,HP_3_H,9.0,0.0,0.0,9.0,9.0,0.0,6.0,0.0,9.0,0.0,9.0,0.0,1.0,-0.06623446689168404,-0.1459841590309054,0.8262878541648832,0.670174409662244,-0.07740962852699611,0.5532898017137688,-0.050111808568582536,0.9475838724556739,-0.11678005923866017,0.6353743216096994,-0.18476185373261517
4FoNM,HP_3_L,4.0,0.03225806451612903,2.129032258064516,4.161290322580645,3.6774193548387095,0.16129032258064516,3.129032258064516,0.0967741935483871,4.193548387096774,0.2903225806451613,4.516129032258065,0.03225806451612903,0.08769665862099028,-0.40669697281735595,-0.3234949789271033,-0.09892122659315714,-0.05580486682481869,-0.3743729612903655,-0.09650209637415645,-0.5689154319924227,0.12329927182328382,-0.9124105985659422,0.14807670543486565,-0.6324132468218274
5KB3V,HP_3_L,4.0,0.03225806451612903,2.129032258064516,4.161290322580645,3.6774193548387095,0.16129032258064516,3.129032258064516,0.0967741935483871,4.193548387096774,0.2903225806451613,4.516129032258065,0.03225806451612903,0.14002079265664225,-0.09305701293632425,0.16007677947581583,0.2490210952941878,0.17020188696440475,-0.09623430440280657,0.07820614599088638,-0.18958860613281966,0.13238496631609456,-0.34728414428886095,0.15504630349160506,-0.27051962367811544
CoQmx,HP_3_H,8.1875,0.1875,0.15625,4.90625,5.59375,0.40625,5.46875,0.0625,7.21875,0.46875,7.21875,0.40625,0.8629531047752893,-0.049895606395085626,-0.1371703857917643,0.41473227788657907,0.4785897412884788,-0.032204896576768983,0.5080976340718198,-0.06623528214681908,0.6983254705731358,-0.1294443404529319,0.6953359496881144,-0.11343960381176861
Cr1sTi,HP_3_L,4.0,0.03225806451612903,2.129032258064516,4.161290322580645,3.6774193548387095,0.16129032258064516,3.129032258064516,0.0967741935483871,4.193548387096774,0.2903225806451613,4.516129032258065,0.03225806451612903,0.0622435817915233,-0.09309624543052014,0.20947015290262602,0.5014591805616134,0.2586834875067512,-0.16477662799198217,0.7391524033586165,-0.12533725454394054,0.15044048204595764,-0.2527502867219896,0.13683432873669674,-0.21811716682595578
F5tXL,HP_3_L,4.0,0.03225806451612903,2.129032258064516,4.161290322580645,3.6774193548387095,0.16129032258064516,3.129032258064516,0.0967741935483871,4.193548387096774,0.2903225806451613,4.516129032258065,0.03225806451612903,0.0663371829139138,-0.07783389587159728,0.4521880792459018,0.0558483037348446,0.1817386865809695,-0.08615179610919678,0.039866649184876916,-0.08166757685578792,0.23029884518465998,-0.27634765993883326,0.24834828366724393,-0.24023157120908809
F8mDn,HP_3_L,4.0,0.03225806451612903,2.129032258064516,4.161290322580645,3.6774193548387095,0.16129032258064516,3.129032258064516,0.0967741935483871,4.193548387096774,0.2903225806451613,4.516129032258065,0.03225806451612903,-0.09525649028376142,-0.16657337308782164,0.3749913135834313,-0.19509955910189156,-0.2864435298927065,-0.18842452841858343,-0.1672351510031774,-0.49374420384763457,-0.0013561280173607704,-0.3721078919888361,-0.04726419386326241,-0.3704114423551696
LR96S,HP_3_H,8.1875,0.1875,0.15625,4.90625,5.59375,0.40625,5.46875,0.0625,7.21875,0.46875,7.21875,0.40625,0.8777770690726169,-0.1938556097677945,-0.03163882448641659,0.16253730705479633,0.036000909809663244,-0.23218315830106429,0.31341749272395913,-0.29484929269035665,0.6216431941611837,-0.39438293824891085,0.5895320299547928,-0.4996912525918151
PPjCX,HP_3_L,4.0,0.03225806451612903,2.129032258064516,4.161290322580645,3.6774193548387095,0.16129032258064516,3.129032258064516,0.0967741935483871,4.193548387096774,0.2903225806451613,4.516129032258065,0.03225806451612903,0.12576521987144496,-0.23043413143106123,0.46294708180819594,-0.21898187168596828,-0.28164229251780765,-0.11084837099215207,0.42904037848806925,-0.13243747301568756,-0.06940801691269677,-0.31962931813697504,-0.07369431913639363,-0.19425024370982955
VckNZ,HP_3_H,8.1875,0.1875,0.15625,4.90625,5.59375,0.40625,5.46875,0.0625,7.21875,0.46875,7.21875,0.40625,0.8653439317965619,-0.051984673385624486,-0.3255585899889874,0.41910325565239576,0.994607278716241,-0.03378577073743183,0.43569606606271677,-0.1894661240998945,0.6928497531251991,-0.06629142476505229,0.7097086861874868,-0.029218813855660476
hMHEK1,HP_3_H,8.1875,0.1875,0.15625,4.90625,5.59375,0.40625,5.46875,0.0625,7.21875,0.46875,7.21875,0.40625,0.8489656900712723,-0.22633928485564206,-0.12853106548833296,0.23344866195617905,-0.03529847867207428,-0.16843409817458505,0.30041888814927015,-0.21292691026429902,0.641794705468553,-0.37359156288818923,0.41176451250233886,-0.4953805601529272
wohkw,HP_3_L,4.0,0.03225806451612903,2.129032258064516,4.161290322580645,3.6774193548387095,0.16129032258064516,3.129032258064516,0.0967741935483871,4.193548387096774,0.2903225806451613,4.516129032258065,0.03225806451612903,0.023012414330712046,-0.06193513436389498,0.8028414350054355,-0.2783217350477478,-0.42153551855501226,-0.04844700410422739,-0.08795548292291808,-0.037408843142349685,-0.0925236436586466,-0.07625175063725717,-0.17938206084101097,-0.18051539547550902
4FoNM,HP_7_H,7.0,3.0,4.0,5.0,5.0,3.0,5.0,2.0,6.0,2.0,6.0,2.0,0.7719241646552475,0.19245173782707348,0.3161942608876633,0.1401404888004951,0.26723990586038704,0.1233423497942113,0.4334739168733525,-0.23353133602302797,0.5393606343478271,-0.4883195453274697,0.5109329234903858,-0.2742218509364624
5KB3V,HP_7_H,7.0,0.0,0.0,6.0,6.0,0.0,5.0,0.0,7.0,0.0,7.0,0.0,0.6560083170626569,-0.096988872695088,-0.2070419791638938,0.735450613114998,0.7502549368533645,-0.116238580030595,0.43227265945134064,-0.20251891706904596,0.6389789792724689,-0.3921936157651564,0.6231141785358238,-0.27508983815177773
CoQmx,HP_7_L,3.0,0.0,0.0,0.0,3.0,0.0,0.0,0.0,2.0,0.0,2.0,0.0,-0.012038610890171532,-0.07223381078647043,-0.15726173536405694,-0.28669545014248254,0.08155257181089848,-0.08100003714221624,-0.25369806537447676,-0.07369147293106257,-0.18552797529153672,-0.1915017217964996,-0.19727626789232225,-0.16607493053741584
Cr1sTi,HP_7_H,9.0,0.0,0.0,4.0,5.0,0.0,2.0,0.0,9.0,0.0,8.0,0.0,1.0,-0.09815687619640218,-0.13605944913993478,0.44326308829178346,0.4855042114785661,-0.1887432252757678,0.3663073286890895,-0.137569181223766,1.0,-0.29450862961272256,0.807495425833364,-0.2224988832533873
F5tXL,HP_7_L,7.0,0.0,2.0,6.0,6.0,0.0,4.0,0.0,5.0,0.0,6.0,0.0,0.7665842957284784,-0.08282386761174355,0.41440794678010195,0.5080890321979863,0.6214014818508964,-0.11615598937188176,0.21154612250943536,-0.1030162790305732,0.39337112374723204,-0.41309919493227965,0.5684962369200843,-0.2452527516593273
F8mDn,HP_7_L,8.0,0.0,0.0,9.0,8.0,0.0,7.0,0.0,8.0,0.0,8.0,0.0,0.7809487019432477,-0.17076968018525984,-0.08849827409627128,0.7408311861284672,0.5522982858474456,-0.210111107404324,0.6023704430648517,-0.5099805538894566,0.7916641612849786,-0.4178448217217973,0.6877034280136493,-0.3753409799175983
LR96S,HP_7_L,0.0,0.0,0.0,9.0,6.0,0.0,9.0,0.0,9.0,0.0,9.0,0.0,-0.35385400411870543,-0.21925679295434333,-0.04986565884130028,1.0,0.11124119934891254,-0.29043181669347823,1.0,-0.3039041828490305,1.0,-0.4709973854054444,0.9817542191644171,-0.5705857481688827
PPjCX,HP_7_L,6.0,0.0,1.0,7.0,7.0,0.0,2.0,0.0,7.0,0.0,7.0,0.0,0.5628826099357225,-0.24380841546835536,0.13886342427865908,0.6870579909156205,0.5646582092708538,-0.13704762502498585,0.18063745699873812,-0.15100202175364966,0.5873028323120867,-0.42290465607812955,0.509575262622349,-0.19979243681235795
VckNZ,HP_7_L,5.0,0.0,4.0,0.0,0.0,0.0,5.0,1.0,5.0,0.0,2.0,0.0,0.3370778180753817,-0.08591966284967689,0.2505675816316679,-0.27708597230618337,-0.12513736864351196,-0.09747873291556744,0.36078846421263494,-0.06469695024326219,0.31025909473728946,-0.12487886568620901,-0.14079393498250806,-0.07787279414701898
hMHEK1,HP_7_H,7.0,0.0,1.0,4.0,7.0,1.0,8.0,1.0,7.0,1.0,9.0,1.0,0.6282232370985165,-0.2524316100653366,-0.0071352935035321925,0.06375409093884468,0.20722425015338192,-0.08770592411888643,0.8018885346971384,-0.06966782637481489,0.5978045815787261,-0.28805655714057304,0.7601219896133056,-0.3920633578150886
wohkw,HP_7_L,4.0,0.0,1.0,5.0,7.0,0.0,5.0,0.0,5.0,0.0,8.0,0.0,0.023012414330712046,-0.06623446689168404,0.2996763472588911,-0.08685607291755841,0.2599561336048507,-0.07740962852699611,0.32993470257065316,-0.050111808568582536,0.08199104025315218,-0.11678005923866017,0.45366606365306616,-0.18476185373261517
4FoNM,HP_7_L,4.588235294117647,0.029411764705882353,2.823529411764706,4.617647058823529,4.205882352941177,0.058823529411764705,3.7058823529411766,0.058823529411764705,4.823529411764706,0.29411764705882354,5.4411764705882355,0.11764705882352941,0.2218589147061387,-0.40727160393370293,-0.08604440917841706,0.03115647148868295,0.07327399858813662,-0.3923386209150762,0.0668982160266983,-0.575603051054624,0.2683963016112548,-0.9114692199793974,0.37428182858328773,-0.616869743625259
5KB3V,HP_7_L,4.588235294117647,0.029411764705882353,2.823529411764706,4.617647058823529,4.205882352941177,0.058823529411764705,3.7058823529411766,0.058823529411764705,4.823529411764706,0.29411764705882354,5.4411764705882355,0.11764705882352941,0.2411948170499784,-0.09340394173856811,0.2798320964652399,0.36974999006808335,0.3021829117961657,-0.10894290303693098,0.18737066941074249,-0.1946593163038888,0.24610316259839088,-0.3466970923741382,0.32936493533580413,-0.2584219971301859
CoQmx,HP_7_H,7.724137931034483,0.13793103448275862,0.41379310344827586,4.758620689655173,5.620689655172414,0.1724137931034483,5.724137931034483,0.20689655172413793,7.413793103448276,0.27586206896551724,6.9655172413793105,0.20689655172413793,0.7847963873394465,-0.05580110870545173,-0.10405429925536469,0.3936262821167611,0.4827135174567129,-0.06029122417014313,0.5436731179671446,-0.04900891033494619,0.7313581927910804,-0.1549805962241931,0.6520231536667634,-0.13926861029517643
Cr1sTi,HP_7_L,4.588235294117647,0.029411764705882353,2.823529411764706,4.617647058823529,4.205882352941177,0.058823529411764705,3.7058823529411766,0.058823529411764705,4.823529411764706,0.29411764705882354,5.4411764705882355,0.11764705882352941,0.17256786628663814,-0.09354277167456855,0.32218301774003894,0.6661198886897793,0.3493141498111278,-0.18000246626638716,0.9296480381477532,-0.13013408853602895,0.2617921440912565,-0.25220442603060744,0.3149101919363837,-0.20651850569451946
F5tXL,HP_7_H,7.724137931034483,0.13793103448275862,0.41379310344827586,4.758620689655173,5.620689655172414,0.1724137931034483,5.724137931034483,0.20689655172413793,7.413793103448276,0.27586206896551724,6.9655172413793105,0.20689655172413793,0.9356094608906148,-0.06148743672284221,-0.050027129911541374,0.20276498321742611,0.5495983146157215,-0.08408254140142539,0.5513969317726098,-0.057374226105170165,0.8814633230310683,-0.28315903907643786,0.7768083984069402,-0.21304793911641368
F8mDn,HP_7_H,7.724137931034483,0.13793103448275862,0.41379310344827586,4.758620689655173,5.620689655172414,0.1724137931034483,5.724137931034483,0.20689655172413793,7.413793103448276,0.27586206896551724,6.9655172413793105,0.20689655172413793,0.72052075765173,-0.152826849837593,0.0015843416910063367,-0.07956052227690238,0.09062336462557596,-0.18692890228163578,0.3487102084682916,-0.47526835724831973,0.6695362558313455,-0.37438597661155065,0.469465915770505,-0.34372394589650407
LR96S,HP_7_H,7.724137931034483,0.13793103448275862,0.41379310344827586,4.758620689655173,5.620689655172414,0.1724137931034483,5.724137931034483,0.20689655172413793,7.413793103448276,0.27586206896551724,6.9655172413793105,0.20689655172413793,0.8080743365808731,-0.2005708650929741,-0.001595973377332451,0.13233662557717255,0.0409903189303031,-0.2657109006648675,0.3630726816847226,-0.27392937404790335,0.6630724632820705,-0.4259093429409097,0.5337714646406599,-0.5344803286707475
PPjCX,HP_7_H,7.724137931034483,0.13793103448275862,0.41379310344827586,4.758620689655173,5.620689655172414,0.1724137931034483,5.724137931034483,0.20689655172413793,7.413793103448276,0.27586206896551724,6.9655172413793105,0.20689655172413793,0.9397079461980306,-0.18662182165371832,-0.02940464224160295,-0.028330066741981824,0.21333158649953132,-0.1090415258864394,1.0,-0.11131229686559278,0.6841305912941,-0.3247733004865344,0.5014779240488958,-0.16424595691338265
VckNZ,HP_7_H,7.724137931034483,0.13793103448275862,0.41379310344827586,4.758620689655173,5.620689655172414,0.1724137931034483,5.724137931034483,0.20689655172413793,7.413793103448276,0.27586206896551724,6.9655172413793105,0.20689655172413793,0.7885506833516303,-0.06095599243933949,-0.28695635981872203,0.3981548866143274,1.0,-0.07044723703094755,0.4765077939672442,-0.17024880306910287,0.7264820548096148,-0.0903998199946777,0.6684392011627194,-0.053094109224099004
hMHEK1,HP_7_L,4.588235294117647,0.029411764705882353,2.823529411764706,4.617647058823529,4.205882352941177,0.058823529411764705,3.7058823529411766,0.058823529411764705,4.823529411764706,0.29411764705882354,5.4411764705882355,0.11764705882352941,0.1799041994820214,-0.24833869630695316,0.25522768211503505,0.1794079973522814,-0.2746509757481781,-0.21567132695640248,-0.048825404544561156,-0.2134887105932774,0.16012133212028096,-0.4017086063000354,0.06412603947209655,-0.5455997575741057
wohkw,HP_7_H,7.724137931034483,0.13793103448275862,0.41379310344827586,4.758620689655173,5.620689655172414,0.1724137931034483,5.724137931034483,0.20689655172413793,7.413793103448276,0.27586206896551724,6.9655172413793105,0.20689655172413793,0.7506997195188715,-0.047851114014241206,0.03842708495107934,-0.14195958575874018,-0.022953022296799807,-0.04644958173024335,0.4916746019501508,-0.022953744553877813,0.6043315424443291,-0.07827040202353396,0.26569200369792834,-0.15752594904910677
4FoNM,HN_2_H,1.0,1.0,3.0,3.0,2.0,4.0,4.0,6.0,1.0,6.0,3.0,6.0,-0.5965308474132669,-0.2113223932593898,-0.025708608668505068,-0.42992975559975244,-0.46552018827922587,0.298673879835369,0.15021087531002877,0.471343713132988,-0.6122377797826051,0.5038934848908435,-0.22266769127403555,0.4539049210272304
5KB3V,HN_2_H,0.0,0.0,0.0,0.0,0.0,0.0,4.0,9.0,0.0,7.0,0.0,0.0,-0.547962573218044,-0.096988872695088,-0.2070419791638938,-0.851845708195014,-0.7482154420264482,-0.116238580030595,0.2430302126017875,1.0,-0.62459459327389,0.6906236409410763,-0.6959861965887929,-0.27508983815177773
CoQmx,HN_2_H,0.0,1.0,0.0,1.0,0.0,1.0,0.0,6.0,0.0,3.0,0.0,2.0,-0.5180579163352573,0.04690327930091517,-0.15726173536405694,-0.14372928901554005,-0.3776711422836523,0.039111078095807786,-0.25369806537447676,0.6421028423563125,-0.5242502539462615,0.2056655188023336,-0.5393552015758428,0.09305283180423211
Cr1sTi,HN_2_H,0.0,0.0,0.0,0.0,0.0,8.0,0.0,9.0,0.0,9.0,0.0,0.0,-0.6879615527752581,-0.09815687619640218,-0.13605944913993478,-1.0,-0.3719887693904902,1.0,-0.2941610892969299,1.0,-0.5907859430146162,1.0,-0.7325411674997241,-0.2224988832533873
F5tXL,HN_2_H,4.0,0.0,0.0,3.0,3.0,0.0,3.0,3.0,2.0,0.0,3.0,0.0,0.0663371829139138,-0.08282386761174355,-0.17118410643979615,-0.22977741950503433,0.05350370462724089,-0.11615598937188176,0.014432653136794212,0.5587934883877708,-0.21325775250553589,-0.41309919493227965,-0.07875940769978891,-0.2452527516593273
F8mDn,HN_2_H,0.0,1.0,0.0,1.0,1.0,1.0,0.0,8.0,0.0,7.0,1.0,2.0,-0.9714616825107706,-0.04068416016467541,-0.08849827409627128,-0.8065743126523925,-0.8059627142690693,-0.07565431769273244,-0.7893330062081675,0.8322243829011715,-0.8750225484351922,0.6849233729507117,-0.7890370714982938,-0.06970965104702088
LR96S,HN_2_H,1.0,0.0,0.0,1.0,5.0,1.0,1.0,3.0,0.0,7.0,0.0,0.0,-0.20342578143884926,-0.21925679295434333,-0.04986565884130028,-0.6365683159845201,-0.07396566720923956,-0.14705050372753622,-0.5554435563067829,0.13073054476731302,-0.9116975452908611,0.6731116921321234,-1.0,-0.5705857481688827
PPjCX,HN_2_H,0.0,0.0,0.0,2.0,3.0,2.0,0.0,5.0,3.0,1.0,3.0,0.0,-0.74846956025711,-0.24380841546835536,-0.1481821009617879,-0.9088076761667233,-0.45418899676598123,0.18782312498215295,-0.2593905753537913,0.8081663297077251,-0.34869883784737477,-0.06717849205859719,-0.42971601189822367,-0.19979243681235795
VckNZ,HN_2_H,0.0,0.0,0.0,0.0,0.0,0.0,0.0,9.0,0.0,0.0,0.0,0.0,-0.49157490933039116,-0.08591966284967689,-0.3489783530629978,-0.27708597230618337,-0.12513736864351196,-0.09747873291556744,-0.4382259555215713,1.0,-0.5519170368410987,-0.12487886568620901,-0.4667350592632246,-0.07787279414701898
hMHEK1,HN_2_H,3.0,1.0,0.0,1.0,7.0,0.0,8.0,7.0,9.0,1.0,8.0,0.0,-0.11533028870445085,-0.11327254228029919,-0.1510117640040368,-0.4979934544978485,0.20722425015338192,-0.22366916463374725,0.8018885346971384,0.8471903105178836,1.0,-0.28805655714057304,0.5645528796562717,-0.5660712775419747
wohkw,HN_2_H,0.0,0.0,0.0,2.0,1.0,0.0,0.0,8.0,0.0,3.0,1.0,0.0,-0.7585776542047183,-0.06623446689168404,-0.1459841590309054,-0.7717140182293896,-0.9706986945673289,-0.07740962852699611,-0.786840793144925,1.0,-1.0,0.30201246297583734,-0.8182917420433667,-0.18476185373261517
4FoNM,HN_2_L,0.5714285714285714,0.14285714285714285,2.5714285714285716,2.5714285714285716,0.8571428571428571,2.0,0.2857142857142857,1.1428571428571428,0.2857142857142857,2.857142857142857,0.5714285714285714,0.42857142857142855,-0.6942776339895893,-0.38436844943930265,-0.17223840990686287,-0.5520876651140911,-0.7446668908086023,-0.05198918024694644,-0.9019089933537452,-0.3845759894136028,-0.7767518389440955,-0.2757024674235454,-0.8165348556071386,-0.5602716542079131
5KB3V,HN_2_L,0.5714285714285714,0.14285714285714285,2.5714285714285716,2.5714285714285716,0.8571428571428571,2.0,0.2857142857142857,1.1428571428571428,0.2857142857142857,2.857142857142857,0.5714285714285714,0.42857142857142855,-0.449679235235946,-0.07957635090627707,0.2363611968554958,-0.17157585620500884,-0.5341482450436178,0.13181443775398166,-0.45987030426798126,-0.04981810220313536,-0.5730201617413856,0.04977261146187742,-0.588304533313314,-0.2143712744302645
CoQmx,HN_2_L,0.5714285714285714,0.14285714285714285,2.5714285714285716,2.5714285714285716,0.8571428571428571,2.0,0.2857142857142857,1.1428571428571428,0.2857142857142857,2.857142857142857,0.5714285714285714,0.42857142857142855,-0.42167328672666954,-0.05521422648827249,0.17338447473995933,0.08093182132679819,-0.24646436682806636,0.15922219333383178,-0.21389812679116008,0.0626503014093898,-0.4758613569955865,0.18675279305953205,-0.4416183633805512,-0.110547552892777
Cr1sTi,HN_2_L,0.5714285714285714,0.14285714285714285,2.5714285714285716,2.5714285714285716,0.8571428571428571,2.0,0.2857142857142857,1.1428571428571428,0.2857142857142857,2.857142857142857,0.5714285714285714,0.42857142857142855,-0.5807893906942894,-0.07574551137606744,0.28126851176861273,-0.0721880146695677,-0.22498997267008056,0.10844258104317413,-0.19980845815607,0.006884048137982064,-0.5402848019665332,0.11644649089925285,-0.6225385536902177,-0.1642846507175117
F5tXL,HN_2_L,0.5714285714285714,0.14285714285714285,2.5714285714285716,2.5714285714285716,0.8571428571428571,2.0,0.2857142857142857,1.1428571428571428,0.2857142857142857,2.857142857142857,0.5714285714285714,0.42857142857142855,-0.733945231731303,-0.060725421333952874,0.5817199619857872,-0.3351869126054658,-0.3521375648182273,0.25589600708541216,-0.5205896208746604,0.14910172760498638,-0.5599028246499748,0.9327095621460819,-0.6027282628682578,-0.17854278282043476
F8mDn,HN_2_L,0.5714285714285714,0.14285714285714285,2.5714285714285716,2.5714285714285716,0.8571428571428571,2.0,0.2857142857142857,1.1428571428571428,0.2857142857142857,2.857142857142857,0.5714285714285714,0.42857142857142855,-0.8462895121926264,-0.1521860344680335,0.47130083829609687,-0.5026196611061522,-0.8336823265163452,0.058802472018859124,-0.7325287837888607,-0.3182369914907955,-0.8154980230880433,0.0322646454914717,-0.8794497551418823,-0.3098485523024746
LR96S,HN_2_L,0.5714285714285714,0.14285714285714285,2.5714285714285716,2.5714285714285716,0.8571428571428571,2.0,0.2857142857142857,1.1428571428571428,0.2857142857142857,2.857142857142857,0.5714285714285714,0.42857142857142855,-0.2678950197302162,-0.19990351052649663,0.2500959579704998,-0.3150995396304179,-0.8412512572358697,-0.003669190761594197,-0.6943224452627456,-0.13832904851899486,-0.8510087343292465,-0.004014088451335031,-0.8741743352911482,-0.49579595063703125
PPjCX,HN_2_L,0.5714285714285714,0.14285714285714285,2.5714285714285716,2.5714285714285716,0.8571428571428571,2.0,0.2857142857142857,1.1428571428571428,0.2857142857142857,2.857142857142857,0.5714285714285714,0.42857142857142855,-0.6235788773816021,-0.1845794433031956,0.5899349639422187,-0.7264230285001696,-1.0,0.18782312498215295,-0.19652942787485855,0.06823645858037884,-0.9838428283127236,0.5934558125491058,-1.0,-0.12616044273590912
VckNZ,HN_2_L,0.5714285714285714,0.14285714285714285,2.5714285714285716,2.5714285714285716,0.8571428571428571,2.0,0.2857142857142857,1.1428571428571428,0.2857142857142857,2.857142857142857,0.5714285714285714,0.42857142857142855,-0.3968717404840171,-0.060064432781827444,0.03644403352643018,0.0877957340670119,0.046443614830608174,0.21608661934602327,-0.3925679886796166,-0.045684504703203954,-0.5026498293223337,0.23222553611893673,-0.3736090237544485,-0.026545518235256166
hMHEK1,HN_2_L,0.5714285714285714,0.14285714285714285,2.5714285714285716,2.5714285714285716,0.8571428571428571,2.0,0.2857142857142857,1.1428571428571428,0.2857142857142857,2.857142857142857,0.5714285714285714,0.42857142857142855,-0.5667735007991095,-0.23255174323890268,0.21895630299726077,-0.20374474022148537,-0.8521766224301982,0.04825731639597436,-0.7263999119249365,-0.04783787073451255,-0.7524228945498362,0.01095657219563143,-0.888246222881695,-0.4914964548018807
wohkw,HN_2_L,0.5714285714285714,0.14285714285714285,2.5714285714285716,2.5714285714285716,0.8571428571428571,2.0,0.2857142857142857,1.1428571428571428,0.2857142857142857,2.857142857142857,0.5714285714285714,0.42857142857142855,-0.6469219301282283,-0.047194565697189675,1.0,-0.6412648857890407,-1.0,0.281726914315336,-0.7230250505326064,0.09990416408407211,-0.9381719405569627,0.28206996191800415,-0.8961667097390668,-0.12834462260249063
4FoNM,HN_3_H,1.0,3.0,3.0,4.0,6.0,3.0,2.0,5.0,2.0,6.0,2.0,4.0,-0.5965308474132669,0.19245173782707348,-0.025708608668505068,-0.1448946333996287,0.5114932705735914,0.1233423497942113,-0.4163152078166187,0.295124950843984,-0.3819180969565187,0.5038934848908435,-0.4672012295288427,0.089841535045384
5KB3V,HN_3_H,0.0,0.0,0.0,0.0,0.0,0.0,1.0,9.0,0.0,6.0,0.0,0.0,-0.547962573218044,-0.096988872695088,-0.2070419791638938,-0.851845708195014,-0.7482154420264482,-0.116238580030595,-0.3246971279468719,1.0,-0.62459459327389,0.5359354614116145,-0.6959861965887929,-0.27508983815177773
CoQmx,HN_3_H,0.0,1.0,0.0,0.0,0.0,0.0,0.0,9.0,0.0,7.0,0.0,0.0,-0.5180579163352573,0.04690327930091517,-0.15726173536405694,-0.28669545014248254,-0.3776711422836523,-0.08100003714221624,-0.25369806537447676,1.0,-0.5242502539462615,0.7352218396007779,-0.5393552015758428,-0.16607493053741584
Cr1sTi,HN_3_H,0.0,5.0,0.0,0.0,0.0,7.0,0.0,9.0,0.0,7.0,0.0,0.0,-0.6879615527752581,0.6862408925153136,-0.13605944913993478,-1.0,-0.3719887693904902,0.8514070968405291,-0.2941610892969299,1.0,-0.5907859430146162,0.7123314156416172,-0.7325411674997241,-0.2224988832533873
F5tXL,HN_3_H,2.0,0.0,0.0,1.0,0.0,0.0,1.0,5.0,0.0,0.0,2.0,0.0,-0.4004942256291293,-0.08282386761174355,-0.17118410643979615,-0.7216883873070481,-0.5143940725964146,-0.11615598937188176,-0.3797942856084881,1.0,-0.6176770033407145,-0.41309919493227965,-0.2945112892397467,-0.2452527516593273
F8mDn,HN_3_H,2.0,1.0,0.0,3.0,6.0,1.0,2.0,7.0,2.0,6.0,5.0,2.0,-0.5333590863972659,-0.04068416016467541,-0.08849827409627128,-0.41972293795717763,0.16422371438558417,-0.07565431769273244,-0.3917034492730192,0.664448765802343,-0.45835087100514954,0.5273850594260676,0.054814642508530804,-0.06970965104702088
LR96S,HN_3_H,0.0,0.0,0.0,0.0,7.0,0.0,5.0,4.0,0.0,0.0,0.0,0.0,-0.35385400411870543,-0.21925679295434333,-0.04986565884130028,-0.8411393554825851,0.29644806590706463,-0.29043181669347823,0.2222782218466086,0.27560878730609417,-0.9116975452908611,-0.4709973854054444,-1.0,-0.5705857481688827
PPjCX,HN_3_H,2.0,1.0,0.0,3.0,5.0,1.0,2.0,6.0,4.0,1.0,4.0,1.0,-0.3113521701928325,0.1707943896877631,-0.1481821009617879,-0.5896345427502545,0.05523460625243626,0.025387749978583566,0.18063745699873812,1.0,-0.11469842030750937,-0.06717849205859719,-0.19489319326808052,-0.027984450633977344
VckNZ,HN_3_H,0.0,0.0,0.0,0.0,0.0,0.0,0.0,9.0,0.0,0.0,0.0,0.0,-0.49157490933039116,-0.08591966284967689,-0.3489783530629978,-0.27708597230618337,-0.12513736864351196,-0.09747873291556744,-0.4382259555215713,1.0,-0.5519170368410987,-0.12487886568620901,-0.4667350592632246,-0.07787279414701898
hMHEK1,HN_3_H,5.0,3.0,0.0,4.0,7.0,2.0,7.0,4.0,4.0,2.0,6.0,2.0,0.2564464741970328,0.1650455932897756,-0.1510117640040368,0.06375409093884468,0.20722425015338192,0.04825731639597436,0.6037770693942769,0.38876124207153434,-0.0054885460531847,-0.1270494874980014,0.17341465974220371,-0.21805543808820255
wohkw,HN_3_H,5.0,0.0,0.0,4.0,4.0,0.0,5.0,1.0,4.0,0.0,5.0,0.0,0.21840993146456966,-0.06623446689168404,-0.1459841590309054,-0.3151420546881688,-0.3553712804812391,-0.07740962852699611,0.32993470257065316,0.0811521675024903,-0.13440716779747824,-0.11678005923866017,-0.09145871021683365,-0.18476185373261517
4FoNM,HN_3_L,0.5714285714285714,0.5714285714285714,1.0,1.7142857142857142,1.1428571428571428,0.7142857142857143,1.1428571428571428,1.2857142857142858,0.2857142857142857,1.4285714285714286,0.8571428571428571,0.0,-0.6942776339895893,-0.2978454213493463,-0.7095143477808418,-0.7964034841427687,-0.6748802151762582,-0.27741543315700634,-0.6591121005851819,-0.3594018805151737,-0.7767518389440955,-0.6300642639300859,-0.7466681303914794,-0.6382852369183089
5KB3V,HN_3_L,0.5714285714285714,0.5714285714285714,1.0,1.7142857142857142,1.1428571428571428,0.7142857142857143,1.1428571428571428,1.2857142857142858,0.2857142857142857,1.4285714285714286,0.8571428571428571,0.0,-0.449679235235946,-0.02733878553984433,-0.03460741071190896,-0.3983324735350106,-0.4627925127160077,-0.02764821653610334,-0.29766249268265,-0.030730500344896515,-0.5730201617413856,-0.17121050215163947,-0.5344637016755746,-0.27508983815177773
CoQmx,HN_3_L,0.5714285714285714,0.5714285714285714,1.0,1.7142857142857142,1.1428571428571428,0.7142857142857143,1.1428571428571428,1.2857142857142858,0.2857142857142857,1.4285714285714286,0.8571428571428571,0.0,-0.42167328672666954,-0.0041554735936786625,-0.02867709810138396,-0.041610602496295425,-0.20272877500953773,0.004793616599229492,-0.09449831104120988,0.07969302320194638,-0.4758613569955865,-0.0023744643684837775,-0.39274994428290544,-0.16607493053741584
Cr1sTi,HN_3_L,0.5714285714285714,0.5714285714285714,1.0,1.7142857142857142,1.1428571428571428,0.7142857142857143,1.1428571428571428,1.2857142857142858,0.2857142857142857,1.4285714285714286,0.8571428571428571,0.0,-0.5807893906942894,-0.00851141691506323,0.026234757880055897,-0.38145867644637854,-0.17599037376327734,-0.08260543730471712,0.08324943526650973,0.024940701808200592,-0.5402848019665332,-0.08903106935673487,-0.5675372467854646,-0.2224988832533873
F5tXL,HN_3_L,0.5714285714285714,0.5714285714285714,1.0,1.7142857142857142,1.1428571428571428,0.7142857142857143,1.1428571428571428,1.2857142857142858,0.2857142857142857,1.4285714285714286,0.8571428571428571,0.0,-0.733945231731303,0.0055699174994191785,0.1216119201701529,-0.546005898806329,-0.29805206222549824,0.016719723648580348,-0.35163521855525365,0.18061647843443138,-0.5599028246499748,0.25980518360690114,-0.5410848681425555,-0.2452527516593273
F8mDn,HN_3_L,0.5714285714285714,0.5714285714285714,1.0,1.7142857142857142,1.1428571428571428,0.7142857142857143,1.1428571428571428,1.2857142857142858,0.2857142857142857,1.4285714285714286,0.8571428571428571,0.0,-0.8462895121926264,-0.09643509731635445,0.12920138072298296,-0.6684131074041014,-0.7782431020217936,-0.11407054332461573,-0.5621161165309398,-0.29426904619096284,-0.8154980230880433,-0.19279008811516282,-0.8191746327128233,-0.3753409799175983
LR96S,HN_3_L,0.5714285714285714,0.5714285714285714,1.0,1.7142857142857142,1.1428571428571428,0.7142857142857143,1.1428571428571428,1.2857142857142858,0.2857142857142857,1.4285714285714286,0.8571428571428571,0.0,-0.2678950197302162,-0.14184366324295647,0.06678608102995531,-0.4904461449144737,-0.7883350096478261,-0.18801659314637678,-0.5276677785155903,-0.11763215672774038,-0.8510087343292465,-0.23750573692838972,-0.8112615029367222,-0.5705857481688827
PPjCX,HN_3_L,0.5714285714285714,0.5714285714285714,1.0,1.7142857142857142,1.1428571428571428,0.7142857142857143,1.1428571428571428,1.2857142857142858,0.2857142857142857,1.4285714285714286,0.8571428571428571,0.0,-0.6235788773816021,-0.006892526807716262,0.13886342427865908,-1.0,-0.9272251995687976,-0.021022357165293406,-0.007945985438060221,0.09564126862213243,-0.9838428283127236,0.08527557823548812,-0.9329077661056733,-0.19979243681235795
VckNZ,HN_3_L,0.5714285714285714,0.5714285714285714,1.0,1.7142857142857142,1.1428571428571428,0.7142857142857143,1.1428571428571428,1.2857142857142858,0.2857142857142857,1.4285714285714286,0.8571428571428571,0.0,-0.3968717404840171,0.017501257421720907,-0.19909186938933138,-0.0338315013907199,0.10363727598864822,0.014508892892143526,-0.25559408815375273,-0.026672059163145675,-0.5026498293223337,0.05367333521636386,-0.3270460060000604,-0.07787279414701898
hMHEK1,HN_3_L,0.5714285714285714,0.5714285714285714,1.0,1.7142857142857142,1.1428571428571428,0.7142857142857143,1.1428571428571428,1.2857142857142858,0.2857142857142857,1.4285714285714286,0.8571428571428571,0.0,-0.5667735007991095,-0.17291214275960093,-0.0071352935035321925,-0.3642440389176835,-0.8029021632402641,-0.12655256426598951,-0.5565900845224837,-0.02600791509421018,-0.7524228945498362,-0.21905352729375663,-0.8323693343225425,-0.5660712775419747
wohkw,HN_3_L,0.5714285714285714,0.5714285714285714,1.0,1.7142857142857142,1.1428571428571428,0.7142857142857143,1.1428571428571428,1.2857142857142858,0.2857142857142857,1.4285714285714286,0.8571428571428571,0.0,-0.6469219301282283,0.009925137886293397,0.2996763472588911,-0.8369385844495639,-0.941397389134658,0.05085342248812248,-0.53157782269565,0.11865616066565397,-0.9381719405569627,0.082644951339672,-0.8442500646086001,-0.18476185373261517
4FoNM,LN_7_N,0.0,4.0,2.0,4.0,3.0,1.0,1.0,8.0,1.0,8.0,1.0,9.0,-0.8246066827580193,0.39433880337030514,-0.36761147822467344,-0.1448946333996287,-0.22126682356602156,-0.2273207102881042,-0.6995782493799424,0.823781237710996,-0.6122377797826051,1.0,-0.7117347677836497,1.0
5KB3V,LN_7_N,0.0,0.0,0.0,0.0,0.0,0.0,0.0,3.0,0.0,4.0,0.0,9.0,-0.547962573218044,-0.096988872695088,-0.2070419791638938,-0.851845708195014,-0.7482154420264482,-0.116238580030595,-0.513939574796425,0.19832072195396938,-0.62459459327389,0.22655910235269092,-0.6959861965887929,1.0
CoQmx,LN_7_N,0.0,0.0,0.0,0.0,0.0,0.0,0.0,0.0,0.0,2.0,0.0,0.0,-0.5180579163352573,-0.07223381078647043,-0.15726173536405694,-0.28669545014248254,-0.3776711422836523,-0.08100003714221624,-0.25369806537447676,-0.07369147293106257,-0.5242502539462615,0.07327643860272254,-0.5393552015758428,-0.16607493053741584
Cr1sTi,LN_7_N,0.0,1.0,0.0,0.0,0.0,0.0,0.0,1.0,0.0,9.0,0.0,9.0,-0.6879615527752581,0.05872267754594099,-0.13605944913993478,-1.0,-0.3719887693904902,-0.1887432252757678,-0.2941610892969299,-0.011172605532236434,-0.5907859430146162,1.0,-0.7325411674997241,1.0
F5tXL,LN_7_N,0.0,0.0,0.0,5.0,0.0,0.0,0.0,0.0,0.0,2.0,0.0,8.0,-0.8673256341721725,-0.08282386761174355,-0.17118410643979615,0.26213354829697944,-0.5143940725964146,-0.11615598937188176,-0.5769077549811292,-0.1030162790305732,-0.6176770033407145,0.5289669350225734,-0.7260150523196622,1.0
F8mDn,LN_7_N,0.0,1.0,0.0,0.0,1.0,1.0,0.0,8.0,0.0,6.0,1.0,8.0,-0.9714616825107706,-0.04068416016467541,-0.08849827409627128,-1.0,-0.8059627142690693,-0.07565431769273244,-0.7893330062081675,0.8322243829011715,-0.8750225484351922,0.5273850594260676,-0.7890370714982938,0.8471843355647113
LR96S,LN_7_N,1.0,0.0,0.0,0.0,9.0,2.0,0.0,5.0,0.0,2.0,0.0,9.0,-0.20342578143884926,-0.21925679295434333,-0.04986565884130028,-0.8411393554825851,0.6668617990233688,-0.003669190761594197,-0.7498740008451307,0.42048702984487535,-0.9116975452908611,-0.14410907753756785,-1.0,1.0
PPjCX,LN_7_P,0.0,0.0,0.0,4.0,4.0,0.0,0.0,0.0,4.0,2.0,3.0,2.0,-0.74846956025711,-0.24380841546835536,-0.1481821009617879,-0.27046140933378576,-0.1994771952567725,-0.13704762502498585,-0.2593905753537913,-0.15100202175364966,-0.11469842030750937,0.28854767196093517,-0.42971601189822367,0.14382353554440325
VckNZ,LN_7_N,0.0,0.0,0.0,0.0,0.0,0.0,0.0,0.0,0.0,0.0,0.0,9.0,-0.49157490933039116,-0.08591966284967689,-0.3489783530629978,-0.27708597230618337,-0.12513736864351196,-0.09747873291556744,-0.4382259555215713,-0.19778406902366996,-0.5519170368410987,-0.12487886568620901,-0.4667350592632246,1.0
hMHEK1,LN_7_N,0.0,0.0,0.0,1.0,6.0,0.0,0.0,3.0,0.0,0.0,0.0,8.0,-0.6729954330566763,-0.2524316100653366,-0.1510117640040368,-0.4979934544978485,0.034763642988613064,-0.22366916463374725,-0.7830031877257541,0.23595155258941794,-0.8098793828957325,-0.4490636267831447,-1.0,0.8259920802731139
wohkw,LN_7_N,0.0,1.0,0.0,1.0,1.0,0.0,1.0,0.0,0.0,0.0,1.0,9.0,-0.7585776542047183,0.06704484146977646,-0.1459841590309054,-1.0,-0.9706986945673289,-0.07740962852699611,-0.5634856940018094,-0.050111808568582536,-1.0,-0.11678005923866017,-0.8182917420433667,1.0
4FoNM,LN_7_P,2.3333333333333335,0.0,2.3333333333333335,4.333333333333333,5.0,1.3333333333333333,0.6666666666666666,0.6666666666666666,2.6666666666666665,1.6666666666666667,3.0,2.6666666666666665,-0.2924297336202637,-0.41320945880262144,-0.25364385503928394,-0.0498829259995875,0.26723990586038704,-0.1688768669410516,-0.7939992632343837,-0.46848968574169997,-0.22837164173912775,-0.5710039645123292,-0.22266769127403555,-0.15286738894251364
5KB3V,LN_7_P,2.3333333333333335,0.0,2.3333333333333335,4.333333333333333,5.0,1.3333333333333333,0.6666666666666666,0.6666666666666666,2.6666666666666665,1.6666666666666667,3.0,2.6666666666666665,-0.14663894312447698,-0.096988872695088,0.19530534722407084,0.29453496830666126,0.5005098737067291,0.04913009849245609,-0.3877779435633896,-0.11344344173059812,-0.14323323230384855,-0.13437998321605332,-0.1306574643925286,0.10271455833763789
CoQmx,LN_7_P,2.3333333333333335,0.0,2.3333333333333335,4.333333333333333,5.0,1.3333333333333333,0.6666666666666666,0.6666666666666666,2.6666666666666665,1.6666666666666667,3.0,2.6666666666666665,-0.12448734543352391,-0.07223381078647043,0.14276908491551338,0.33282458140760157,0.387701714540599,0.07914811650848244,-0.16083154201340444,0.0058412287675346525,-0.07262054907329515,0.0291467452028522,-0.026236801050561934,0.17942875258478141
Cr1sTi,LN_7_P,2.3333333333333335,0.0,2.3333333333333335,4.333333333333333,5.0,1.3333333333333333,0.6666666666666666,0.6666666666666666,2.6666666666666665,1.6666666666666667,3.0,2.6666666666666665,-0.25034189094463555,-0.09815687619640218,0.24262703390671017,0.5635350123160986,0.4855042114785661,0.009380645603526801,-0.0740049499682568,-0.05330479742941296,-0.11944195989917436,-0.054784809314070246,-0.15502744499981602,0.13972300808094967
F5tXL,LN_7_P,2.3333333333333335,0.0,2.3333333333333335,4.333333333333333,5.0,1.3333333333333333,0.6666666666666666,0.6666666666666666,2.6666666666666665,1.6666666666666667,3.0,2.6666666666666665,-0.3226889908719554,-0.08282386761174355,0.5120066223167516,0.09816322569630812,0.4321022227763445,0.13187867493298083,-0.4454987753993685,0.04405255817350322,-0.07845133556047638,0.3719559133634313,-0.07875940769978891,0.16983149889378177
F8mDn,LN_7_P,2.3333333333333335,0.0,2.3333333333333335,4.333333333333333,5.0,1.3333333333333333,0.6666666666666666,0.6666666666666666,2.6666666666666665,1.6666666666666667,3.0,2.6666666666666665,-0.46034198704501517,-0.17076968018525984,0.41946758714865534,-0.16182202149370106,-0.029813571345346516,-0.03083538778886859,-0.6567898205631181,-0.39813014249023765,-0.31946031186180196,-0.1552809658473904,-0.36711121449488154,0.032167458576504895
LR96S,LN_7_P,2.3333333333333335,0.0,2.3333333333333335,4.333333333333333,5.0,1.3333333333333333,0.6666666666666666,0.6666666666666666,2.6666666666666665,1.6666666666666667,3.0,2.6666666666666665,-0.002854817865707719,-0.21925679295434333,0.22232173419162943,0.04533514900902986,-0.07396566720923956,-0.09925673273888888,-0.6202537044862322,-0.2073186878231764,-0.3452686429824578,-0.19859046218221393,-0.33941526027852764,-0.10522700797069531
PPjCX,LN_7_N,0.26666666666666666,1.0,0.7333333333333333,2.033333333333333,1.5,0.6666666666666666,0.25,1.8333333333333333,0.21666666666666667,3.5166666666666666,0.6666666666666666,6.983333333333333,-0.690187241581873,0.1707943896877631,0.06231795088120653,-0.8981685717195077,-0.8362566990297944,-0.02875737502260624,-0.20438707130972514,0.2006930404488544,-1.0,0.8280656873905593,-0.9776359220352243,1.0
VckNZ,LN_7_P,2.3333333333333335,0.0,2.3333333333333335,4.333333333333333,5.0,1.3333333333333333,0.6666666666666666,0.6666666666666666,2.6666666666666665,1.6666666666666667,3.0,2.6666666666666665,-0.10487030320769715,-0.08591966284967689,0.0007567755088905507,0.33780727361901597,0.8757517016221891,0.11156483525882635,-0.33169069955701047,-0.1090593231700648,-0.09208976666595839,0.08343203536679268,0.022176627157850244,0.24149692263728292
hMHEK1,LN_7_P,2.3333333333333335,0.0,2.3333333333333335,4.333333333333333,5.0,1.3333333333333333,0.6666666666666666,0.6666666666666666,2.6666666666666665,1.6666666666666667,3.0,2.6666666666666665,-0.2392558763382787,-0.2524316100653366,0.1847000004971406,0.12617048487625496,-0.1376969641761558,-0.04238484394726618,-0.6509288775238463,-0.12060438953552037,-0.27361882500070067,-0.18071851071219194,-0.41329267012889814,-0.10205015827027851
wohkw,LN_7_P,2.3333333333333335,0.0,2.3333333333333335,4.333333333333333,5.0,1.3333333333333333,0.6666666666666666,0.6666666666666666,2.6666666666666665,1.6666666666666667,3.0,2.6666666666666665,-0.30265011422571725,-0.06623446689168404,0.8938903556452865,-0.23904672743129873,-0.15026214245254252,0.16201473336789193,-0.6379373937161813,0.037397508812132677,-0.42293811186498553,0.11588245310272736,-0.4548752261301002,0.166278695521493
6GSd4,HN_1,0.0,1.0,0.0,1.0,0.0,3.0,0.0,2.0,0.0,5.0,1.0,1.0,-0.7181395054301365,0.46299244966381153,-0.2238747560022263,-1.0,-0.9979605051730835,0.7213792585381112,-0.9860520518310216,1.0,-0.8256716828604324,1.0,-0.7553869827581116,0.2927579531480659
6GSd4,HN_4,2.0,0.0,0.0,3.0,1.0,1.0,1.0,0.0,1.0,1.0,2.0,1.0,-0.28860462907260237,-0.074015100672377,-0.2238747560022263,-0.4385323022997991,-0.7482154420264481,0.16413777561433385,-0.6550433765258514,-0.11106221242419442,-0.5974627225028784,-0.002271684959775408,-0.510773965516223,0.2927579531480659
6GSd4,HN_5,5.0,1.0,0.0,6.0,5.0,2.0,4.0,0.0,4.0,5.0,3.0,2.0,0.35569768546369884,0.46299244966381153,-0.2238747560022263,0.40366924425050227,0.25076481056009375,0.44275851707622255,0.33798264938965944,-0.11106221242419442,0.08716415856978381,1.0,-0.26616094827433456,0.7171031812592265
6GSd4,HN_6,2.0,0.0,0.0,5.0,3.0,0.0,2.0,0.0,2.0,3.0,3.0,2.0,-0.28860462907260237,-0.074015100672377,-0.2238747560022263,0.1229353954004018,-0.24872531573317716,-0.11448296584755488,-0.3240347012206811,-0.11106221242419442,-0.3692537621453243,0.4988641575201123,-0.26616094827433456,0.7171031812592265
6GSd4,HN_7,1.0,0.0,1.0,4.0,3.0,0.0,2.0,0.0,2.0,1.0,2.0,0.0,-0.5033720672513694,-0.074015100672377,0.20958088674856218,-0.15779845344969864,-0.24872531573317716,-0.11448296584755488,-0.3240347012206811,-0.11106221242419442,-0.3692537621453243,-0.002271684959775408,-0.510773965516223,-0.1315872749630946
6GSd4,HN_8,1.0,0.0,1.0,4.0,1.0,0.0,1.0,0.0,1.0,1.0,2.0,0.0,-0.5033720672513694,-0.074015100672377,0.20958088674856218,-0.15779845344969864,-0.7482154420264481,-0.11448296584755488,-0.6550433765258514,-0.11106221242419442,-0.5974627225028784,-0.002271684959775408,-0.510773965516223,-0.1315872749630946
6GSd4,HP_2,4.0,0.0,1.0,6.0,4.0,0.0,4.0,0.0,4.0,0.0,5.0,0.0,0.14093024728493178,-0.074015100672377,0.20958088674856218,0.40366924425050227,0.0010197474134582963,-0.11448296584755488,0.33798264938965944,-0.11106221242419442,0.08716415856978381,-0.2528396061997193,0.22306508620944238,-0.1315872749630946
6GSd4,HP_4,7.0,0.0,0.0,6.0,6.0,0.0,5.0,0.0,7.0,0.0,6.0,0.0,0.7852325618212329,-0.074015100672377,-0.2238747560022263,0.40366924425050227,0.5005098737067292,-0.11448296584755488,0.6689913246948297,-0.11106221242419442,0.771791039642446,-0.2528396061997193,0.4676781034513309,-0.1315872749630946
6GSd4,HP_5,3.0,0.0,0.0,6.0,4.0,0.0,2.0,0.0,2.0,1.0,4.0,0.0,-0.0738371908938353,-0.074015100672377,-0.2238747560022263,0.40366924425050227,0.0010197474134582963,-0.11448296584755488,-0.3240347012206811,-0.11106221242419442,-0.3692537621453243,-0.002271684959775408,-0.021547931032446094,-0.1315872749630946
6GSd4,HP_6,7.0,0.0,0.0,5.0,6.0,0.0,6.0,0.0,7.0,0.0,6.0,0.0,0.7852325618212329,-0.074015100672377,-0.2238747560022263,0.1229353954004018,0.5005098737067292,-0.11448296584755488,1.0,-0.11106221242419442,0.771791039642446,-0.2528396061997193,0.4676781034513309,-0.1315872749630946
6GSd4,HP_8,3.0,0.0,0.0,6.0,5.0,0.0,3.0,0.0,5.0,1.0,5.0,0.0,-0.0738371908938353,-0.074015100672377,-0.2238747560022263,0.40366924425050227,0.25076481056009375,-0.11448296584755488,0.006973974084489169,-0.11106221242419442,0.3153731189273379,-0.002271684959775408,0.22306508620944238,-0.1315872749630946
6GSd4,LN_1,1.0,0.0,1.0,6.0,5.0,0.0,2.0,0.0,3.0,1.0,4.0,0.0,-0.5033720672513694,-0.074015100672377,0.20958088674856218,0.40366924425050227,0.25076481056009375,-0.11448296584755488,-0.3240347012206811,-0.11106221242419442,-0.14104480178777024,-0.002271684959775408,-0.021547931032446094,-0.1315872749630946
6GSd4,LN_2,0.0,0.0,0.0,3.0,1.0,0.0,1.0,0.0,1.0,0.0,2.0,1.0,-0.7181395054301365,-0.074015100672377,-0.2238747560022263,-0.4385323022997991,-0.7482154420264481,-0.11448296584755488,-0.6550433765258514,-0.11106221242419442,-0.5974627225028784,-0.2528396061997193,-0.510773965516223,0.2927579531480659
6GSd4,LN_3,0.0,2.0,0.0,3.0,2.0,4.0,0.0,0.0,0.0,5.0,0.0,0.0,-0.7181395054301365,1.0,-0.2238747560022263,-0.4385323022997991,-0.4984703788798126,1.0,-0.9860520518310216,-0.11106221242419442,-0.8256716828604324,1.0,-1.0,-0.1315872749630946
6GSd4,LN_4,1.0,0.0,0.0,4.0,2.0,0.0,1.0,0.0,2.0,0.0,4.0,0.0,-0.5033720672513694,-0.074015100672377,-0.2238747560022263,-0.15779845344969864,-0.4984703788798126,-0.11448296584755488,-0.6550433765258514,-0.11106221242419442,-0.3692537621453243,-0.2528396061997193,-0.021547931032446094,-0.1315872749630946
6GSd4,LN_5,3.0,0.0,1.0,5.0,4.0,0.0,2.0,0.0,1.0,0.0,3.0,0.0,-0.0738371908938353,-0.074015100672377,0.20958088674856218,0.1229353954004018,0.0010197474134582963,-0.11448296584755488,-0.3240347012206811,-0.11106221242419442,-0.5974627225028784,-0.2528396061997193,-0.26616094827433456,-0.1315872749630946
6GSd4,LN_6,1.0,0.0,1.0,6.0,5.0,0.0,2.0,0.0,3.0,1.0,4.0,0.0,-0.5033720672513694,-0.074015100672377,0.20958088674856218,0.40366924425050227,0.25076481056009375,-0.11448296584755488,-0.3240347012206811,-0.11106221242419442,-0.14104480178777024,-0.002271684959775408,-0.021547931032446094,-0.1315872749630946
6GSd4,LN_8,3.0,0.0,0.0,6.0,4.0,0.0,4.0,0.0,5.0,2.0,4.0,1.0,-0.0738371908938353,-0.074015100672377,-0.2238747560022263,0.40366924425050227,0.0010197474134582963,-0.11448296584755488,0.33798264938965944,-0.11106221242419442,0.3153731189273379,0.24829623628016845,-0.021547931032446094,0.2927579531480659
6GSd4,LP_1,8.0,0.0,0.0,5.0,6.0,0.0,6.0,0.0,7.0,0.0,7.0,0.0,1.0,-0.074015100672377,-0.2238747560022263,0.1229353954004018,0.5005098737067292,-0.11448296584755488,1.0,-0.11106221242419442,0.771791039642446,-0.2528396061997193,0.7122911206932193,-0.1315872749630946
6GSd4,LP_2,5.0,0.0,0.0,5.0,5.0,0.0,4.0,0.0,6.0,0.0,5.0,0.0,0.35569768546369884,-0.074015100672377,-0.2238747560022263,0.1229353954004018,0.25076481056009375,-0.11448296584755488,0.33798264938965944,-0.11106221242419442,0.5435820792848919,-0.2528396061997193,0.22306508620944238,-0.1315872749630946
6GSd4,LP_3,6.0,0.0,0.0,5.0,7.0,0.0,4.0,0.0,6.0,1.0,6.0,0.0,0.5704651236424659,-0.074015100672377,-0.2238747560022263,0.1229353954004018,0.7502549368533646,-0.11448296584755488,0.33798264938965944,-0.11106221242419442,0.5435820792848919,-0.002271684959775408,0.4676781034513309,-0.1315872749630946
6GSd4,LP_4,8.0,0.0,0.0,6.0,8.0,0.0,6.0,0.0,8.0,0.0,7.0,0.0,1.0,-0.074015100672377,-0.2238747560022263,0.40366924425050227,1.0,-0.11448296584755488,1.0,-0.11106221242419442,1.0,-0.2528396061997193,0.7122911206932193,-0.1315872749630946
6GSd4,LP_5,5.0,0.0,0.0,5.0,6.0,0.0,3.0,0.0,6.0,0.0,6.0,0.0,0.35569768546369884,-0.074015100672377,-0.2238747560022263,0.1229353954004018,0.5005098737067292,-0.11448296584755488,0.006973974084489169,-0.11106221242419442,0.5435820792848919,-0.2528396061997193,0.4676781034513309,-0.1315872749630946
6GSd4,LP_6,2.0,0.0,1.0,6.0,4.0,0.0,3.0,0.0,2.0,0.0,4.0,0.0,-0.28860462907260237,-0.074015100672377,0.20958088674856218,0.40366924425050227,0.0010197474134582963,-0.11448296584755488,0.006973974084489169,-0.11106221242419442,-0.3692537621453243,-0.2528396061997193,-0.021547931032446094,-0.1315872749630946
6GSd4,LP_7,2.0,0.0,1.0,4.0,3.0,1.0,2.0,0.0,3.0,2.0,3.0,0.0,-0.28860462907260237,-0.074015100672377,0.20958088674856218,-0.15779845344969864,-0.24872531573317716,0.16413777561433385,-0.3240347012206811,-0.11106221242419442,-0.14104480178777024,0.24829623628016845,-0.26616094827433456,-0.1315872749630946
6GSd4,LP_8,0.0,0.0,0.0,4.0,4.0,0.0,4.0,0.0,5.0,0.0,6.0,0.0,-0.7181395054301365,-0.074015100672377,-0.2238747560022263,-0.15779845344969864,0.0010197474134582963,-0.11448296584755488,0.33798264938965944,-0.11106221242419442,0.3153731189273379,-0.2528396061997193,0.4676781034513309,-0.1315872749630946
8vDRG,HN_1,0.0,9.0,0.0,0.0,0.0,9.0,0.0,9.0,0.0,9.0,0.0,4.0,-0.36363814923692356,1.0,-0.1523564028669082,-0.6094155295477985,-0.47578959067136656,1.0,-0.25732910709459256,1.0,-0.39067470609839344,1.0,-0.7987858778864347,0.280649478642402
8vDRG,HN_4,0.0,9.0,0.0,0.0,0.0,0.0,0.0,9.0,0.0,9.0,0.0,9.0,-0.36363814923692356,1.0,-0.1523564028669082,-0.6094155295477985,-0.47578959067136656,-0.14660243112921068,-0.25732910709459256,1.0,-0.39067470609839344,1.0,-0.7987858778864347,1.0
8vDRG,HN_5,0.0,9.0,0.0,0.0,0.0,0.0,0.0,9.0,0.0,9.0,0.0,0.0,-0.36363814923692356,1.0,-0.1523564028669082,-0.6094155295477985,-0.47578959067136656,-0.14660243112921068,-0.25732910709459256,1.0,-0.39067470609839344,1.0,-0.7987858778864347,-0.29483093844367636
8vDRG,HN_6,0.0,3.0,0.0,0.0,0.0,9.0,0.0,9.0,0.0,9.0,0.0,3.0,-0.36363814923692356,0.20183154937251027,-0.1523564028669082,-0.6094155295477985,-0.47578959067136656,1.0,-0.25732910709459256,1.0,-0.39067470609839344,1.0,-0.7987858778864347,0.1367793743708824
8vDRG,HN_7,0.0,9.0,0.0,0.0,0.0,0.0,0.0,9.0,0.0,9.0,0.0,0.0,-0.36363814923692356,1.0,-0.1523564028669082,-0.6094155295477985,-0.47578959067136656,-0.14660243112921068,-0.25732910709459256,1.0,-0.39067470609839344,1.0,-0.7987858778864347,-0.29483093844367636
8vDRG,HN_8,0.0,9.0,0.0,0.0,0.0,0.0,0.0,0.0,0.0,9.0,0.0,9.0,-0.36363814923692356,1.0,-0.1523564028669082,-0.6094155295477985,-0.47578959067136656,-0.14660243112921068,-0.25732910709459256,-0.2424845248486332,-0.39067470609839344,1.0,-0.7987858778864347,1.0
8vDRG,HP_2,9.0,0.0,0.0,0.0,9.0,0.0,7.0,0.0,9.0,0.0,9.0,0.0,1.0,-0.1972526759412346,-0.1523564028669082,-0.6094155295477985,1.0,-0.14660243112921068,0.842833861613176,-0.2424845248486332,1.0,-0.5931151927100434,1.0,-0.29483093844367636
8vDRG,HP_4,0.0,0.0,0.0,9.0,0.0,0.0,0.0,0.0,0.0,0.0,9.0,0.0,-0.36363814923692356,-0.1972526759412346,-0.1523564028669082,1.0,-0.47578959067136656,-0.14660243112921068,-0.25732910709459256,-0.2424845248486332,-0.39067470609839344,-0.5931151927100434,1.0,-0.29483093844367636
8vDRG,HP_5,9.0,0.0,0.0,5.0,5.0,0.0,7.0,0.0,8.0,0.0,9.0,0.0,1.0,-0.1972526759412346,-0.1523564028669082,0.2847042090898673,0.34409351525717047,-0.14660243112921068,0.842833861613176,-0.2424845248486332,0.8454805882112896,-0.5931151927100434,1.0,-0.29483093844367636
8vDRG,HP_6,0.0,0.0,0.0,9.0,0.0,0.0,0.0,0.0,0.0,0.0,3.0,0.0,-0.36363814923692356,-0.1972526759412346,-0.1523564028669082,1.0,-0.47578959067136656,-0.14660243112921068,-0.25732910709459256,-0.2424845248486332,-0.39067470609839344,-0.5931151927100434,-0.19919058525762318,-0.29483093844367636
8vDRG,HP_8,0.0,0.0,0.0,9.0,0.0,0.0,0.0,0.0,0.0,0.0,9.0,0.0,-0.36363814923692356,-0.1972526759412346,-0.1523564028669082,1.0,-0.47578959067136656,-0.14660243112921068,-0.25732910709459256,-0.2424845248486332,-0.39067470609839344,-0.5931151927100434,1.0,-0.29483093844367636
8vDRG,LN_1,0.0,0.0,0.0,0.0,0.0,0.0,0.0,0.0,0.0,0.0,0.0,0.0,-0.36363814923692356,-0.1972526759412346,-0.1523564028669082,-0.6094155295477985,-0.47578959067136656,-0.14660243112921068,-0.25732910709459256,-0.2424845248486332,-0.39067470609839344,-0.5931151927100434,-0.7987858778864347,-0.29483093844367636
8vDRG,LN_2,0.0,0.0,9.0,7.0,0.0,0.0,0.0,0.0,0.0,2.0,0.0,0.0,-0.36363814923692356,-0.1972526759412346,1.0,0.6423521045449337,-0.47578959067136656,-0.14660243112921068,-0.25732910709459256,-0.2424845248486332,-0.39067470609839344,-0.23908959433003377,-0.7987858778864347,-0.29483093844367636
8vDRG,LN_3,0.0,3.0,0.0,0.0,0.0,3.0,0.0,0.0,0.0,3.0,0.0,3.0,-0.36363814923692356,0.20183154937251027,-0.1523564028669082,-0.6094155295477985,-0.47578959067136656,0.23559837924719287,-0.25732910709459256,-0.2424845248486332,-0.39067470609839344,-0.06207679514002893,-0.7987858778864347,0.1367793743708824
8vDRG,LN_4,0.0,0.0,0.0,0.0,0.0,0.0,0.0,0.0,0.0,9.0,0.0,9.0,-0.36363814923692356,-0.1972526759412346,-0.1523564028669082,-0.6094155295477985,-0.47578959067136656,-0.14660243112921068,-0.25732910709459256,-0.2424845248486332,-0.39067470609839344,1.0,-0.7987858778864347,1.0
8vDRG,LN_5,2.0,0.0,0.0,2.0,2.0,0.0,2.0,0.0,2.0,7.0,5.0,7.0,-0.0606074494064961,-0.1972526759412346,-0.1523564028669082,-0.25176763409273223,-0.14783634829995174,-0.14660243112921068,0.05700316967905559,-0.2424845248486332,-0.0816358825209727,0.6459744016199904,0.2005396098282512,0.7122597914569608
8vDRG,LN_6,0.0,0.0,9.0,0.0,0.0,0.0,0.0,0.0,0.0,9.0,0.0,2.0,-0.36363814923692356,-0.1972526759412346,1.0,-0.6094155295477985,-0.47578959067136656,-0.14660243112921068,-0.25732910709459256,-0.2424845248486332,-0.39067470609839344,1.0,-0.7987858778864347,-0.0070907299006371894
8vDRG,LN_8,0.0,0.0,0.0,0.0,0.0,0.0,0.0,0.0,0.0,9.0,0.0,9.0,-0.36363814923692356,-0.1972526759412346,-0.1523564028669082,-0.6094155295477985,-0.47578959067136656,-0.14660243112921068,-0.25732910709459256,-0.2424845248486332,-0.39067470609839344,1.0,-0.7987858778864347,1.0
8vDRG,LP_1,1.0,0.0,0.0,8.0,4.0,0.0,0.0,0.0,4.0,0.0,9.0,0.0,-0.21212279932170983,-0.1972526759412346,-0.1523564028669082,0.8211760522724668,0.18011689407146306,-0.14660243112921068,-0.25732910709459256,-0.2424845248486332,0.22740294105644807,-0.5931151927100434,1.0,-0.29483093844367636
8vDRG,LP_2,9.0,0.0,0.0,9.0,9.0,0.0,4.0,0.0,9.0,0.0,9.0,0.0,1.0,-0.1972526759412346,-0.1523564028669082,1.0,1.0,-0.14660243112921068,0.3713354464527037,-0.2424845248486332,1.0,-0.5931151927100434,1.0,-0.29483093844367636
8vDRG,LP_3,0.0,0.0,0.0,9.0,9.0,0.0,0.0,0.0,0.0,0.0,8.0,0.0,-0.36363814923692356,-0.1972526759412346,-0.1523564028669082,1.0,1.0,-0.14660243112921068,-0.25732910709459256,-0.2424845248486332,-0.39067470609839344,-0.5931151927100434,0.8001349024570629,-0.29483093844367636
8vDRG,LP_4,9.0,0.0,0.0,9.0,9.0,0.0,0.0,0.0,9.0,0.0,9.0,0.0,1.0,-0.1972526759412346,-0.1523564028669082,1.0,1.0,-0.14660243112921068,-0.25732910709459256,-0.2424845248486332,1.0,-0.5931151927100434,1.0,-0.29483093844367636
8vDRG,LP_5,9.0,0.0,0.0,9.0,9.0,0.0,7.0,0.0,9.0,0.0,9.0,0.0,1.0,-0.1972526759412346,-0.1523564028669082,1.0,1.0,-0.14660243112921068,0.842833861613176,-0.2424845248486332,1.0,-0.5931151927100434,1.0,-0.29483093844367636
8vDRG,LP_6,0.0,0.0,0.0,9.0,9.0,0.0,0.0,0.0,0.0,0.0,4.0,0.0,-0.36363814923692356,-0.1972526759412346,-0.1523564028669082,1.0,1.0,-0.14660243112921068,-0.25732910709459256,-0.2424845248486332,-0.39067470609839344,-0.5931151927100434,0.0006745122853140071,-0.29483093844367636
8vDRG,LP_7,5.0,0.0,0.0,5.0,6.0,0.0,8.0,0.0,9.0,0.0,9.0,6.0,0.3939386003391451,-0.1972526759412346,-0.1523564028669082,0.2847042090898673,0.5080701364428779,-0.14660243112921068,1.0,-0.2424845248486332,1.0,-0.5931151927100434,1.0,0.5683896871854411
8vDRG,LP_8,4.0,0.0,0.0,9.0,9.0,0.0,2.0,0.0,4.0,0.0,9.0,0.0,0.24242325042393137,-0.1972526759412346,-0.1523564028669082,1.0,1.0,-0.14660243112921068,0.05700316967905559,-0.2424845248486332,0.22740294105644807,-0.5931151927100434,1.0,-0.29483093844367636
Fjil72,HN_1,0.0,5.0,0.0,0.0,0.0,7.0,0.0,3.0,0.0,3.0,0.0,5.0,-0.40788732394366195,1.0,-0.11458648909714611,-0.298106248024551,-0.27384128189520696,1.0,-0.16391999257383563,0.3134691359003323,-0.39622242666105506,0.6742544981283971,-0.37137252184309966,0.6468670525114847
Fjil72,HN_4,0.0,2.0,0.0,0.0,0.0,1.0,0.0,6.0,0.0,1.0,0.0,1.0,-0.40788732394366195,0.2995929910078038,-0.11458648909714611,-0.298106248024551,-0.27384128189520696,-0.03454794239681527,-0.16391999257383563,0.8283672839750831,-0.39622242666105506,0.022763494385191436,-0.37137252184309966,-0.059398842465545956
Fjil72,HN_5,0.0,0.0,0.0,0.0,0.0,3.0,0.0,6.0,0.0,2.0,0.0,1.0,-0.40788732394366195,-0.1673450149869936,-0.11458648909714611,-0.298106248024551,-0.27384128189520696,0.31030137173545647,-0.16391999257383563,0.8283672839750831,-0.39622242666105506,0.34850899625679427,-0.37137252184309966,-0.059398842465545956
Fjil72,HN_6,0.0,1.0,0.0,0.0,0.0,3.0,0.0,1.0,0.0,3.0,0.0,4.0,-0.40788732394366195,0.06612398801040509,-0.11458648909714611,-0.298106248024551,-0.27384128189520696,0.31030137173545647,-0.16391999257383563,-0.029796296149501453,-0.39622242666105506,0.6742544981283971,-0.37137252184309966,0.47030057876722703
Fjil72,HN_7,0.0,0.0,0.0,0.0,0.0,0.0,0.0,6.0,0.0,0.0,0.0,0.0,-0.40788732394366195,-0.1673450149869936,-0.11458648909714611,-0.298106248024551,-0.27384128189520696,-0.20697259946295116,-0.16391999257383563,0.8283672839750831,-0.39622242666105506,-0.3029820074864114,-0.37137252184309966,-0.23596531620980363
Fjil72,HN_8,0.0,2.0,0.0,0.0,0.0,3.0,0.0,3.0,0.0,3.0,0.0,2.0,-0.40788732394366195,0.2995929910078038,-0.11458648909714611,-0.298106248024551,-0.27384128189520696,0.31030137173545647,-0.16391999257383563,0.3134691359003323,-0.39622242666105506,0.6742544981283971,-0.37137252184309966,0.11716763127871171
Fjil72,HP_2,6.0,0.0,0.0,1.0,1.0,0.0,2.0,0.0,7.0,0.0,3.0,0.0,0.7988732394366197,-0.1673450149869936,-0.11458648909714611,-0.08175520668712581,-0.01907302551616558,-0.20697259946295116,0.27785985862207274,-0.20142901217441836,1.0,-0.3029820074864114,0.31873752140697625,-0.23596531620980363
Fjil72,HP_4,6.0,0.0,0.0,2.0,1.0,0.0,2.0,0.0,5.0,0.0,2.0,0.0,0.7988732394366197,-0.1673450149869936,-0.11458648909714611,0.13459583465029937,-0.01907302551616558,-0.20697259946295116,0.27785985862207274,-0.20142901217441836,0.60107930666827,-0.3029820074864114,0.08870084032361762,-0.23596531620980363
Fjil72,HP_5,4.0,0.0,0.0,2.0,1.0,0.0,0.0,0.0,2.0,0.0,2.0,0.0,0.39661971830985915,-0.1673450149869936,-0.11458648909714611,0.13459583465029937,-0.01907302551616558,-0.20697259946295116,-0.16391999257383563,-0.20142901217441836,0.002698266670674951,-0.3029820074864114,0.08870084032361762,-0.23596531620980363
Fjil72,HP_6,6.0,0.0,0.0,1.0,1.0,0.0,0.0,0.0,2.0,0.0,2.0,0.0,0.7988732394366197,-0.1673450149869936,-0.11458648909714611,-0.08175520668712581,-0.01907302551616558,-0.20697259946295116,-0.16391999257383563,-0.20142901217441836,0.002698266670674951,-0.3029820074864114,0.08870084032361762,-0.23596531620980363
Fjil72,HP_8,4.0,0.0,0.0,0.0,2.0,0.0,0.0,0.0,3.0,0.0,2.0,0.0,0.39661971830985915,-0.1673450149869936,-0.11458648909714611,-0.298106248024551,0.2356952308628758,-0.20697259946295116,-0.16391999257383563,-0.20142901217441836,0.20215861333653995,-0.3029820074864114,0.08870084032361762,-0.23596531620980363
Fjil72,LN_1,0.0,3.0,4.0,1.0,0.0,6.0,0.0,0.0,0.0,3.0,0.0,0.0,-0.40788732394366195,0.5330619940052025,1.0,-0.08175520668712581,-0.27384128189520696,0.8275753429338641,-0.16391999257383563,-0.20142901217441836,-0.39622242666105506,0.6742544981283971,-0.37137252184309966,-0.23596531620980363
Fjil72,LN_2,0.0,0.0,0.0,1.0,0.0,0.0,0.0,0.0,0.0,0.0,0.0,2.0,-0.40788732394366195,-0.1673450149869936,-0.11458648909714611,-0.08175520668712581,-0.27384128189520696,-0.20697259946295116,-0.16391999257383563,-0.20142901217441836,-0.39622242666105506,-0.3029820074864114,-0.37137252184309966,0.11716763127871171
Fjil72,LN_3,0.0,5.0,0.0,0.0,0.0,5.0,0.0,0.0,0.0,4.0,0.0,5.0,-0.40788732394366195,1.0,-0.11458648909714611,-0.298106248024551,-0.27384128189520696,0.6551506858677283,-0.16391999257383563,-0.20142901217441836,-0.39622242666105506,1.0,-0.37137252184309966,0.6468670525114847
Fjil72,LN_4,0.0,0.0,0.0,1.0,0.0,1.0,0.0,1.0,0.0,1.0,1.0,4.0,-0.40788732394366195,-0.1673450149869936,-0.11458648909714611,-0.08175520668712581,-0.27384128189520696,-0.03454794239681527,-0.16391999257383563,-0.029796296149501453,-0.39622242666105506,0.022763494385191436,-0.141335840759741,0.47030057876722703
Fjil72,LN_5,0.0,0.0,0.0,0.0,0.0,0.0,0.0,0.0,0.0,2.0,0.0,2.0,-0.40788732394366195,-0.1673450149869936,-0.11458648909714611,-0.298106248024551,-0.27384128189520696,-0.20697259946295116,-0.16391999257383563,-0.20142901217441836,-0.39622242666105506,0.34850899625679427,-0.37137252184309966,0.11716763127871171
Fjil72,LN_6,0.0,2.0,0.0,0.0,0.0,1.0,0.0,0.0,0.0,2.0,0.0,6.0,-0.40788732394366195,0.2995929910078038,-0.11458648909714611,-0.298106248024551,-0.27384128189520696,-0.03454794239681527,-0.16391999257383563,-0.20142901217441836,-0.39622242666105506,0.34850899625679427,-0.37137252184309966,0.8234335262557423
Fjil72,LN_8,0.0,1.0,0.0,1.0,0.0,1.0,0.0,0.0,0.0,2.0,0.0,4.0,-0.40788732394366195,0.06612398801040509,-0.11458648909714611,-0.08175520668712581,-0.27384128189520696,-0.03454794239681527,-0.16391999257383563,-0.20142901217441836,-0.39622242666105506,0.34850899625679427,-0.37137252184309966,0.47030057876722703
Fjil72,LP_1,1.0,1.0,0.0,0.0,0.0,1.0,0.0,1.0,1.0,0.0,2.0,1.0,-0.20676056338028168,0.06612398801040509,-0.11458648909714611,-0.298106248024551,-0.27384128189520696,-0.03454794239681527,-0.16391999257383563,-0.029796296149501453,-0.19676207999519005,-0.3029820074864114,0.08870084032361762,-0.059398842465545956
Fjil72,LP_2,3.0,0.0,0.0,2.0,2.0,0.0,4.0,0.0,5.0,0.0,4.0,0.0,0.1954929577464789,-0.1673450149869936,-0.11458648909714611,0.13459583465029937,0.2356952308628758,-0.20697259946295116,0.7196397098179811,-0.20142901217441836,0.60107930666827,-0.3029820074864114,0.5487742024903349,-0.23596531620980363
Fjil72,LP_3,2.0,0.0,0.0,1.0,2.0,0.0,1.0,0.0,4.0,0.0,2.0,1.0,-0.005633802816901388,-0.1673450149869936,-0.11458648909714611,-0.08175520668712581,0.2356952308628758,-0.20697259946295116,0.05696993302411857,-0.20142901217441836,0.401618960002405,-0.3029820074864114,0.08870084032361762,-0.059398842465545956
Fjil72,LP_4,5.0,0.0,0.0,5.0,3.0,0.0,0.0,0.0,4.0,0.0,3.0,0.0,0.5977464788732394,-0.1673450149869936,-0.11458648909714611,0.7836489586625748,0.4904634872419172,-0.20697259946295116,-0.16391999257383563,-0.20142901217441836,0.401618960002405,-0.3029820074864114,0.31873752140697625,-0.23596531620980363
Fjil72,LP_5,3.0,0.0,0.0,3.0,3.0,0.0,2.0,0.0,6.0,0.0,4.0,0.0,0.1954929577464789,-0.1673450149869936,-0.11458648909714611,0.35094687598772456,0.4904634872419172,-0.20697259946295116,0.27785985862207274,-0.20142901217441836,0.800539653334135,-0.3029820074864114,0.5487742024903349,-0.23596531620980363
Fjil72,LP_6,0.0,0.0,0.0,6.0,3.0,0.0,0.0,0.0,1.0,0.0,2.0,0.0,-0.40788732394366195,-0.1673450149869936,-0.11458648909714611,1.0,0.4904634872419172,-0.20697259946295116,-0.16391999257383563,-0.20142901217441836,-0.19676207999519005,-0.3029820074864114,0.08870084032361762,-0.23596531620980363
Fjil72,LP_7,0.0,2.0,0.0,0.0,0.0,1.0,0.0,0.0,5.0,2.0,3.0,2.0,-0.40788732394366195,0.2995929910078038,-0.11458648909714611,-0.298106248024551,-0.27384128189520696,-0.03454794239681527,-0.16391999257383563,-0.20142901217441836,0.60107930666827,0.34850899625679427,0.31873752140697625,0.11716763127871171
Fjil72,LP_8,2.0,0.0,0.0,0.0,0.0,2.0,0.0,2.0,3.0,0.0,2.0,0.0,-0.005633802816901388,-0.1673450149869936,-0.11458648909714611,-0.298106248024551,-0.27384128189520696,0.1378767146693206,-0.16391999257383563,0.14183641987541545,0.20215861333653995,-0.3029820074864114,0.08870084032361762,-0.23596531620980363
Fyt7d,HN_1,0.0,0.0,0.0,0.0,0.0,8.0,0.0,0.0,0.0,6.0,0.0,4.0,-0.3129841406738905,-0.051482793266366345,-0.07019681311629968,-0.19772171288013193,-0.4465076444830106,1.0,-0.13376708936342488,-0.09243394477560511,-0.46578213679707015,0.801266834113231,-0.6714908414103905,0.29542368450154455
Fyt7d,HN_4,0.0,0.0,0.0,0.0,0.0,0.0,0.0,3.0,0.0,6.0,0.0,2.0,-0.3129841406738905,-0.051482793266366345,-0.07019681311629968,-0.19772171288013193,-0.4465076444830106,-0.08332062365510211,-0.13376708936342488,0.3757520315567971,-0.46578213679707015,0.801266834113231,-0.6714908414103905,0.013593158302162366
Fyt7d,HN_5,4.0,0.0,0.0,0.0,0.0,0.0,0.0,0.0,0.0,3.0,0.0,0.0,0.27056436629228303,-0.051482793266366345,-0.07019681311629968,-0.19772171288013193,-0.4465076444830106,-0.08332062365510211,-0.13376708936342488,-0.09243394477560511,-0.46578213679707015,0.2050673364529238,-0.6714908414103905,-0.2682373678972198
Fyt7d,HN_6,0.0,6.0,0.0,0.0,0.0,4.0,0.0,0.0,0.0,6.0,0.0,7.0,-0.3129841406738905,0.7371293016834084,-0.07019681311629968,-0.19772171288013193,-0.4465076444830106,0.45833968817244897,-0.13376708936342488,-0.09243394477560511,-0.46578213679707015,0.801266834113231,-0.6714908414103905,0.7181694738006178
Fyt7d,HN_7,0.0,0.0,0.0,0.0,0.0,0.0,0.0,0.0,0.0,6.0,0.0,0.0,-0.3129841406738905,-0.051482793266366345,-0.07019681311629968,-0.19772171288013193,-0.4465076444830106,-0.08332062365510211,-0.13376708936342488,-0.09243394477560511,-0.46578213679707015,0.801266834113231,-0.6714908414103905,-0.2682373678972198
Fyt7d,HN_8,0.0,0.0,0.0,0.0,0.0,0.0,0.0,0.0,0.0,6.0,0.0,7.0,-0.3129841406738905,-0.051482793266366345,-0.07019681311629968,-0.19772171288013193,-0.4465076444830106,-0.08332062365510211,-0.13376708936342488,-0.09243394477560511,-0.46578213679707015,0.801266834113231,-0.6714908414103905,0.7181694738006178
Fyt7d,HP_2,3.0,0.0,0.0,0.0,5.0,0.0,0.0,0.0,6.0,0.0,6.0,0.0,0.12467723955073966,-0.051482793266366345,-0.07019681311629968,-0.19772171288013193,0.45755963331887106,-0.08332062365510211,-0.13376708936342488,-0.09243394477560511,0.6335544658007325,-0.39113216120738337,0.5821272896474025,-0.2682373678972198
Fyt7d,HP_4,3.0,0.0,0.0,0.0,4.0,0.0,0.0,0.0,5.0,0.0,6.0,0.0,0.12467723955073966,-0.051482793266366345,-0.07019681311629968,-0.19772171288013193,0.27674617775849475,-0.08332062365510211,-0.13376708936342488,-0.09243394477560511,0.45033169870109874,-0.39113216120738337,0.5821272896474025,-0.2682373678972198
Fyt7d,HP_5,8.0,0.0,0.0,0.0,5.0,0.0,0.0,0.0,0.0,0.0,6.0,0.0,0.8541128732584566,-0.051482793266366345,-0.07019681311629968,-0.19772171288013193,0.45755963331887106,-0.08332062365510211,-0.13376708936342488,-0.09243394477560511,-0.46578213679707015,-0.39113216120738337,0.5821272896474025,-0.2682373678972198
Fyt7d,HP_6,8.0,0.0,0.0,0.0,7.0,0.0,8.0,0.0,7.0,0.0,8.0,0.0,0.8541128732584566,-0.051482793266366345,-0.07019681311629968,-0.19772171288013193,0.8191865444396237,-0.08332062365510211,1.0,-0.09243394477560511,0.8167772329003662,-0.39113216120738337,1.0,-0.2682373678972198
Fyt7d,HP_8,7.0,0.0,0.0,0.0,0.0,0.0,0.0,0.0,0.0,0.0,6.0,0.0,0.7082257465169132,-0.051482793266366345,-0.07019681311629968,-0.19772171288013193,-0.4465076444830106,-0.08332062365510211,-0.13376708936342488,-0.09243394477560511,-0.46578213679707015,-0.39113216120738337,0.5821272896474025,-0.2682373678972198
Fyt7d,LN_1,0.0,0.0,7.0,0.0,0.0,0.0,0.0,0.0,0.0,0.0,0.0,0.0,-0.3129841406738905,-0.051482793266366345,1.0,-0.19772171288013193,-0.4465076444830106,-0.08332062365510211,-0.13376708936342488,-0.09243394477560511,-0.46578213679707015,-0.39113216120738337,-0.6714908414103905,-0.2682373678972198
Fyt7d,LN_2,0.0,0.0,0.0,0.0,0.0,0.0,0.0,0.0,0.0,7.0,0.0,7.0,-0.3129841406738905,-0.051482793266366345,-0.07019681311629968,-0.19772171288013193,-0.4465076444830106,-0.08332062365510211,-0.13376708936342488,-0.09243394477560511,-0.46578213679707015,1.0,-0.6714908414103905,0.7181694738006178
Fyt7d,LN_3,0.0,8.0,0.0,0.0,0.0,7.0,0.0,0.0,0.0,4.0,0.0,7.0,-0.3129841406738905,1.0,-0.07019681311629968,-0.19772171288013193,-0.4465076444830106,0.8645849220431122,-0.13376708936342488,-0.09243394477560511,-0.46578213679707015,0.40380050233969284,-0.6714908414103905,0.7181694738006178
Fyt7d,LN_4,0.0,0.0,0.0,0.0,0.0,0.0,0.0,0.0,0.0,0.0,0.0,7.0,-0.3129841406738905,-0.051482793266366345,-0.07019681311629968,-0.19772171288013193,-0.4465076444830106,-0.08332062365510211,-0.13376708936342488,-0.09243394477560511,-0.46578213679707015,-0.39113216120738337,-0.6714908414103905,0.7181694738006178
Fyt7d,LN_5,0.0,0.0,0.0,0.0,0.0,0.0,0.0,0.0,0.0,0.0,0.0,4.0,-0.3129841406738905,-0.051482793266366345,-0.07019681311629968,-0.19772171288013193,-0.4465076444830106,-0.08332062365510211,-0.13376708936342488,-0.09243394477560511,-0.46578213679707015,-0.39113216120738337,-0.6714908414103905,0.29542368450154455
Fyt7d,LN_6,0.0,0.0,0.0,0.0,0.0,0.0,0.0,3.0,0.0,5.0,0.0,8.0,-0.3129841406738905,-0.051482793266366345,-0.07019681311629968,-0.19772171288013193,-0.4465076444830106,-0.08332062365510211,-0.13376708936342488,0.3757520315567971,-0.46578213679707015,0.6025336682264619,-0.6714908414103905,0.859084736900309
Fyt7d,LN_8,0.0,0.0,0.0,0.0,0.0,0.0,0.0,0.0,0.0,5.0,0.0,7.0,-0.3129841406738905,-0.051482793266366345,-0.07019681311629968,-0.19772171288013193,-0.4465076444830106,-0.08332062365510211,-0.13376708936342488,-0.09243394477560511,-0.46578213679707015,0.6025336682264619,-0.6714908414103905,0.7181694738006178
Fyt7d,LP_1,0.0,0.0,0.0,5.0,7.0,0.0,0.0,0.0,8.0,0.0,8.0,0.0,-0.3129841406738905,-0.051482793266366345,-0.07019681311629968,0.4676792387199414,0.8191865444396237,-0.08332062365510211,-0.13376708936342488,-0.09243394477560511,1.0,-0.39113216120738337,1.0,-0.2682373678972198
Fyt7d,LP_2,0.0,0.0,0.0,6.0,6.0,0.0,0.0,0.0,7.0,0.0,6.0,0.0,-0.3129841406738905,-0.051482793266366345,-0.07019681311629968,0.600759429039956,0.6383730888792474,-0.08332062365510211,-0.13376708936342488,-0.09243394477560511,0.8167772329003662,-0.39113216120738337,0.5821272896474025,-0.2682373678972198
Fyt7d,LP_3,0.0,0.0,0.0,0.0,5.0,0.0,0.0,0.0,6.0,0.0,6.0,0.0,-0.3129841406738905,-0.051482793266366345,-0.07019681311629968,-0.19772171288013193,0.45755963331887106,-0.08332062365510211,-0.13376708936342488,-0.09243394477560511,0.6335544658007325,-0.39113216120738337,0.5821272896474025,-0.2682373678972198
Fyt7d,LP_4,3.0,0.0,0.0,5.0,5.0,0.0,0.0,0.0,6.0,0.0,6.0,0.0,0.12467723955073966,-0.051482793266366345,-0.07019681311629968,0.4676792387199414,0.45755963331887106,-0.08332062365510211,-0.13376708936342488,-0.09243394477560511,0.6335544658007325,-0.39113216120738337,0.5821272896474025,-0.2682373678972198
Fyt7d,LP_5,0.0,0.0,0.0,5.0,7.0,0.0,6.0,0.0,7.0,0.0,6.0,0.0,-0.3129841406738905,-0.051482793266366345,-0.07019681311629968,0.4676792387199414,0.8191865444396237,-0.08332062365510211,0.7165582276591438,-0.09243394477560511,0.8167772329003662,-0.39113216120738337,0.5821272896474025,-0.2682373678972198
Fyt7d,LP_6,3.0,0.0,0.0,9.0,4.0,0.0,0.0,0.0,5.0,0.0,7.0,0.0,0.12467723955073966,-0.051482793266366345,-0.07019681311629968,1.0,0.27674617775849475,-0.08332062365510211,-0.13376708936342488,-0.09243394477560511,0.45033169870109874,-0.39113216120738337,0.7910636448237013,-0.2682373678972198
Fyt7d,LP_7,0.0,0.0,0.0,0.0,5.0,0.0,0.0,0.0,6.0,0.0,7.0,0.0,-0.3129841406738905,-0.051482793266366345,-0.07019681311629968,-0.19772171288013193,0.45755963331887106,-0.08332062365510211,-0.13376708936342488,-0.09243394477560511,0.6335544658007325,-0.39113216120738337,0.7910636448237013,-0.2682373678972198
Fyt7d,LP_8,7.0,0.0,0.0,4.0,8.0,0.0,7.0,0.0,8.0,0.0,8.0,0.0,0.7082257465169132,-0.051482793266366345,-0.07019681311629968,0.3345990483999267,1.0,-0.08332062365510211,0.8582791138295719,-0.09243394477560511,1.0,-0.39113216120738337,1.0,-0.2682373678972198
G4Egk,HN_1,2.0,5.0,2.0,1.0,1.0,6.0,1.0,6.0,1.0,5.0,2.0,5.0,-0.22958876794498842,0.7831551808035743,-0.5010003961241736,-0.3941118428419776,-0.3670562353160232,0.807414643083706,-0.29043704740556125,0.9920147995610941,-0.41603789087639553,0.38228534238121425,-0.29632791701289396,0.5803288623720596
G4Egk,HN_4,3.0,3.0,5.0,1.0,2.0,5.0,0.0,3.0,0.0,6.0,0.0,3.0,-0.05393322966713294,0.3494655424107226,0.247499009689566,-0.3941118428419776,-0.1961742059015203,0.6148292861674122,-0.45174167833125645,0.32125796269299595,-0.593042627235945,0.5367140067859107,-0.6667073218737208,0.16065772474411913
G4Egk,HN_5,7.0,2.0,4.0,4.0,2.0,2.0,3.0,1.0,4.0,3.0,5.0,1.0,0.648688923444289,0.1326207232142968,-0.0020007922483471973,0.128680098223764,-0.1961742059015203,0.037073215418530286,0.032172214445829066,-0.12591326188573615,0.11497631820225279,0.07342801357182135,0.25924119027834625,-0.2590134128838213
G4Egk,HN_6,3.0,2.0,7.0,2.0,1.0,3.0,2.0,1.0,1.0,5.0,2.0,5.0,-0.05393322966713294,0.1326207232142968,0.7464986135653924,-0.2198478624867304,-0.3670562353160232,0.22965857233482423,-0.1291324164798661,-0.12591326188573615,-0.41603789087639553,0.38228534238121425,-0.29632791701289396,0.5803288623720596
G4Egk,HN_7,0.0,0.0,8.0,0.0,0.0,0.0,0.0,0.0,0.0,0.0,0.0,0.0,-0.5808998445006993,-0.3010689151785548,0.9959984155033056,-0.5683758231972248,-0.5379382647305261,-0.34809749841405757,-0.45174167833125645,-0.3494988741751022,-0.593042627235945,-0.389857979642268,-0.6667073218737208,-0.46884898169779154
G4Egk,HN_8,3.0,2.0,4.0,1.0,1.0,2.0,2.0,2.0,1.0,4.0,2.0,2.0,-0.05393322966713294,0.1326207232142968,-0.0020007922483471973,-0.3941118428419776,-0.3670562353160232,0.037073215418530286,-0.1291324164798661,0.09767235040362991,-0.41603789087639553,0.22785667797651782,-0.29632791701289396,-0.04917784406985109
G4Egk,HP_2,6.0,0.0,5.0,4.0,4.0,0.0,5.0,0.0,6.0,1.0,6.0,1.0,0.4730333851664335,-0.3010689151785548,0.247499009689566,0.128680098223764,0.14558985292748547,-0.34809749841405757,0.3547814762972194,-0.3494988741751022,0.4689857909213517,-0.23542931523757155,0.4444308927087597,-0.2590134128838213
G4Egk,HP_4,9.0,0.0,0.0,6.0,8.0,0.0,6.0,0.0,9.0,0.0,9.0,0.0,1.0,-0.3010689151785548,-1.0,0.4772080589342584,0.8291179705854971,-0.34809749841405757,0.5160861072229146,-0.3494988741751022,1.0,-0.389857979642268,1.0,-0.46884898169779154
G4Egk,HP_5,0.0,0.0,6.0,3.0,0.0,1.0,5.0,0.0,6.0,1.0,6.0,1.0,-0.5808998445006993,-0.3010689151785548,0.4969988116274792,-0.045583882131483205,-0.5379382647305261,-0.15551214149776366,0.3547814762972194,-0.3494988741751022,0.4689857909213517,-0.23542931523757155,0.4444308927087597,-0.2590134128838213
G4Egk,HP_6,9.0,0.0,0.0,9.0,9.0,0.0,9.0,0.0,9.0,0.0,9.0,0.0,1.0,-0.3010689151785548,-1.0,1.0,1.0,-0.34809749841405757,1.0,-0.3494988741751022,1.0,-0.389857979642268,1.0,-0.46884898169779154
G4Egk,HP_8,1.0,1.0,8.0,3.0,2.0,4.0,1.0,1.0,2.0,2.0,3.0,2.0,-0.4052443062228439,-0.08422409598212897,0.9959984155033056,-0.045583882131483205,-0.1961742059015203,0.4222439292511182,-0.29043704740556125,-0.12591326188573615,-0.2390331545168461,-0.0810006508328751,-0.11113821458248055,-0.04917784406985109
G4Egk,LN_1,0.0,5.0,8.0,3.0,0.0,4.0,0.0,1.0,0.0,9.0,0.0,3.0,-0.5808998445006993,0.7831551808035743,0.9959984155033056,-0.045583882131483205,-0.5379382647305261,0.4222439292511182,-0.45174167833125645,-0.12591326188573615,-0.593042627235945,1.0,-0.6667073218737208,0.16065772474411913
G4Egk,LN_2,0.0,1.0,5.0,3.0,1.0,3.0,0.0,5.0,0.0,5.0,0.0,0.0,-0.5808998445006993,-0.08422409598212897,0.247499009689566,-0.045583882131483205,-0.3670562353160232,0.22965857233482423,-0.45174167833125645,0.768429187271728,-0.593042627235945,0.38228534238121425,-0.6667073218737208,-0.46884898169779154
G4Egk,LN_3,0.0,6.0,3.0,2.0,1.0,7.0,0.0,4.0,0.0,7.0,0.0,7.0,-0.5808998445006993,1.0,-0.2515005941862604,-0.2198478624867304,-0.3670562353160232,1.0,-0.45174167833125645,0.544843574982362,-0.593042627235945,0.6911426711906071,-0.6667073218737208,1.0
G4Egk,LN_4,0.0,2.0,6.0,2.0,1.0,0.0,0.0,1.0,3.0,2.0,1.0,3.0,-0.5808998445006993,0.1326207232142968,0.4969988116274792,-0.2198478624867304,-0.3670562353160232,-0.34809749841405757,-0.45174167833125645,-0.12591326188573615,-0.06202841815729665,-0.0810006508328751,-0.4815176194433074,0.16065772474411913
G4Egk,LN_5,1.0,0.0,8.0,3.0,2.0,1.0,1.0,0.0,2.0,4.0,2.0,1.0,-0.4052443062228439,-0.3010689151785548,0.9959984155033056,-0.045583882131483205,-0.1961742059015203,-0.15551214149776366,-0.29043704740556125,-0.3494988741751022,-0.2390331545168461,0.22785667797651782,-0.29632791701289396,-0.2590134128838213
G4Egk,LN_6,1.0,1.0,4.0,1.0,1.0,1.0,1.0,2.0,0.0,3.0,2.0,4.0,-0.4052443062228439,-0.08422409598212897,-0.0020007922483471973,-0.3941118428419776,-0.3670562353160232,-0.15551214149776366,-0.29043704740556125,0.09767235040362991,-0.593042627235945,0.07342801357182135,-0.29632791701289396,0.37049329355808935
G4Egk,LN_8,1.0,4.0,1.0,2.0,2.0,4.0,2.0,3.0,2.0,1.0,4.0,5.0,-0.4052443062228439,0.5663103616071484,-0.7505001980620868,-0.2198478624867304,-0.1961742059015203,0.4222439292511182,-0.1291324164798661,0.32125796269299595,-0.2390331545168461,-0.23542931523757155,0.07405148784793286,0.5803288623720596
G4Egk,LP_1,6.0,2.0,7.0,5.0,5.0,0.0,6.0,0.0,6.0,2.0,6.0,1.0,0.4730333851664335,0.1326207232142968,0.7464986135653924,0.3029440785790112,0.31647188234198836,-0.34809749841405757,0.5160861072229146,-0.3494988741751022,0.4689857909213517,-0.0810006508328751,0.4444308927087597,-0.2590134128838213
G4Egk,LP_2,6.0,0.0,4.0,4.0,6.0,1.0,5.0,3.0,7.0,1.0,7.0,3.0,0.4730333851664335,-0.3010689151785548,-0.0020007922483471973,0.128680098223764,0.48735391175649123,-0.15551214149776366,0.3547814762972194,0.32125796269299595,0.6459905272809011,-0.23542931523757155,0.6296205951391731,0.16065772474411913
G4Egk,LP_3,4.0,0.0,4.0,4.0,5.0,0.0,3.0,1.0,4.0,2.0,5.0,1.0,0.12172230861072254,-0.3010689151785548,-0.0020007922483471973,0.128680098223764,0.31647188234198836,-0.34809749841405757,0.032172214445829066,-0.12591326188573615,0.11497631820225279,-0.0810006508328751,0.25924119027834625,-0.2590134128838213
G4Egk,LP_4,9.0,0.0,2.0,6.0,6.0,0.0,7.0,0.0,9.0,0.0,9.0,0.0,1.0,-0.3010689151785548,-0.5010003961241736,0.4772080589342584,0.48735391175649123,-0.34809749841405757,0.6773907381486096,-0.3494988741751022,1.0,-0.389857979642268,1.0,-0.46884898169779154
G4Egk,LP_5,4.0,0.0,5.0,5.0,5.0,0.0,5.0,0.0,4.0,1.0,6.0,2.0,0.12172230861072254,-0.3010689151785548,0.247499009689566,0.3029440785790112,0.31647188234198836,-0.34809749841405757,0.3547814762972194,-0.3494988741751022,0.11497631820225279,-0.23542931523757155,0.4444308927087597,-0.04917784406985109
G4Egk,LP_6,0.0,0.0,6.0,6.0,4.0,2.0,2.0,0.0,3.0,1.0,3.0,4.0,-0.5808998445006993,-0.3010689151785548,0.4969988116274792,0.4772080589342584,0.14558985292748547,0.037073215418530286,-0.1291324164798661,-0.3494988741751022,-0.06202841815729665,-0.23542931523757155,-0.11113821458248055,0.37049329355808935
G4Egk,LP_7,1.0,5.0,5.0,2.0,3.0,6.0,2.0,1.0,1.0,5.0,3.0,6.0,-0.4052443062228439,0.7831551808035743,0.247499009689566,-0.2198478624867304,-0.025292176487017416,0.807414643083706,-0.1291324164798661,-0.12591326188573615,-0.41603789087639553,0.38228534238121425,-0.11113821458248055,0.7901644311860297
G4Egk,LP_8,3.0,0.0,6.0,2.0,4.0,0.0,3.0,0.0,4.0,1.0,3.0,1.0,-0.05393322966713294,-0.3010689151785548,0.4969988116274792,-0.2198478624867304,0.14558985292748547,-0.34809749841405757,0.032172214445829066,-0.3494988741751022,0.11497631820225279,-0.23542931523757155,-0.11113821458248055,-0.2590134128838213
Gftw5,HN_1,0.0,0.0,0.0,0.0,0.0,9.0,0.0,3.0,0.0,8.0,0.0,2.0,-0.5794230498309101,-0.12349235701587231,-0.13199504299900533,-0.536787715670099,-0.5121947199216249,1.0,-0.5988835349986517,0.28164445873753113,-0.733202974660291,1.0,-0.661213756138496,0.04867451538208392
Gftw5,HN_4,8.0,0.0,0.0,4.0,4.0,0.0,7.0,0.0,7.0,0.0,8.0,0.0,1.0,-0.12349235701587231,-0.13199504299900533,0.14622904684994503,0.15989182226576393,-0.13765386634903745,0.8001395581251686,-0.1493688660199502,0.7833496281674636,-0.3498442724960716,0.8154206937623893,-0.26843397949055475
Gftw5,HN_5,1.0,1.0,2.0,1.0,1.0,1.0,1.0,2.0,1.0,3.0,1.0,1.0,-0.3819951686020463,0.10120611438730215,0.15100371775074597,-0.36603352504008796,-0.34417308437477767,-0.011247881199144397,-0.3990230931238202,0.13797335048503737,-0.5165526028277547,0.15634732968995524,-0.4766344499008853,-0.10987973205423542
Gftw5,HN_6,0.0,1.0,0.0,0.0,0.0,5.0,0.0,3.0,0.0,6.0,0.0,3.0,-0.5794230498309101,0.10120611438730215,-0.13199504299900533,-0.536787715670099,-0.5121947199216249,0.4943760594004278,-0.5988835349986517,0.28164445873753113,-0.733202974660291,0.6625389318759821,-0.661213756138496,0.20722876281840327
Gftw5,HN_7,0.0,3.0,0.0,0.0,1.0,1.0,0.0,5.0,0.0,5.0,0.0,5.0,-0.5794230498309101,0.5506030571936511,-0.13199504299900533,-0.536787715670099,-0.34417308437477767,-0.011247881199144397,-0.5988835349986517,0.5689866752425187,-0.733202974660291,0.4938083978139732,-0.661213756138496,0.524337257691042
Gftw5,HN_8,0.0,5.0,7.0,1.0,0.0,8.0,0.0,0.0,0.0,5.0,0.0,3.0,-0.5794230498309101,1.0,0.8585006196251244,-0.36603352504008796,-0.5121947199216249,0.8735940148501069,-0.5988835349986517,-0.1493688660199502,-0.733202974660291,0.4938083978139732,-0.661213756138496,0.20722876281840327
Gftw5,HP_2,2.0,0.0,0.0,3.0,4.0,0.0,2.0,0.0,4.0,0.0,4.0,0.0,-0.18456728737318256,-0.12349235701587231,-0.13199504299900533,-0.024525143780065973,0.15989182226576393,-0.13765386634903745,-0.19916265124898877,-0.1493688660199502,0.13339851266985442,-0.3498442724960716,0.07710346881194664,-0.26843397949055475
Gftw5,HP_4,5.0,0.0,0.0,4.0,4.0,0.0,6.0,0.0,5.0,0.0,4.0,0.0,0.4077163563134087,-0.12349235701587231,-0.13199504299900533,0.14622904684994503,0.15989182226576393,-0.13765386634903745,0.600279116250337,-0.1493688660199502,0.3500488845023908,-0.3498442724960716,0.07710346881194664,-0.26843397949055475
Gftw5,HP_5,5.0,0.0,0.0,4.0,4.0,0.0,8.0,0.0,7.0,0.0,7.0,0.0,0.4077163563134087,-0.12349235701587231,-0.13199504299900533,0.14622904684994503,0.15989182226576393,-0.13765386634903745,1.0,-0.1493688660199502,0.7833496281674636,-0.3498442724960716,0.6308413875247786,-0.26843397949055475
Gftw5,HP_6,7.0,0.0,0.0,2.0,2.0,0.0,8.0,0.0,4.0,0.0,6.0,0.0,0.8025721187711362,-0.12349235701587231,-0.13199504299900533,-0.19527933441007697,-0.1761514488279305,-0.13765386634903745,1.0,-0.1493688660199502,0.13339851266985442,-0.3498442724960716,0.44626208128716793,-0.26843397949055475
Gftw5,HP_8,4.0,0.0,0.0,5.0,5.0,2.0,5.0,0.0,4.0,0.0,7.0,0.0,0.21028847508454493,-0.12349235701587231,-0.13199504299900533,0.316983237479956,0.3279134578126111,0.11515810395074866,0.4004186743755056,-0.1493688660199502,0.13339851266985442,-0.3498442724960716,0.6308413875247786,-0.26843397949055475
Gftw5,LN_1,0.0,0.0,8.0,0.0,0.0,0.0,0.0,0.0,0.0,0.0,0.0,0.0,-0.5794230498309101,-0.12349235701587231,1.0,-0.536787715670099,-0.5121947199216249,-0.13765386634903745,-0.5988835349986517,-0.1493688660199502,-0.733202974660291,-0.3498442724960716,-0.661213756138496,-0.26843397949055475
Gftw5,LN_2,0.0,0.0,0.0,0.0,0.0,1.0,0.0,1.0,0.0,6.0,0.0,7.0,-0.5794230498309101,-0.12349235701587231,-0.13199504299900533,-0.536787715670099,-0.5121947199216249,-0.011247881199144397,-0.5988835349986517,-0.005697757767456415,-0.733202974660291,0.6625389318759821,-0.661213756138496,0.8414457525636807
Gftw5,LN_3,0.0,3.0,0.0,1.0,1.0,2.0,0.0,0.0,0.0,6.0,0.0,8.0,-0.5794230498309101,0.5506030571936511,-0.13199504299900533,-0.36603352504008796,-0.34417308437477767,0.11515810395074866,-0.5988835349986517,-0.1493688660199502,-0.733202974660291,0.6625389318759821,-0.661213756138496,1.0
Gftw5,LN_4,0.0,0.0,0.0,0.0,0.0,0.0,0.0,1.0,0.0,6.0,0.0,8.0,-0.5794230498309101,-0.12349235701587231,-0.13199504299900533,-0.536787715670099,-0.5121947199216249,-0.13765386634903745,-0.5988835349986517,-0.005697757767456415,-0.733202974660291,0.6625389318759821,-0.661213756138496,1.0
Gftw5,LN_5,0.0,5.0,0.0,2.0,2.0,8.0,0.0,6.0,0.0,8.0,0.0,8.0,-0.5794230498309101,1.0,-0.13199504299900533,-0.19527933441007697,-0.1761514488279305,0.8735940148501069,-0.5988835349986517,0.7126577834950124,-0.733202974660291,1.0,-0.661213756138496,1.0
Gftw5,LN_6,1.0,0.0,0.0,3.0,3.0,0.0,0.0,8.0,0.0,7.0,0.0,6.0,-0.3819951686020463,-0.12349235701587231,-0.13199504299900533,-0.024525143780065973,-0.008129813281083286,-0.13765386634903745,-0.5988835349986517,1.0,-0.733202974660291,0.831269465937991,-0.661213756138496,0.6828915051273613
Gftw5,LN_8,0.0,0.0,0.0,3.0,1.0,0.0,0.0,0.0,0.0,5.0,0.0,4.0,-0.5794230498309101,-0.12349235701587231,-0.13199504299900533,-0.024525143780065973,-0.34417308437477767,-0.13765386634903745,-0.5988835349986517,-0.1493688660199502,-0.733202974660291,0.4938083978139732,-0.661213756138496,0.36578301025472265
Gftw5,LP_1,5.0,0.0,0.0,4.0,4.0,0.0,5.0,0.0,7.0,0.0,6.0,0.0,0.4077163563134087,-0.12349235701587231,-0.13199504299900533,0.14622904684994503,0.15989182226576393,-0.13765386634903745,0.4004186743755056,-0.1493688660199502,0.7833496281674636,-0.3498442724960716,0.44626208128716793,-0.26843397949055475
Gftw5,LP_2,6.0,0.0,0.0,7.0,8.0,0.0,8.0,0.0,8.0,0.0,9.0,0.0,0.6051442375422724,-0.12349235701587231,-0.13199504299900533,0.658491618739978,0.8319783644531528,-0.13765386634903745,1.0,-0.1493688660199502,1.0,-0.3498442724960716,1.0,-0.26843397949055475
Gftw5,LP_3,4.0,0.0,0.0,6.0,6.0,0.0,5.0,0.0,7.0,0.0,7.0,0.0,0.21028847508454493,-0.12349235701587231,-0.13199504299900533,0.487737428109967,0.49593509335945835,-0.13765386634903745,0.4004186743755056,-0.1493688660199502,0.7833496281674636,-0.3498442724960716,0.6308413875247786,-0.26843397949055475
Gftw5,LP_4,7.0,0.0,0.0,8.0,9.0,0.0,4.0,0.0,7.0,0.0,8.0,0.0,0.8025721187711362,-0.12349235701587231,-0.13199504299900533,0.829245809369989,1.0,-0.13765386634903745,0.20055823250067414,-0.1493688660199502,0.7833496281674636,-0.3498442724960716,0.8154206937623893,-0.26843397949055475
Gftw5,LP_5,4.0,0.0,0.0,5.0,4.0,0.0,4.0,0.0,7.0,0.0,7.0,0.0,0.21028847508454493,-0.12349235701587231,-0.13199504299900533,0.316983237479956,0.15989182226576393,-0.13765386634903745,0.20055823250067414,-0.1493688660199502,0.7833496281674636,-0.3498442724960716,0.6308413875247786,-0.26843397949055475
Gftw5,LP_6,5.0,0.0,0.0,9.0,9.0,0.0,6.0,0.0,8.0,0.0,8.0,0.0,0.4077163563134087,-0.12349235701587231,-0.13199504299900533,1.0,1.0,-0.13765386634903745,0.600279116250337,-0.1493688660199502,1.0,-0.3498442724960716,0.8154206937623893,-0.26843397949055475
Gftw5,LP_7,4.0,0.0,0.0,4.0,4.0,0.0,6.0,0.0,7.0,0.0,8.0,0.0,0.21028847508454493,-0.12349235701587231,-0.13199504299900533,0.14622904684994503,0.15989182226576393,-0.13765386634903745,0.600279116250337,-0.1493688660199502,0.7833496281674636,-0.3498442724960716,0.8154206937623893,-0.26843397949055475
Gftw5,LP_8,5.0,0.0,1.0,8.0,8.0,0.0,5.0,0.0,8.0,0.0,7.0,0.0,0.4077163563134087,-0.12349235701587231,0.009504337375870338,0.829245809369989,0.8319783644531528,-0.13765386634903745,0.4004186743755056,-0.1493688660199502,1.0,-0.3498442724960716,0.6308413875247786,-0.26843397949055475
KoG5ii,HN_1,0.0,6.0,0.0,0.0,0.0,4.0,0.0,7.0,0.0,7.0,0.0,5.0,-0.2997620900968577,0.843800730545926,-0.2678822517069713,-1.0,-1.0,1.0,-0.5366856409723184,1.0,-0.7345353078650443,1.0,-1.0,0.4936596480703579
KoG5ii,HN_4,0.0,2.0,0.0,3.0,4.0,4.0,0.0,0.0,2.0,3.0,2.0,3.0,-0.2997620900968577,0.2190036527296301,-0.2678822517069713,-0.19036430412037994,0.007988562968370637,1.0,-0.5366856409723184,-0.1848291765127237,-0.3009014808987832,0.23478901960544601,-0.5194662649572066,0.1560994134505965
KoG5ii,HN_5,0.0,0.0,0.0,2.0,2.0,0.0,0.0,4.0,0.0,0.0,4.0,3.0,-0.2997620900968577,-0.09339488617851789,-0.2678822517069713,-0.4602428694135866,-0.4960057185158147,-0.1690282306785839,-0.5366856409723184,0.4922160672088327,-0.7345353078650443,-0.3391192156904695,-0.0389325299144131,0.1560994134505965
KoG5ii,HN_6,0.0,0.0,0.0,3.0,3.0,0.0,0.0,1.0,0.0,4.0,3.0,4.0,-0.2997620900968577,-0.09339488617851789,-0.2678822517069713,-0.19036430412037994,-0.24400857777372204,-0.1690282306785839,-0.5366856409723184,-0.015567865582334615,-0.7345353078650443,0.4260917647040845,-0.27919939743580985,0.3248795307604772
KoG5ii,HN_7,0.0,2.0,0.0,1.0,2.0,0.0,0.0,3.0,0.0,3.0,1.0,3.0,-0.2997620900968577,0.2190036527296301,-0.2678822517069713,-0.7301214347067934,-0.4960057185158147,-0.1690282306785839,-0.5366856409723184,0.3229547562784436,-0.7345353078650443,0.23478901960544601,-0.7597331324786033,0.1560994134505965
KoG5ii,HN_8,0.0,0.0,0.0,3.0,2.0,2.0,0.0,5.0,0.0,5.0,0.0,8.0,-0.2997620900968577,-0.09339488617851789,-0.2678822517069713,-0.19036430412037994,-0.4960057185158147,0.415485884660708,-0.5366856409723184,0.6614773781392218,-0.7345353078650443,0.617394509802723,-1.0,1.0
KoG5ii,HP_2,5.0,0.0,0.0,6.0,6.0,0.0,4.0,0.0,7.0,1.0,7.0,1.0,0.5125892162136784,-0.09339488617851789,-0.2678822517069713,0.6192713917592401,0.5119828444525559,-0.1690282306785839,0.5371428792252052,-0.1848291765127237,0.7831830865168694,-0.147816470591831,0.6818680726497771,-0.1814608211691649
KoG5ii,HP_4,1.0,0.0,1.0,5.0,3.0,1.0,2.0,0.0,4.0,1.0,3.0,0.0,-0.1372918288347505,-0.09339488617851789,0.22518306840129534,0.3493928264660334,-0.24400857777372204,0.12322882699106207,0.0002286191264434113,-0.1848291765127237,0.13273234606747786,-0.147816470591831,-0.27919939743580985,-0.3502409384790456
KoG5ii,HP_5,1.0,0.0,2.0,6.0,6.0,0.0,1.0,0.0,2.0,1.0,5.0,0.0,-0.1372918288347505,-0.09339488617851789,0.718248388509562,0.6192713917592401,0.5119828444525559,-0.1690282306785839,-0.2682285109229375,-0.1848291765127237,-0.3009014808987832,-0.147816470591831,0.20133433760698363,-0.3502409384790456
KoG5ii,HP_6,3.0,0.0,1.0,6.0,7.0,0.0,4.0,0.0,7.0,1.0,6.0,0.0,0.18764869368946396,-0.09339488617851789,0.22518306840129534,0.6192713917592401,0.7639799851946486,-0.1690282306785839,0.5371428792252052,-0.1848291765127237,0.7831830865168694,-0.147816470591831,0.44160120512838036,-0.3502409384790456
KoG5ii,HP_8,5.0,0.0,0.0,4.0,6.0,0.0,5.0,0.0,5.0,0.0,6.0,0.0,0.5125892162136784,-0.09339488617851789,-0.2678822517069713,0.07951426117282674,0.5119828444525559,-0.1690282306785839,0.8056000092745862,-0.1848291765127237,0.3495492595506084,-0.3391192156904695,0.44160120512838036,-0.3502409384790456
KoG5ii,LN_1,0.0,2.0,1.0,1.0,2.0,2.0,0.0,0.0,0.0,3.0,1.0,2.0,-0.2997620900968577,0.2190036527296301,0.22518306840129534,-0.7301214347067934,-0.4960057185158147,0.415485884660708,-0.5366856409723184,-0.1848291765127237,-0.7345353078650443,0.23478901960544601,-0.7597331324786033,-0.012680703859284194
KoG5ii,LN_2,0.0,0.0,0.0,3.0,4.0,0.0,0.0,3.0,2.0,4.0,3.0,7.0,-0.2997620900968577,-0.09339488617851789,-0.2678822517069713,-0.19036430412037994,0.007988562968370637,-0.1690282306785839,-0.5366856409723184,0.3229547562784436,-0.3009014808987832,0.4260917647040845,-0.27919939743580985,0.8312198826901193
KoG5ii,LN_3,0.0,7.0,0.0,1.0,1.0,3.0,0.0,0.0,0.0,7.0,0.0,8.0,-0.2997620900968577,1.0,-0.2678822517069713,-0.7301214347067934,-0.7480028592579073,0.7077429423303541,-0.5366856409723184,-0.1848291765127237,-0.7345353078650443,1.0,-1.0,1.0
KoG5ii,LN_4,0.0,0.0,0.0,5.0,5.0,0.0,1.0,2.0,3.0,1.0,3.0,6.0,-0.2997620900968577,-0.09339488617851789,-0.2678822517069713,0.3493928264660334,0.2599857037104633,-0.1690282306785839,-0.2682285109229375,0.15369344534805449,-0.08408456741565269,-0.147816470591831,-0.27919939743580985,0.6624397653802386
KoG5ii,LN_5,0.0,0.0,0.0,4.0,4.0,0.0,2.0,0.0,3.0,1.0,4.0,1.0,-0.2997620900968577,-0.09339488617851789,-0.2678822517069713,0.07951426117282674,0.007988562968370637,-0.1690282306785839,0.0002286191264434113,-0.1848291765127237,-0.08408456741565269,-0.147816470591831,-0.0389325299144131,-0.1814608211691649
KoG5ii,LN_6,0.0,0.0,1.0,2.0,1.0,0.0,0.0,0.0,1.0,3.0,1.0,4.0,-0.2997620900968577,-0.09339488617851789,0.22518306840129534,-0.4602428694135866,-0.7480028592579073,-0.1690282306785839,-0.5366856409723184,-0.1848291765127237,-0.5177183943819138,0.23478901960544601,-0.7597331324786033,0.3248795307604772
KoG5ii,LN_8,0.0,0.0,0.0,4.0,3.0,0.0,0.0,1.0,0.0,1.0,4.0,5.0,-0.2997620900968577,-0.09339488617851789,-0.2678822517069713,0.07951426117282674,-0.24400857777372204,-0.1690282306785839,-0.5366856409723184,-0.015567865582334615,-0.7345353078650443,-0.147816470591831,-0.0389325299144131,0.4936596480703579
KoG5ii,LP_1,4.0,0.0,0.0,5.0,6.0,0.0,4.0,0.0,8.0,0.0,7.0,0.0,0.3501189549515712,-0.09339488617851789,-0.2678822517069713,0.3493928264660334,0.5119828444525559,-0.1690282306785839,0.5371428792252052,-0.1848291765127237,1.0,-0.3391192156904695,0.6818680726497771,-0.3502409384790456
KoG5ii,LP_2,1.0,0.0,0.0,6.0,7.0,0.0,4.0,0.0,7.0,0.0,8.0,0.0,-0.1372918288347505,-0.09339488617851789,-0.2678822517069713,0.6192713917592401,0.7639799851946486,-0.1690282306785839,0.5371428792252052,-0.1848291765127237,0.7831830865168694,-0.3391192156904695,0.9221349401711738,-0.3502409384790456
KoG5ii,LP_3,2.0,0.0,1.0,7.0,7.0,0.0,3.0,0.0,5.0,3.0,4.0,0.0,0.025178432427356734,-0.09339488617851789,0.22518306840129534,0.8891499570524468,0.7639799851946486,-0.1690282306785839,0.26868574917582433,-0.1848291765127237,0.3495492595506084,0.23478901960544601,-0.0389325299144131,-0.3502409384790456
KoG5ii,LP_4,2.0,0.0,2.0,6.0,7.0,0.0,2.0,0.0,7.0,0.0,8.0,0.0,0.025178432427356734,-0.09339488617851789,0.718248388509562,0.6192713917592401,0.7639799851946486,-0.1690282306785839,0.0002286191264434113,-0.1848291765127237,0.7831830865168694,-0.3391192156904695,0.9221349401711738,-0.3502409384790456
KoG5ii,LP_5,1.0,0.0,0.0,6.0,6.0,0.0,2.0,0.0,5.0,1.0,8.0,2.0,-0.1372918288347505,-0.09339488617851789,-0.2678822517069713,0.6192713917592401,0.5119828444525559,-0.1690282306785839,0.0002286191264434113,-0.1848291765127237,0.3495492595506084,-0.147816470591831,0.9221349401711738,-0.012680703859284194
KoG5ii,LP_6,0.0,0.0,2.0,5.0,6.0,0.0,1.0,0.0,3.0,0.0,5.0,1.0,-0.2997620900968577,-0.09339488617851789,0.718248388509562,0.3493928264660334,0.5119828444525559,-0.1690282306785839,-0.2682285109229375,-0.1848291765127237,-0.08408456741565269,-0.3391192156904695,0.20133433760698363,-0.1814608211691649
KoG5ii,LP_7,0.0,1.0,0.0,4.0,3.0,0.0,2.0,0.0,5.0,4.0,5.0,1.0,-0.2997620900968577,0.0628043832755561,-0.2678822517069713,0.07951426117282674,-0.24400857777372204,-0.1690282306785839,0.0002286191264434113,-0.1848291765127237,0.3495492595506084,0.4260917647040845,0.20133433760698363,-0.1814608211691649
KoG5ii,LP_8,1.0,0.0,0.0,4.0,5.0,0.0,1.0,0.0,8.0,0.0,7.0,2.0,-0.1372918288347505,-0.09339488617851789,-0.2678822517069713,0.07951426117282674,0.2599857037104633,-0.1690282306785839,-0.2682285109229375,-0.1848291765127237,1.0,-0.3391192156904695,0.6818680726497771,-0.012680703859284194
M4t7k,HN_1,0.0,0.0,0.0,0.0,0.0,9.0,0.0,5.0,0.0,9.0,0.0,1.0,-1.0,-0.08004324700582657,-0.12266942797009049,-1.0,-1.0,1.0,-0.8212573229791311,0.8121183071979599,-1.0,1.0,-0.9754142502795135,-0.05144053219685203
M4t7k,HN_4,9.0,0.0,0.0,6.0,9.0,0.0,9.0,0.0,9.0,0.0,8.0,0.0,0.6997984183594355,-0.08004324700582657,-0.12266942797009049,0.08313283412086923,0.846057706940855,-0.10940798966533796,1.0,-0.12729015681224107,0.964656789910428,-0.18884677313589515,0.7805095277467208,-0.18287059872145853
M4t7k,HN_5,6.0,1.0,0.0,2.0,2.0,1.0,7.0,1.0,4.0,1.0,0.0,1.0,0.13319894557295697,0.039961558217043044,-0.12266942797009049,-0.6389557219597103,-0.5897649540131433,0.013859564741921808,0.595276150449082,0.06059153598979909,-0.12681920448425418,-0.056752687231906795,-0.9754142502795135,-0.05144053219685203
M4t7k,HN_6,0.0,0.0,0.0,3.0,0.0,0.0,1.0,0.0,0.0,6.0,1.0,9.0,-1.0,-0.08004324700582657,-0.12266942797009049,-0.4584335829395654,-1.0,-0.10940798966533796,-0.6188953982036721,-0.12729015681224107,-1.0,0.603717742288035,-0.7559237780262342,1.0
M4t7k,HN_7,4.0,0.0,0.0,6.0,4.0,0.0,5.0,6.0,0.0,6.0,0.0,0.0,-0.24453403628469536,-0.08004324700582657,-0.12266942797009049,0.08313283412086923,-0.17952990802628663,-0.10940798966533796,0.19055230089816397,1.0,-1.0,0.603717742288035,-0.9754142502795135,-0.18287059872145853
M4t7k,HN_8,3.0,9.0,0.0,3.0,1.0,5.0,0.0,0.0,0.0,7.0,0.0,8.0,-0.4334005272135215,1.0,-0.12266942797009049,-0.4584335829395654,-0.7948824770065717,0.5069297823709609,-0.8212573229791311,-0.12729015681224107,-1.0,0.7358118281920233,-0.9754142502795135,0.8685699334753935
M4t7k,HP_2,8.0,0.0,0.0,6.0,8.0,0.0,6.0,0.0,9.0,0.0,8.0,0.0,0.5109319274306093,-0.08004324700582657,-0.12266942797009049,0.08313283412086923,0.6409401839474267,-0.10940798966533796,0.392914225673623,-0.12729015681224107,0.964656789910428,-0.18884677313589515,0.7805095277467208,-0.18287059872145853
M4t7k,HP_4,7.0,0.0,2.0,7.0,7.0,0.0,6.0,0.0,9.0,0.0,9.0,0.0,0.32206543650178315,-0.08004324700582657,0.15799792902243215,0.2636549731410141,0.4358226609539984,-0.10940798966533796,0.392914225673623,-0.12729015681224107,0.964656789910428,-0.18884677313589515,1.0,-0.18287059872145853
M4t7k,HP_5,9.0,0.0,0.0,8.0,8.0,0.0,7.0,0.0,8.0,0.0,7.0,0.0,0.6997984183594355,-0.08004324700582657,-0.12266942797009049,0.44417711216115896,0.6409401839474267,-0.10940798966533796,0.595276150449082,-0.12729015681224107,0.7463615910314916,-0.18884677313589515,0.5610190554934414,-0.18287059872145853
M4t7k,HP_6,9.0,0.0,0.0,7.0,9.0,0.0,7.0,0.0,9.0,0.0,9.0,0.0,0.6997984183594355,-0.08004324700582657,-0.12266942797009049,0.2636549731410141,0.846057706940855,-0.10940798966533796,0.595276150449082,-0.12729015681224107,0.964656789910428,-0.18884677313589515,1.0,-0.18287059872145853
M4t7k,HP_8,8.0,0.0,1.0,6.0,7.0,0.0,5.0,0.0,7.0,0.0,7.0,0.0,0.5109319274306093,-0.08004324700582657,0.01766425052617082,0.08313283412086923,0.4358226609539984,-0.10940798966533796,0.19055230089816397,-0.12729015681224107,0.5280663921525551,-0.18884677313589515,0.5610190554934414,-0.18287059872145853
M4t7k,LN_1,0.0,0.0,8.0,8.0,4.0,0.0,0.0,0.0,0.0,0.0,0.0,0.0,-1.0,-0.08004324700582657,1.0,0.44417711216115896,-0.17952990802628663,-0.10940798966533796,-0.8212573229791311,-0.12729015681224107,-1.0,-0.18884677313589515,-0.9754142502795135,-0.18287059872145853
M4t7k,LN_2,0.0,0.0,1.0,7.0,0.0,0.0,0.0,0.0,0.0,0.0,0.0,0.0,-1.0,-0.08004324700582657,0.01766425052617082,0.2636549731410141,-1.0,-0.10940798966533796,-0.8212573229791311,-0.12729015681224107,-1.0,-0.18884677313589515,-0.9754142502795135,-0.18287059872145853
M4t7k,LN_3,0.0,9.0,0.0,0.0,0.0,9.0,0.0,0.0,0.0,9.0,0.0,9.0,-1.0,1.0,-0.12266942797009049,-1.0,-1.0,1.0,-0.8212573229791311,-0.12729015681224107,-1.0,1.0,-0.9754142502795135,1.0
M4t7k,LN_4,0.0,0.0,1.0,2.0,1.0,0.0,0.0,0.0,0.0,0.0,1.0,6.0,-1.0,-0.08004324700582657,0.01766425052617082,-0.6389557219597103,-0.7948824770065717,-0.10940798966533796,-0.8212573229791311,-0.12729015681224107,-1.0,-0.18884677313589515,-0.7559237780262342,0.6057098004261805
M4t7k,LN_5,8.0,0.0,0.0,3.0,4.0,0.0,7.0,0.0,4.0,0.0,4.0,0.0,0.5109319274306093,-0.08004324700582657,-0.12266942797009049,-0.4584335829395654,-0.17952990802628663,-0.10940798966533796,0.595276150449082,-0.12729015681224107,-0.12681920448425418,-0.18884677313589515,-0.09745236126639638,-0.18287059872145853
M4t7k,LN_6,2.0,0.0,2.0,9.0,2.0,0.0,1.0,0.0,1.0,0.0,1.0,0.0,-0.6222670181423476,-0.08004324700582657,0.15799792902243215,0.6246992511813039,-0.5897649540131433,-0.10940798966533796,-0.6188953982036721,-0.12729015681224107,-0.7817048011210636,-0.18884677313589515,-0.7559237780262342,-0.18287059872145853
M4t7k,LN_8,1.0,0.0,2.0,9.0,4.0,0.0,0.0,0.0,0.0,0.0,0.0,1.0,-0.8111335090711739,-0.08004324700582657,0.15799792902243215,0.6246992511813039,-0.17952990802628663,-0.10940798966533796,-0.8212573229791311,-0.12729015681224107,-1.0,-0.18884677313589515,-0.9754142502795135,-0.05144053219685203
M4t7k,LP_1,9.0,0.0,0.0,7.0,8.0,0.0,6.0,0.0,9.0,0.0,9.0,0.0,0.6997984183594355,-0.08004324700582657,-0.12266942797009049,0.2636549731410141,0.6409401839474267,-0.10940798966533796,0.392914225673623,-0.12729015681224107,0.964656789910428,-0.18884677313589515,1.0,-0.18287059872145853
M4t7k,LP_2,9.0,0.0,0.0,7.0,8.0,0.0,9.0,0.0,9.0,0.0,9.0,0.0,0.6997984183594355,-0.08004324700582657,-0.12266942797009049,0.2636549731410141,0.6409401839474267,-0.10940798966533796,1.0,-0.12729015681224107,0.964656789910428,-0.18884677313589515,1.0,-0.18287059872145853
M4t7k,LP_3,6.0,0.0,2.0,9.0,7.0,0.0,6.0,0.0,8.0,0.0,9.0,0.0,0.13319894557295697,-0.08004324700582657,0.15799792902243215,0.6246992511813039,0.4358226609539984,-0.10940798966533796,0.392914225673623,-0.12729015681224107,0.7463615910314916,-0.18884677313589515,1.0,-0.18287059872145853
M4t7k,LP_4,9.0,0.0,0.0,9.0,8.0,0.0,4.0,0.0,9.0,0.0,9.0,0.0,0.6997984183594355,-0.08004324700582657,-0.12266942797009049,0.6246992511813039,0.6409401839474267,-0.10940798966533796,-0.011809623877295047,-0.12729015681224107,0.964656789910428,-0.18884677313589515,1.0,-0.18287059872145853
M4t7k,LP_5,9.0,0.0,0.0,8.0,8.0,0.0,7.0,0.0,9.0,0.0,9.0,0.0,0.6997984183594355,-0.08004324700582657,-0.12266942797009049,0.44417711216115896,0.6409401839474267,-0.10940798966533796,0.595276150449082,-0.12729015681224107,0.964656789910428,-0.18884677313589515,1.0,-0.18287059872145853
M4t7k,LP_6,4.0,4.0,5.0,6.0,4.0,4.0,4.0,4.0,4.0,4.0,4.0,4.0,-0.24453403628469536,0.3999759738856519,0.578998964511216,0.08313283412086923,-0.17952990802628663,0.38366222796370114,-0.011809623877295047,0.6242366143959196,-0.12681920448425418,0.3395295704800583,-0.09745236126639638,0.3428496673769675
M4t7k,LP_7,9.0,0.0,0.0,8.0,9.0,0.0,6.0,0.0,9.0,0.0,9.0,0.0,0.6997984183594355,-0.08004324700582657,-0.12266942797009049,0.44417711216115896,0.846057706940855,-0.10940798966533796,0.392914225673623,-0.12729015681224107,0.964656789910428,-0.18884677313589515,1.0,-0.18287059872145853
M4t7k,LP_8,9.0,0.0,0.0,8.0,9.0,0.0,7.0,0.0,9.0,0.0,9.0,0.0,0.6997984183594355,-0.08004324700582657,-0.12266942797009049,0.44417711216115896,0.846057706940855,-0.10940798966533796,0.595276150449082,-0.12729015681224107,0.964656789910428,-0.18884677313589515,1.0,-0.18287059872145853
O1pGR,HN_1,0.0,7.0,0.0,2.0,1.0,8.0,0.0,5.0,1.0,7.0,1.0,5.0,-1.0,0.8553827158250281,-0.30697872051108915,-0.771579052348739,-0.8144937408792411,0.8610024498037981,-0.6379261981720685,0.535458021301053,-0.7796921911408996,0.8427513459410821,-0.7869327126705263,0.39972291346239147
O1pGR,HN_4,1.0,4.0,0.0,3.0,3.0,7.0,0.0,5.0,3.0,4.0,3.0,5.0,-0.7829370539857275,0.4215308633001123,-0.30697872051108915,-0.543158104697478,-0.44348122263772344,0.7220048996075964,-0.6379261981720685,0.535458021301053,-0.3390765734226987,0.3710053837643287,-0.36079813801157884,0.39972291346239147
O1pGR,HN_5,2.0,3.0,1.0,3.0,3.0,7.0,2.0,3.0,2.0,4.0,3.0,7.0,-0.5658741079714552,0.2769135791251404,-0.045582976408871316,-0.543158104697478,-0.44348122263772344,0.7220048996075964,-0.2739425985782755,0.22576336883508846,-0.5593843822817991,0.3710053837643287,-0.36079813801157884,0.6998614567311957
O1pGR,HN_6,2.0,4.0,1.0,3.0,3.0,7.0,1.0,4.0,2.0,4.0,2.0,5.0,-0.5658741079714552,0.4215308633001123,-0.045582976408871316,-0.543158104697478,-0.44348122263772344,0.7220048996075964,-0.455934398375172,0.38061069506807077,-0.5593843822817991,0.3710053837643287,-0.5738654253410526,0.39972291346239147
O1pGR,HN_7,2.0,1.0,0.0,4.0,4.0,1.0,0.0,4.0,3.0,2.0,2.0,5.0,-0.5658741079714552,-0.012320989224803477,-0.30697872051108915,-0.3147371570462171,-0.2579749635169646,-0.11198040156961447,-0.6379261981720685,0.38061069506807077,-0.3390765734226987,0.05650807564649304,-0.5738654253410526,0.39972291346239147
O1pGR,HN_8,3.0,4.0,1.0,2.0,2.0,7.0,1.0,4.0,2.0,3.0,2.0,7.0,-0.3488111619571828,0.4215308633001123,-0.045582976408871316,-0.771579052348739,-0.6289874817584823,0.7220048996075964,-0.455934398375172,0.38061069506807077,-0.5593843822817991,0.21375672970541085,-0.5738654253410526,0.6998614567311957
O1pGR,HP_2,9.0,0.0,0.0,9.0,8.0,0.0,7.0,0.0,9.0,0.0,8.0,0.0,0.9535665141284516,-0.15693827339977542,-0.30697872051108915,0.8273675812100878,0.4840500729660709,-0.2509779517658163,0.636016400406207,-0.2387786098638585,0.9827702797319039,-0.2579892324713426,0.7045382986357898,-0.35062344470961915
O1pGR,HP_4,9.0,0.0,0.0,8.0,8.0,0.0,8.0,0.0,9.0,0.0,8.0,0.0,0.9535665141284516,-0.15693827339977542,-0.30697872051108915,0.5989466335588268,0.4840500729660709,-0.2509779517658163,0.8180082002031035,-0.2387786098638585,0.9827702797319039,-0.2579892324713426,0.7045382986357898,-0.35062344470961915
O1pGR,HP_5,9.0,0.0,0.0,8.0,8.0,0.0,7.0,0.0,8.0,0.0,7.0,0.0,0.9535665141284516,-0.15693827339977542,-0.30697872051108915,0.5989466335588268,0.4840500729660709,-0.2509779517658163,0.636016400406207,-0.2387786098638585,0.7624624708728035,-0.2579892324713426,0.49147101130631604,-0.35062344470961915
O1pGR,HP_6,7.0,0.0,4.0,7.0,8.0,0.0,6.0,0.0,5.0,0.0,6.0,0.0,0.5194406220999068,-0.15693827339977542,0.7386042558977822,0.37052568590756585,0.4840500729660709,-0.2509779517658163,0.4540246006093105,-0.2387786098638585,0.10153904429550219,-0.2579892324713426,0.2784037239768423,-0.35062344470961915
O1pGR,HP_8,9.0,0.0,0.0,7.0,7.0,0.0,8.0,0.0,9.0,0.0,8.0,0.0,0.9535665141284516,-0.15693827339977542,-0.30697872051108915,0.37052568590756585,0.29854381384531203,-0.2509779517658163,0.8180082002031035,-0.2387786098638585,0.9827702797319039,-0.2579892324713426,0.7045382986357898,-0.35062344470961915
O1pGR,LN_1,3.0,0.0,5.0,6.0,6.0,0.0,4.0,0.0,4.0,0.0,4.0,0.0,-0.3488111619571828,-0.15693827339977542,1.0,0.14210473825630485,0.11303755472455317,-0.2509779517658163,0.09004100101551749,-0.2387786098638585,-0.11876876456359825,-0.2579892324713426,-0.14773085068210512,-0.35062344470961915
O1pGR,LN_2,2.0,0.0,1.0,4.0,4.0,0.0,2.0,2.0,2.0,4.0,3.0,6.0,-0.5658741079714552,-0.15693827339977542,-0.045582976408871316,-0.3147371570462171,-0.2579749635169646,-0.2509779517658163,-0.2739425985782755,0.07091604260210616,-0.5593843822817991,0.3710053837643287,-0.36079813801157884,0.5497921850967936
O1pGR,LN_3,0.0,8.0,1.0,1.0,0.0,9.0,0.0,6.0,0.0,8.0,0.0,9.0,-1.0,1.0,-0.045582976408871316,-1.0,-1.0,1.0,-0.6379261981720685,0.6903053475340354,-1.0,1.0,-1.0,1.0
O1pGR,LN_4,3.0,0.0,1.0,4.0,6.0,1.0,1.0,0.0,1.0,0.0,3.0,6.0,-0.3488111619571828,-0.15693827339977542,-0.045582976408871316,-0.3147371570462171,0.11303755472455317,-0.11198040156961447,-0.455934398375172,-0.2387786098638585,-0.7796921911408996,-0.2579892324713426,-0.36079813801157884,0.5497921850967936
O1pGR,LN_5,1.0,5.0,0.0,4.0,4.0,8.0,0.0,2.0,2.0,2.0,2.0,6.0,-0.7829370539857275,0.5661481474750842,-0.30697872051108915,-0.3147371570462171,-0.2579749635169646,0.8610024498037981,-0.6379261981720685,0.07091604260210616,-0.5593843822817991,0.05650807564649304,-0.5738654253410526,0.5497921850967936
O1pGR,LN_6,3.0,0.0,0.0,6.0,6.0,1.0,2.0,1.0,2.0,2.0,4.0,4.0,-0.3488111619571828,-0.15693827339977542,-0.30697872051108915,0.14210473825630485,0.11303755472455317,-0.11198040156961447,-0.2739425985782755,-0.08393128363087617,-0.5593843822817991,0.05650807564649304,-0.14773085068210512,0.24965364182798935
O1pGR,LN_8,4.0,0.0,4.0,6.0,6.0,2.0,2.0,0.0,4.0,1.0,3.0,4.0,-0.13174821594291042,-0.15693827339977542,0.7386042558977822,0.14210473825630485,0.11303755472455317,0.027017148626587335,-0.2739425985782755,-0.2387786098638585,-0.11876876456359825,-0.10074057841242477,-0.36079813801157884,0.24965364182798935
O1pGR,LP_1,8.0,0.0,0.0,8.0,8.0,0.0,6.0,0.0,7.0,0.0,7.0,0.0,0.7365035681141792,-0.15693827339977542,-0.30697872051108915,0.5989466335588268,0.4840500729660709,-0.2509779517658163,0.4540246006093105,-0.2387786098638585,0.5421546620137031,-0.2579892324713426,0.49147101130631604,-0.35062344470961915
O1pGR,LP_2,6.0,0.0,4.0,8.0,8.0,0.0,4.0,0.0,6.0,0.0,6.0,0.0,0.3023776760856344,-0.15693827339977542,0.7386042558977822,0.5989466335588268,0.4840500729660709,-0.2509779517658163,0.09004100101551749,-0.2387786098638585,0.32184685315460265,-0.2579892324713426,0.2784037239768423,-0.35062344470961915
O1pGR,LP_3,8.0,0.0,1.0,9.0,9.0,0.0,7.0,0.0,8.0,0.0,7.0,2.0,0.7365035681141792,-0.15693827339977542,-0.045582976408871316,0.8273675812100878,0.6695563320868297,-0.2509779517658163,0.636016400406207,-0.2387786098638585,0.7624624708728035,-0.2579892324713426,0.49147101130631604,-0.05048490144081491
O1pGR,LP_4,9.0,0.0,1.0,9.0,9.0,0.0,6.0,0.0,9.0,0.0,8.0,0.0,0.9535665141284516,-0.15693827339977542,-0.045582976408871316,0.8273675812100878,0.6695563320868297,-0.2509779517658163,0.4540246006093105,-0.2387786098638585,0.9827702797319039,-0.2579892324713426,0.7045382986357898,-0.35062344470961915
O1pGR,LP_5,8.0,0.0,0.0,8.0,9.0,0.0,7.0,0.0,9.0,0.0,9.0,1.0,0.7365035681141792,-0.15693827339977542,-0.30697872051108915,0.5989466335588268,0.6695563320868297,-0.2509779517658163,0.636016400406207,-0.2387786098638585,0.9827702797319039,-0.2579892324713426,0.9176055859652634,-0.20055417307521703
O1pGR,LP_6,2.0,0.0,4.0,7.0,8.0,0.0,3.0,0.0,3.0,1.0,6.0,0.0,-0.5658741079714552,-0.15693827339977542,0.7386042558977822,0.37052568590756585,0.4840500729660709,-0.2509779517658163,-0.09195079878137902,-0.2387786098638585,-0.3390765734226987,-0.10074057841242477,0.2784037239768423,-0.35062344470961915
O1pGR,LP_7,8.0,0.0,0.0,7.0,7.0,0.0,6.0,0.0,8.0,1.0,7.0,4.0,0.7365035681141792,-0.15693827339977542,-0.30697872051108915,0.37052568590756585,0.29854381384531203,-0.2509779517658163,0.4540246006093105,-0.2387786098638585,0.7624624708728035,-0.10074057841242477,0.49147101130631604,0.24965364182798935
O1pGR,LP_8,8.0,0.0,0.0,8.0,8.0,0.0,9.0,0.0,9.0,0.0,9.0,0.0,0.7365035681141792,-0.15693827339977542,-0.30697872051108915,0.5989466335588268,0.4840500729660709,-0.2509779517658163,1.0,-0.2387786098638585,0.9827702797319039,-0.2579892324713426,0.9176055859652634,-0.35062344470961915
XhsN0o,HN_1,0.0,7.0,7.0,0.0,0.0,9.0,0.0,8.0,0.0,9.0,0.0,9.0,-0.41437731324610333,0.7404039163358235,1.0,-0.9471593720368265,-0.7086744118378457,1.0,-0.4087077455844564,0.8722272516437768,-0.7227999059957668,1.0,-0.7391075773725175,1.0
XhsN0o,HN_4,0.0,9.0,0.0,2.0,0.0,0.0,0.0,0.0,0.0,9.0,0.0,6.0,-0.41437731324610333,1.0,-0.1647588853236011,-0.5144572893619762,-0.7086744118378457,-0.1737004079587164,-0.4087077455844564,-0.1499547352060092,-0.7227999059957668,1.0,-0.7391075773725175,0.5153399069726979
XhsN0o,HN_5,0.0,8.0,0.0,0.0,0.0,7.0,0.0,0.0,0.0,8.0,0.0,8.0,-0.41437731324610333,0.8702019581679118,-0.1647588853236011,-0.9471593720368265,-0.7086744118378457,0.7391776871202852,-0.4087077455844564,-0.1499547352060092,-0.7227999059957668,0.8459389631370842,-0.7391075773725175,0.8384466356575659
XhsN0o,HN_6,0.0,9.0,0.0,0.0,0.0,9.0,0.0,9.0,0.0,9.0,0.0,9.0,-0.41437731324610333,1.0,-0.1647588853236011,-0.9471593720368265,-0.7086744118378457,1.0,-0.4087077455844564,1.0,-0.7227999059957668,1.0,-0.7391075773725175,1.0
XhsN0o,HN_7,0.0,0.0,0.0,1.0,0.0,0.0,0.0,6.0,0.0,6.0,0.0,8.0,-0.41437731324610333,-0.16818237648879417,-0.1647588853236011,-0.7308083306994013,-0.7086744118378457,-0.1737004079587164,-0.4087077455844564,0.6166817549313303,-0.7227999059957668,0.5378168894112524,-0.7391075773725175,0.8384466356575659
XhsN0o,HN_8,0.0,2.0,1.0,6.0,0.0,7.0,0.0,0.0,0.0,9.0,0.0,6.0,-0.41437731324610333,0.09141370717538232,0.0016352411511990333,0.3509468759877245,-0.7086744118378457,0.7391776871202852,-0.4087077455844564,-0.1499547352060092,-0.7227999059957668,1.0,-0.7391075773725175,0.5153399069726979
XhsN0o,HP_2,7.0,0.0,0.0,8.0,9.0,0.0,1.0,0.0,9.0,0.0,9.0,0.0,0.823202835844237,-0.16818237648879417,-0.1647588853236011,0.7836489586625748,1.0,-0.1737004079587164,-0.23261927738639934,-0.1499547352060092,1.0,-0.3865493317662429,1.0,-0.4539802790819064
XhsN0o,HP_4,5.0,0.0,2.0,9.0,7.0,0.0,7.0,0.0,7.0,0.0,7.0,0.0,0.4696085075327113,-0.16818237648879417,0.16802936762599915,1.0,0.6202945751471454,-0.1737004079587164,0.823911531801943,-0.1499547352060092,0.6171555764453851,-0.3865493317662429,0.6135316494727739,-0.4539802790819064
XhsN0o,HP_5,0.0,2.0,0.0,7.0,2.0,2.0,3.0,0.0,3.0,6.0,3.0,0.0,-0.41437731324610333,0.09141370717538232,-0.1647588853236011,0.5672979173251497,-0.3289689869849911,0.08712190492099836,0.11955765900971473,-0.1499547352060092,-0.14853327066384456,0.5378168894112524,-0.1594050515816783,-0.4539802790819064
XhsN0o,HP_6,6.0,0.0,0.0,6.0,8.0,0.0,6.0,0.0,9.0,0.0,8.0,0.0,0.6464056716884742,-0.16818237648879417,-0.1647588853236011,0.3509468759877245,0.8101472875735727,-0.1737004079587164,0.6478230636038859,-0.1499547352060092,1.0,-0.3865493317662429,0.8067658247363869,-0.4539802790819064
XhsN0o,HP_8,7.0,0.0,6.0,5.0,5.0,0.0,6.0,0.0,7.0,0.0,6.0,0.0,0.823202835844237,-0.16818237648879417,0.8336058735251999,0.1345958346502993,0.2405891502942908,-0.1737004079587164,0.6478230636038859,-0.1499547352060092,0.6171555764453851,-0.3865493317662429,0.42029747420916086,-0.4539802790819064
XhsN0o,LN_1,0.0,0.0,0.0,8.0,3.0,0.0,0.0,0.0,0.0,1.0,3.0,6.0,-0.41437731324610333,-0.16818237648879417,-0.1647588853236011,0.7836489586625748,-0.1391162745585638,-0.1737004079587164,-0.4087077455844564,-0.1499547352060092,-0.7227999059957668,-0.23248829490332704,-0.1594050515816783,0.5153399069726979
XhsN0o,LN_2,0.0,0.0,0.0,3.0,0.0,0.0,0.0,3.0,0.0,3.0,0.0,8.0,-0.41437731324610333,-0.16818237648879417,-0.1647588853236011,-0.29810624802455105,-0.7086744118378457,-0.1737004079587164,-0.4087077455844564,0.23336350986266052,-0.7227999059957668,0.07563377882250473,-0.7391075773725175,0.8384466356575659
XhsN0o,LN_3,0.0,9.0,0.0,0.0,0.0,9.0,0.0,0.0,0.0,9.0,0.0,9.0,-0.41437731324610333,1.0,-0.1647588853236011,-0.9471593720368265,-0.7086744118378457,1.0,-0.4087077455844564,-0.1499547352060092,-0.7227999059957668,1.0,-0.7391075773725175,1.0
XhsN0o,LN_4,0.0,0.0,0.0,2.0,0.0,0.0,0.0,0.0,0.0,0.0,0.0,8.0,-0.41437731324610333,-0.16818237648879417,-0.1647588853236011,-0.5144572893619762,-0.7086744118378457,-0.1737004079587164,-0.4087077455844564,-0.1499547352060092,-0.7227999059957668,-0.3865493317662429,-0.7391075773725175,0.8384466356575659
XhsN0o,LN_5,2.0,0.0,6.0,8.0,1.0,0.0,0.0,0.0,0.0,2.0,0.0,0.0,-0.06078298493457749,-0.16818237648879417,0.8336058735251999,0.7836489586625748,-0.5188216994114184,-0.1737004079587164,-0.4087077455844564,-0.1499547352060092,-0.7227999059957668,-0.07842725804041116,-0.7391075773725175,-0.4539802790819064
XhsN0o,LN_6,0.0,0.0,0.0,1.0,0.0,0.0,0.0,0.0,0.0,0.0,0.0,7.0,-0.41437731324610333,-0.16818237648879417,-0.1647588853236011,-0.7308083306994013,-0.7086744118378457,-0.1737004079587164,-0.4087077455844564,-0.1499547352060092,-0.7227999059957668,-0.3865493317662429,-0.7391075773725175,0.6768932713151319
XhsN0o,LN_8,0.0,0.0,0.0,2.0,0.0,0.0,0.0,0.0,0.0,3.0,0.0,9.0,-0.41437731324610333,-0.16818237648879417,-0.1647588853236011,-0.5144572893619762,-0.7086744118378457,-0.1737004079587164,-0.4087077455844564,-0.1499547352060092,-0.7227999059957668,0.07563377882250473,-0.7391075773725175,1.0
XhsN0o,LP_1,6.0,0.0,0.0,8.0,9.0,0.0,6.0,0.0,9.0,0.0,9.0,0.0,0.6464056716884742,-0.16818237648879417,-0.1647588853236011,0.7836489586625748,1.0,-0.1737004079587164,0.6478230636038859,-0.1499547352060092,1.0,-0.3865493317662429,1.0,-0.4539802790819064
XhsN0o,LP_2,6.0,0.0,0.0,8.0,9.0,0.0,2.0,0.0,9.0,0.0,9.0,0.0,0.6464056716884742,-0.16818237648879417,-0.1647588853236011,0.7836489586625748,1.0,-0.1737004079587164,-0.056530809188342315,-0.1499547352060092,1.0,-0.3865493317662429,1.0,-0.4539802790819064
XhsN0o,LP_3,0.0,0.0,0.0,7.0,9.0,0.0,7.0,0.0,9.0,0.0,9.0,0.0,-0.41437731324610333,-0.16818237648879417,-0.1647588853236011,0.5672979173251497,1.0,-0.1737004079587164,0.823911531801943,-0.1499547352060092,1.0,-0.3865493317662429,1.0,-0.4539802790819064
XhsN0o,LP_4,1.0,0.0,0.0,9.0,9.0,0.0,1.0,0.0,8.0,0.0,9.0,0.0,-0.2375801490903404,-0.16818237648879417,-0.1647588853236011,1.0,1.0,-0.1737004079587164,-0.23261927738639934,-0.1499547352060092,0.8085777882226926,-0.3865493317662429,1.0,-0.4539802790819064
XhsN0o,LP_5,0.0,0.0,0.0,8.0,8.0,0.0,1.0,0.0,8.0,0.0,8.0,0.0,-0.41437731324610333,-0.16818237648879417,-0.1647588853236011,0.7836489586625748,0.8101472875735727,-0.1737004079587164,-0.23261927738639934,-0.1499547352060092,0.8085777882226926,-0.3865493317662429,0.8067658247363869,-0.4539802790819064
XhsN0o,LP_6,0.0,0.0,0.0,8.0,6.0,0.0,1.0,0.0,7.0,0.0,7.0,0.0,-0.41437731324610333,-0.16818237648879417,-0.1647588853236011,0.7836489586625748,0.4304418627207181,-0.1737004079587164,-0.23261927738639934,-0.1499547352060092,0.6171555764453851,-0.3865493317662429,0.6135316494727739,-0.4539802790819064
XhsN0o,LP_7,0.0,0.0,0.0,9.0,9.0,0.0,1.0,0.0,9.0,0.0,9.0,0.0,-0.41437731324610333,-0.16818237648879417,-0.1647588853236011,1.0,1.0,-0.1737004079587164,-0.23261927738639934,-0.1499547352060092,1.0,-0.3865493317662429,1.0,-0.4539802790819064
XhsN0o,LP_8,6.0,0.0,0.0,6.0,9.0,0.0,6.0,0.0,9.0,0.0,8.0,0.0,0.6464056716884742,-0.16818237648879417,-0.1647588853236011,0.3509468759877245,1.0,-0.1737004079587164,0.6478230636038859,-0.1499547352060092,1.0,-0.3865493317662429,0.8067658247363869,-0.4539802790819064
kH4Dd,HN_1,3.0,7.0,1.0,1.0,1.0,7.0,0.0,7.0,1.0,7.0,2.0,7.0,-0.32607810234437395,1.0,-0.19924045809857235,-0.514457289361976,-0.7394491299391602,1.0,-0.9444356813429406,0.843880320347728,-0.750796700109694,1.0,-0.6372079204499024,0.8063362648521428
kH4Dd,HN_4,5.0,0.0,2.0,3.0,4.0,0.0,2.0,1.0,3.0,5.0,3.0,6.0,0.11594793177041735,-0.19409681989313607,0.4003797709507138,-0.08175520668712574,0.04220348024335897,-0.32084579071345987,-0.38888262953067193,-0.09283775756590396,-0.25239010032908193,0.5148589960552052,-0.3832534647648341,0.6126725297042857
kH4Dd,HN_5,3.0,1.0,0.0,2.0,4.0,2.0,2.0,5.0,2.0,4.0,2.0,6.0,-0.32607810234437395,-0.023511559908402334,-0.7988606871478585,-0.2981062480245509,0.04220348024335897,0.0565387209189572,-0.38888262953067193,0.531640961043184,-0.5015934002193879,0.27228849408280786,-0.6372079204499024,0.6126725297042857
kH4Dd,HN_6,2.0,7.0,1.0,4.0,1.0,7.0,1.0,1.0,0.0,5.0,1.0,6.0,-0.5470911194017697,1.0,-0.19924045809857235,0.1345958346502994,-0.7394491299391602,1.0,-0.6666591554368063,-0.09283775756590396,-1.0,0.5148589960552052,-0.8911623761349706,0.6126725297042857
kH4Dd,HN_7,1.0,2.0,1.0,4.0,2.0,5.0,1.0,2.0,1.0,5.0,1.0,7.0,-0.7681041364591653,0.1470737000763314,-0.19924045809857235,0.1345958346502994,-0.4788982598783205,0.6226154883675828,-0.6666591554368063,0.06328192208636803,-0.750796700109694,0.5148589960552052,-0.8911623761349706,0.8063362648521428
kH4Dd,HN_8,9.0,0.0,0.0,3.0,4.0,5.0,4.0,0.0,7.0,1.0,8.0,6.0,1.0,-0.19409681989313607,-0.7988606871478585,-0.08175520668712574,0.04220348024335897,0.6226154883675828,0.16667042228159684,-0.24895743721817595,0.7444230992321421,-0.4554230118343844,0.8865188136605073,0.6126725297042857
kH4Dd,HP_2,7.0,0.0,2.0,3.0,5.0,0.0,6.0,0.0,6.0,0.0,7.0,0.0,0.5579739658852086,-0.19409681989313607,0.4003797709507138,-0.08175520668712574,0.3027543503041987,-0.32084579071345987,0.7222234740938657,-0.24895743721817595,0.49521979934183613,-0.6979935138067819,0.6325643579754391,-0.5493098811828573
kH4Dd,HP_4,5.0,0.0,3.0,4.0,5.0,0.0,5.0,0.0,5.0,3.0,5.0,0.0,0.11594793177041735,-0.19409681989313607,1.0,0.1345958346502994,0.3027543503041987,-0.32084579071345987,0.44444694818773123,-0.24895743721817595,0.24601649945153012,0.029717992110410433,0.12465544660530248,-0.5493098811828573
kH4Dd,HP_5,6.0,0.0,1.0,3.0,4.0,0.0,5.0,2.0,5.0,1.0,6.0,0.0,0.336960948827813,-0.19409681989313607,-0.19924045809857235,-0.08175520668712574,0.04220348024335897,-0.32084579071345987,0.44444694818773123,0.06328192208636803,0.24601649945153012,-0.4554230118343844,0.3786099022903708,-0.5493098811828573
kH4Dd,HP_6,8.0,0.0,1.0,3.0,6.0,0.0,6.0,0.0,7.0,0.0,7.0,0.0,0.7789869829426044,-0.19409681989313607,-0.19924045809857235,-0.08175520668712574,0.5633052203650385,-0.32084579071345987,0.7222234740938657,-0.24895743721817595,0.7444230992321421,-0.6979935138067819,0.6325643579754391,-0.5493098811828573
kH4Dd,HP_8,6.0,0.0,1.0,3.0,5.0,0.0,4.0,0.0,5.0,2.0,6.0,0.0,0.336960948827813,-0.19409681989313607,-0.19924045809857235,-0.08175520668712574,0.3027543503041987,-0.32084579071345987,0.16667042228159684,-0.24895743721817595,0.24601649945153012,-0.21285250986198698,0.3786099022903708,-0.5493098811828573
kH4Dd,LN_1,1.0,0.0,3.0,5.0,3.0,1.0,2.0,0.0,3.0,5.0,3.0,6.0,-0.7681041364591653,-0.19409681989313607,1.0,0.3509468759877245,-0.21834738981748078,-0.13215353489725135,-0.38888262953067193,-0.24895743721817595,-0.25239010032908193,0.5148589960552052,-0.3832534647648341,0.6126725297042857
kH4Dd,LN_2,3.0,1.0,0.0,2.0,2.0,1.0,2.0,7.0,2.0,3.0,2.0,6.0,-0.32607810234437395,-0.023511559908402334,-0.7988606871478585,-0.2981062480245509,-0.4788982598783205,-0.13215353489725135,-0.38888262953067193,0.843880320347728,-0.5015934002193879,0.029717992110410433,-0.6372079204499024,0.6126725297042857
kH4Dd,LN_3,1.0,7.0,1.0,3.0,1.0,7.0,0.0,0.0,0.0,7.0,1.0,7.0,-0.7681041364591653,1.0,-0.19924045809857235,-0.08175520668712574,-0.7394491299391602,1.0,-0.9444356813429406,-0.24895743721817595,-1.0,1.0,-0.8911623761349706,0.8063362648521428
kH4Dd,LN_4,1.0,5.0,1.0,4.0,0.0,5.0,2.0,3.0,1.0,6.0,2.0,6.0,-0.7681041364591653,0.6588294800305325,-0.19924045809857235,0.1345958346502994,-1.0,0.6226154883675828,-0.38888262953067193,0.21940160173864004,-0.750796700109694,0.7574294980276027,-0.6372079204499024,0.6126725297042857
kH4Dd,LN_5,8.0,0.0,0.0,4.0,4.0,0.0,3.0,0.0,5.0,1.0,6.0,1.0,0.7789869829426044,-0.19409681989313607,-0.7988606871478585,0.1345958346502994,0.04220348024335897,-0.32084579071345987,-0.11110610362453753,-0.24895743721817595,0.24601649945153012,-0.4554230118343844,0.3786099022903708,-0.3556461460350001
kH4Dd,LN_6,1.0,0.0,1.0,3.0,4.0,0.0,3.0,0.0,4.0,5.0,4.0,5.0,-0.7681041364591653,-0.19409681989313607,-0.19924045809857235,-0.08175520668712574,0.04220348024335897,-0.32084579071345987,-0.11110610362453753,-0.24895743721817595,-0.003186800438775914,0.5148589960552052,-0.1292990090797658,0.41900879455642853
kH4Dd,LN_8,2.0,5.0,1.0,2.0,2.0,6.0,2.0,6.0,1.0,7.0,1.0,6.0,-0.5470911194017697,0.6588294800305325,-0.19924045809857235,-0.2981062480245509,-0.4788982598783205,0.8113077441837915,-0.38888262953067193,0.6877606406954561,-0.750796700109694,1.0,-0.8911623761349706,0.6126725297042857
kH4Dd,LP_1,7.0,0.0,0.0,5.0,6.0,0.0,4.0,0.0,6.0,1.0,7.0,2.0,0.5579739658852086,-0.19409681989313607,-0.7988606871478585,0.3509468759877245,0.5633052203650385,-0.32084579071345987,0.16667042228159684,-0.24895743721817595,0.49521979934183613,-0.4554230118343844,0.6325643579754391,-0.16198241088714296
kH4Dd,LP_2,7.0,0.0,2.0,4.0,7.0,0.0,7.0,0.0,8.0,0.0,7.0,0.0,0.5579739658852086,-0.19409681989313607,0.4003797709507138,0.1345958346502994,0.8238560904258782,-0.32084579071345987,1.0,-0.24895743721817595,0.9936263991224482,-0.6979935138067819,0.6325643579754391,-0.5493098811828573
kH4Dd,LP_3,7.0,2.0,2.0,4.0,3.0,5.0,7.0,0.0,5.0,4.0,6.0,5.0,0.5579739658852086,0.1470737000763314,0.4003797709507138,0.1345958346502994,-0.21834738981748078,0.6226154883675828,1.0,-0.24895743721817595,0.24601649945153012,0.27228849408280786,0.3786099022903708,0.41900879455642853
kH4Dd,LP_4,6.0,0.0,2.0,6.0,6.0,0.0,5.0,0.0,7.0,1.0,7.0,0.0,0.336960948827813,-0.19409681989313607,0.4003797709507138,0.5672979173251497,0.5633052203650385,-0.32084579071345987,0.44444694818773123,-0.24895743721817595,0.7444230992321421,-0.4554230118343844,0.6325643579754391,-0.5493098811828573
kH4Dd,LP_5,8.0,0.0,0.0,3.0,5.0,0.0,7.0,0.0,5.0,1.0,7.0,5.0,0.7789869829426044,-0.19409681989313607,-0.7988606871478585,-0.08175520668712574,0.3027543503041987,-0.32084579071345987,1.0,-0.24895743721817595,0.24601649945153012,-0.4554230118343844,0.6325643579754391,0.41900879455642853
kH4Dd,LP_6,5.0,0.0,1.0,8.0,6.0,0.0,5.0,1.0,6.0,2.0,7.0,1.0,0.11594793177041735,-0.19409681989313607,-0.19924045809857235,1.0,0.5633052203650385,-0.32084579071345987,0.44444694818773123,-0.09283775756590396,0.49521979934183613,-0.21285250986198698,0.6325643579754391,-0.3556461460350001
kH4Dd,LP_7,5.0,5.0,1.0,3.0,3.0,6.0,6.0,2.0,4.0,5.0,5.0,5.0,0.11594793177041735,0.6588294800305325,-0.19924045809857235,-0.08175520668712574,-0.21834738981748078,0.8113077441837915,0.7222234740938657,0.06328192208636803,-0.003186800438775914,0.5148589960552052,0.12465544660530248,0.41900879455642853
kH4Dd,LP_8,5.0,0.0,3.0,4.0,5.0,0.0,5.0,0.0,7.0,1.0,8.0,0.0,0.11594793177041735,-0.19409681989313607,1.0,0.1345958346502994,0.3027543503041987,-0.32084579071345987,0.44444694818773123,-0.24895743721817595,0.7444230992321421,-0.4554230118343844,0.8865188136605073,-0.5493098811828573
6GSd4,HP_1_L,2.0,0.0,0.0,6.0,5.0,0.0,3.0,0.0,4.0,0.0,5.0,0.0,-0.28860462907260237,-0.074015100672377,-0.2238747560022263,0.40366924425050227,0.25076481056009375,-0.11448296584755488,0.006973974084489169,-0.11106221242419442,0.08716415856978381,-0.2528396061997193,0.22306508620944238,-0.1315872749630946
8vDRG,HP_1_L,3.0,0.0,9.0,0.0,9.0,0.0,3.0,0.0,3.0,0.0,7.0,0.0,0.09090790050871762,-0.1972526759412346,1.0,-0.6094155295477985,1.0,-0.14660243112921068,0.21416930806587967,-0.2424845248486332,0.07288352926773768,-0.5931151927100434,0.6002698049141255,-0.29483093844367636
Fjil72,HP_1_L,3.0,0.0,0.0,0.0,0.0,0.0,0.0,0.0,2.0,0.0,1.0,0.0,0.1954929577464789,-0.1673450149869936,-0.11458648909714611,-0.298106248024551,-0.27384128189520696,-0.20697259946295116,-0.16391999257383563,-0.20142901217441836,0.002698266670674951,-0.3029820074864114,-0.141335840759741,-0.23596531620980363
Fyt7d,HP_1_H,5.0,0.0,0.0,0.0,0.0,0.0,0.0,0.0,0.0,0.0,6.0,0.0,0.41645149303382645,-0.051482793266366345,-0.07019681311629968,-0.19772171288013193,-0.4465076444830106,-0.08332062365510211,-0.13376708936342488,-0.09243394477560511,-0.46578213679707015,-0.39113216120738337,0.5821272896474025,-0.2682373678972198
G4Egk,HP_1_H,6.0,3.0,3.0,4.0,5.0,2.0,6.0,2.0,7.0,3.0,6.0,6.0,0.4730333851664335,0.3494655424107226,-0.2515005941862604,0.128680098223764,0.31647188234198836,0.037073215418530286,0.5160861072229146,0.09767235040362991,0.6459905272809011,0.07342801357182135,0.4444308927087597,0.7901644311860297
Gftw5,HP_1_H,7.0,0.0,0.0,4.0,4.0,0.0,6.0,0.0,6.0,0.0,5.0,0.0,0.8025721187711362,-0.12349235701587231,-0.13199504299900533,0.14622904684994503,0.15989182226576393,-0.13765386634903745,0.600279116250337,-0.1493688660199502,0.5666992563349271,-0.3498442724960716,0.2616827750495573,-0.26843397949055475
KoG5ii,HP_1_L,5.0,0.0,1.0,4.0,5.0,0.0,4.0,0.0,7.0,1.0,7.0,0.0,0.5125892162136784,-0.09339488617851789,0.22518306840129534,0.07951426117282674,0.2599857037104633,-0.1690282306785839,0.5371428792252052,-0.1848291765127237,0.7831830865168694,-0.147816470591831,0.6818680726497771,-0.3502409384790456
M4t7k,HP_1_L,7.0,0.0,0.0,8.0,6.0,0.0,6.0,0.0,6.0,0.0,6.0,0.0,0.32206543650178315,-0.08004324700582657,-0.12266942797009049,0.44417711216115896,0.23070513796057004,-0.10940798966533796,0.392914225673623,-0.12729015681224107,0.3097711932736187,-0.18884677313589515,0.34152858324016216,-0.18287059872145853
O1pGR,HP_1_L,7.0,0.0,4.0,8.0,8.0,0.0,4.0,0.0,5.0,0.0,6.0,0.0,0.5194406220999068,-0.15693827339977542,0.7386042558977822,0.5989466335588268,0.4840500729660709,-0.2509779517658163,0.09004100101551749,-0.2387786098638585,0.10153904429550219,-0.2579892324713426,0.2784037239768423,-0.35062344470961915
XhsN0o,HP_1_L,8.0,0.0,2.0,7.0,6.0,0.0,8.0,0.0,6.0,0.0,8.0,0.0,1.0,-0.16818237648879417,0.16802936762599915,0.5672979173251497,0.4304418627207181,-0.1737004079587164,1.0,-0.1499547352060092,0.4257333646680777,-0.3865493317662429,0.8067658247363869,-0.4539802790819064
kH4Dd,HP_1_L,2.0,0.0,3.0,3.0,4.0,0.0,2.0,0.0,4.0,5.0,4.0,0.0,-0.5470911194017697,-0.19409681989313607,1.0,-0.08175520668712574,0.04220348024335897,-0.32084579071345987,-0.38888262953067193,-0.24895743721817595,-0.003186800438775914,0.5148589960552052,-0.1292990090797658,-0.5493098811828573
6GSd4,HP_1_H,7.0,0.46153846153846156,0.7692307692307693,3.9615384615384617,4.961538461538462,0.34615384615384615,5.269230769230769,0.34615384615384615,6.230769230769231,0.8076923076923077,5.961538461538462,0.5384615384615384,0.7852325618212329,0.1738345379443254,0.10955266149838024,-0.16859590917470246,0.2411592312083001,-0.018037324572285712,0.7581090449692987,0.08123701664922384,0.5962456855212506,-0.05045782365976461,0.45826991048048904,0.09690630940445336
8vDRG,HP_1_H,7.0,0.46153846153846156,0.7692307692307693,3.9615384615384617,4.961538461538462,0.34615384615384615,5.269230769230769,0.34615384615384615,6.230769230769231,0.8076923076923077,5.961538461538462,0.5384615384615384,0.6969693001695726,-0.1358551028160431,-0.05386440262187332,0.09900241721896752,0.3377867221346433,-0.10250233762424105,0.570815545174442,-0.19469665850830117,0.5721000904312635,-0.4501433164411933,0.3927175882349216,-0.217362420759012
Fjil72,HP_1_H,7.0,0.46153846153846156,0.7692307692307693,3.9615384615384617,4.961538461538462,0.34615384615384615,5.269230769230769,0.34615384615384615,6.230769230769231,0.8076923076923077,5.961538461538462,0.5384615384615384,1.0,-0.05959009052665575,0.09975706649845893,0.5589767234275564,0.9902012209084985,-0.14728714124775028,1.0,-0.1420176873965625,0.8465689641031808,-0.03987987135934757,1.0,-0.1408910611167418
Fyt7d,HP_1_L,4.324324324324325,0.0,2.0,4.918918918918919,4.54054054054054,0.0,3.918918918918919,0.10810810810810811,4.756756756756757,0.2702702702702703,5.216216216216216,0.0,0.3178791101003512,-0.051482793266366345,0.23557370491692883,0.4568889530183186,0.37448318076410353,-0.08332062365510211,0.42162557265582046,-0.07556237806092395,0.4057639985957825,-0.3374204947514998,0.4183663626173303,-0.2682373678972198
G4Egk,HP_1_L,4.324324324324325,0.0,2.0,4.918918918918919,4.54054054054054,0.0,3.918918918918919,0.10810810810810811,4.756756756756757,0.2702702702702703,5.216216216216216,0.0,0.17869167237651354,-0.3010689151785548,-0.5010003961241736,0.28881456665831556,0.23795851747586538,-0.34809749841405757,0.18039809151268407,-0.3253274566303059,0.24892584842029025,-0.3481205027761338,0.2992822070200572,-0.46884898169779154
Gftw5,HP_1_L,4.324324324324325,0.0,2.0,4.918918918918919,4.54054054054054,0.0,3.918918918918919,0.10810810810810811,4.756756756756757,0.2702702702702703,5.216216216216216,0.0,0.2743191392668792,-0.12349235701587231,0.15100371775074597,0.3031383031045498,0.25071432796676235,-0.13765386634903745,0.18435333180812025,-0.1338368543169779,0.2973501454079901,-0.3042414254522854,0.3015918142360676,-0.26843397949055475
KoG5ii,HP_1_H,7.0,0.46153846153846156,0.7692307692307693,3.9615384615384617,4.961538461538462,0.34615384615384615,5.269230769230769,0.34615384615384615,6.230769230769231,0.8076923076923077,5.961538461538462,0.5384615384615384,0.8375297387378928,-0.021302915661252968,0.11139876376092614,0.06913431635385729,0.2502935059896136,-0.06786232610062955,0.8778769289032656,-0.12623872272912748,0.6164008453759998,-0.18460546003387684,0.43236017176217284,-0.2593593368506483
M4t7k,HP_1_H,7.0,0.46153846153846156,0.7692307692307693,3.9615384615384617,4.961538461538462,0.34615384615384615,5.269230769230769,0.34615384615384615,6.230769230769231,0.8076923076923077,5.961538461538462,0.5384615384615384,0.32206543650178315,-0.024656413826040596,-0.014720444511427939,-0.284854603112503,0.017698479467394494,-0.0667384516012865,0.24503435756847983,-0.06225418622691948,0.3601470083995271,-0.08215539605959686,0.33308664199965143,-0.11210056290051658
O1pGR,HP_1_H,7.0,0.46153846153846156,0.7692307692307693,3.9615384615384617,4.961538461538462,0.34615384615384615,5.269230769230769,0.34615384615384615,6.230769230769231,0.8076923076923077,5.961538461538462,0.5384615384615384,0.5194406220999068,-0.09019183454978837,-0.1059050712016908,-0.32352257810972707,-0.07960356051623486,-0.20286341515943876,0.3210305930654246,-0.18517761232167232,0.37268711673747196,-0.13098070419298588,0.2702088283103241,-0.2698169138295565
XhsN0o,HP_1_H,7.0,0.46153846153846156,0.7692307692307693,3.9615384615384617,4.961538461538462,0.34615384615384615,5.269230769230769,0.34615384615384615,6.230769230769231,0.8076923076923077,5.961538461538462,0.5384615384615384,0.823202835844237,-0.10827558795090729,-0.036763403419908684,-0.09007640058471911,0.23328712289327438,-0.12855808457568885,0.5191430291514595,-0.105725706928855,0.46990772123207175,-0.2621154173769647,0.4128653905451758,-0.3669900059744419
kH4Dd,HP_1_H,7.0,0.46153846153846156,0.7692307692307693,3.9615384615384617,4.961538461538462,0.34615384615384615,5.269230769230769,0.34615384615384615,6.230769230769231,0.8076923076923077,5.961538461538462,0.5384615384615384,0.5579739658852086,-0.11536516143864356,-0.3376143571099461,0.12627464075270614,0.29273316299416646,-0.25552924062323384,0.5192329359316905,-0.19491600964623562,0.552728253162676,-0.5020711852906146,0.3688424232255605,-0.44502940841093425
6GSd4,HP_3_H,7.0,0.0,0.0,5.0,6.0,0.0,5.0,0.0,6.0,0.0,6.0,0.0,0.7852325618212329,-0.074015100672377,-0.2238747560022263,0.1229353954004018,0.5005098737067292,-0.11448296584755488,0.6689913246948297,-0.11106221242419442,0.5435820792848919,-0.2528396061997193,0.4676781034513309,-0.1315872749630946
8vDRG,HP_3_H,9.0,0.0,0.0,0.0,0.0,0.0,6.0,0.0,9.0,0.0,9.0,0.0,1.0,-0.1972526759412346,-0.1523564028669082,-0.6094155295477985,-0.47578959067136656,-0.14660243112921068,0.6856677232263518,-0.2424845248486332,1.0,-0.5931151927100434,1.0,-0.29483093844367636
Fjil72,HP_3_H,7.0,0.0,0.0,1.0,0.0,0.0,1.0,0.0,3.0,0.0,2.0,0.0,1.0,-0.1673450149869936,-0.11458648909714611,-0.08175520668712581,-0.27384128189520696,-0.20697259946295116,0.05696993302411857,-0.20142901217441836,0.20215861333653995,-0.3029820074864114,0.08870084032361762,-0.23596531620980363
Fyt7d,HP_3_H,9.0,0.0,0.0,0.0,5.0,0.0,0.0,0.0,6.0,0.0,6.0,0.0,1.0,-0.051482793266366345,-0.07019681311629968,-0.19772171288013193,0.45755963331887106,-0.08332062365510211,-0.13376708936342488,-0.09243394477560511,0.6335544658007325,-0.39113216120738337,0.5821272896474025,-0.2682373678972198
G4Egk,HP_3_H,7.0,1.0,2.0,4.0,5.0,2.0,6.0,1.0,6.0,1.0,6.0,1.0,0.648688923444289,-0.08422409598212897,-0.5010003961241736,0.128680098223764,0.31647188234198836,0.037073215418530286,0.5160861072229146,-0.12591326188573615,0.4689857909213517,-0.23542931523757155,0.4444308927087597,-0.2590134128838213
Gftw5,HP_3_H,8.0,0.0,0.0,4.0,4.0,0.0,6.0,0.0,8.0,0.0,7.0,0.0,1.0,-0.12349235701587231,-0.13199504299900533,0.14622904684994503,0.15989182226576393,-0.13765386634903745,0.600279116250337,-0.1493688660199502,1.0,-0.3498442724960716,0.6308413875247786,-0.26843397949055475
KoG5ii,HP_3_H,8.0,0.0,0.0,4.0,6.0,0.0,5.0,0.0,6.0,0.0,7.0,0.0,1.0,-0.09339488617851789,-0.2678822517069713,0.07951426117282674,0.5119828444525559,-0.1690282306785839,0.8056000092745862,-0.1848291765127237,0.5663661730337389,-0.3391192156904695,0.6818680726497771,-0.3502409384790456
M4t7k,HP_3_H,8.0,0.0,0.0,8.0,9.0,0.0,7.0,0.0,7.0,0.0,8.0,0.0,0.5109319274306093,-0.08004324700582657,-0.12266942797009049,0.44417711216115896,0.846057706940855,-0.10940798966533796,0.595276150449082,-0.12729015681224107,0.5280663921525551,-0.18884677313589515,0.7805095277467208,-0.18287059872145853
O1pGR,HP_3_H,9.0,0.0,0.0,7.0,7.0,0.0,7.0,0.0,9.0,0.0,9.0,0.0,0.9535665141284516,-0.15693827339977542,-0.30697872051108915,0.37052568590756585,0.29854381384531203,-0.2509779517658163,0.636016400406207,-0.2387786098638585,0.9827702797319039,-0.2579892324713426,0.9176055859652634,-0.35062344470961915
XhsN0o,HP_3_H,8.0,0.0,0.0,1.0,6.0,0.0,8.0,0.0,8.0,0.0,6.0,0.0,1.0,-0.16818237648879417,-0.1647588853236011,-0.7308083306994013,0.4304418627207181,-0.1737004079587164,1.0,-0.1499547352060092,0.8085777882226926,-0.3865493317662429,0.42029747420916086,-0.4539802790819064
kH4Dd,HP_3_H,9.0,0.0,0.0,3.0,7.0,1.0,4.0,0.0,6.0,3.0,8.0,2.0,1.0,-0.19409681989313607,-0.7988606871478585,-0.08175520668712574,0.8238560904258782,-0.13215353489725135,0.16667042228159684,-0.24895743721817595,0.49521979934183613,0.029717992110410433,0.8865188136605073,-0.16198241088714296
6GSd4,HP_3_L,4.0,0.03225806451612903,2.129032258064516,4.161290322580645,3.6774193548387095,0.16129032258064516,3.129032258064516,0.0967741935483871,4.193548387096774,0.2903225806451613,4.516129032258065,0.03225806451612903,0.14093024728493178,-0.05669227646798383,0.698966289854291,-0.11251880040935991,-0.0795431761822306,-0.06954413657950832,0.04968477089805949,-0.05730113762947534,0.13133363476802004,-0.18009408067844526,0.10470394883433516,-0.1178987192175733
8vDRG,HP_3_L,4.0,0.03225806451612903,2.129032258064516,4.161290322580645,3.6774193548387095,0.16129032258064516,3.129032258064516,0.0967741935483871,4.193548387096774,0.2903225806451613,4.516129032258065,0.03225806451612903,0.24242325042393137,-0.19296144771205453,0.12024403652096252,0.1347228335764524,0.12722120981800905,-0.12605400046381265,0.23444880979321178,-0.22912447619434684,0.2573099239832952,-0.5417243800419774,0.10383069166231393,-0.2901899673381435
Fjil72,HP_3_L,4.0,0.03225806451612903,2.129032258064516,4.161290322580645,3.6774193548387095,0.16129032258064516,3.129032258064516,0.0967741935483871,4.193548387096774,0.2903225806451613,4.516129032258065,0.03225806451612903,0.39661971830985915,-0.15981375682578722,0.47866115832552847,0.6021932465731215,0.6630484351115904,-0.17916217090389697,0.5272517101036339,-0.1848193944945877,0.44022418838934657,-0.20841073274949445,0.667502812081746,-0.23026962350837596
Fyt7d,HP_3_L,4.0,0.03225806451612903,2.129032258064516,4.161290322580645,3.6774193548387095,0.16129032258064516,3.129032258064516,0.0967741935483871,4.193548387096774,0.2903225806451613,4.516129032258065,0.03225806451612903,0.27056436629228303,-0.047242943293518094,0.25530083511262097,0.3560635952257355,0.2184192566099862,-0.061479482049152476,0.30968213510533404,-0.07733117134552761,0.30257140265300697,-0.3334354356273536,0.27209269809547526,-0.2636917142488427
G4Egk,HP_3_L,4.0,0.03225806451612903,2.129032258064516,4.161290322580645,3.6774193548387095,0.16129032258064516,3.129032258064516,0.0967741935483871,4.193548387096774,0.2903225806451613,4.516129032258065,0.03225806451612903,0.12172230861072254,-0.2940739210109281,-0.46880687329347515,0.156787191829449,0.09046661763248452,-0.3170353440727198,0.05298571521043488,-0.3278615568567765,0.1492352994331333,-0.3450238512667109,0.16963326974750115,-0.46208009238121184
Gftw5,HP_3_L,4.0,0.03225806451612903,2.129032258064516,4.161290322580645,3.6774193548387095,0.16129032258064516,3.129032258064516,0.0967741935483871,4.193548387096774,0.2903225806451613,4.516129032258065,0.03225806451612903,0.21028847508454493,-0.11624401922867315,0.16926170231524604,0.17377004533865645,0.10569129467000672,-0.11726580422808697,0.026486234738724142,-0.13546521038261208,0.1753308427019582,-0.3008579884135529,0.17237020751522963,-0.2633193263474477
KoG5ii,HP_3_L,4.0,0.03225806451612903,2.129032258064516,4.161290322580645,3.6774193548387095,0.16129032258064516,3.129032258064516,0.0967741935483871,4.193548387096774,0.2903225806451613,4.516129032258065,0.03225806451612903,0.3501189549515712,-0.08835620006709616,0.781869720136435,0.12304306202656971,-0.07330083727101414,-0.12188999557057652,0.30332537885961536,-0.1684490496484925,0.17469690996743856,-0.28357970904892926,0.08507617590308209,-0.34479641856582366
M4t7k,HP_3_L,4.0,0.03225806451612903,2.129032258064516,4.161290322580645,3.6774193548387095,0.16129032258064516,3.129032258064516,0.0967741935483871,4.193548387096774,0.2903225806451613,4.516129032258065,0.03225806451612903,-0.24453403628469536,-0.07617212425670175,0.17610550044130457,-0.2487949698839133,-0.24569685092739257,-0.08952612605126381,-0.18806033255269486,-0.10910805750881783,-0.08456852083026653,-0.1504968772282856,0.015833043767554306,-0.17863091915614865
O1pGR,HP_3_L,4.0,0.03225806451612903,2.129032258064516,4.161290322580645,3.6774193548387095,0.16129032258064516,3.129032258064516,0.0967741935483871,4.193548387096774,0.2903225806451613,4.516129032258065,0.03225806451612903,-0.13174821594291042,-0.1522731997167118,0.24954125080331008,-0.27789506871536857,-0.31781569226559647,-0.22855899205675148,-0.06846798590436014,-0.2237933847445376,-0.07612854349409498,-0.21233639742197935,-0.037760637866892786,-0.34578250046334813
XhsN0o,HP_3_L,4.0,0.03225806451612903,2.129032258064516,4.161290322580645,3.6774193548387095,0.16129032258064516,3.129032258064516,0.0967741935483871,4.193548387096774,0.2903225806451613,4.516129032258065,0.03225806451612903,0.29281134337694836,-0.16399534288130746,0.1894995774937153,-0.04685987743915409,-0.010506372592274368,-0.1526663504684168,0.14227875168043175,-0.13758963052637468,0.07993840145745783,-0.34182193396733185,0.13356289155992868,-0.44876888023215045
kH4Dd,HP_3_L,4.0,0.03225806451612903,2.129032258064516,4.161290322580645,3.6774193548387095,0.16129032258064516,3.129032258064516,0.0967741935483871,4.193548387096774,0.2903225806451613,4.516129032258065,0.03225806451612903,-0.10506508528697832,-0.18859406957104788,0.47775012308610554,0.16949116389827115,-0.04184518751820228,-0.290411555904394,-0.07526397124955247,-0.23384908112279482,0.0450460963141865,-0.6275698196857632,0.001774258370592124,-0.5430626639200232
6GSd4,HP_7_H,7.0,0.0,0.0,4.0,5.0,0.0,5.0,0.0,6.0,0.0,6.0,0.0,0.7852325618212329,-0.074015100672377,-0.2238747560022263,-0.15779845344969864,0.25076481056009375,-0.11448296584755488,0.6689913246948297,-0.11106221242419442,0.5435820792848919,-0.2528396061997193,0.4676781034513309,-0.1315872749630946
8vDRG,HP_7_L,0.0,0.0,9.0,0.0,0.0,0.0,0.0,0.0,0.0,0.0,4.0,0.0,-0.36363814923692356,-0.1972526759412346,1.0,-0.6094155295477985,-0.47578959067136656,-0.14660243112921068,-0.25732910709459256,-0.2424845248486332,-0.39067470609839344,-0.5931151927100434,0.0006745122853140071,-0.29483093844367636
Fjil72,HP_7_H,6.0,0.0,0.0,2.0,2.0,0.0,2.0,0.0,4.0,0.0,4.0,0.0,0.7988732394366197,-0.1673450149869936,-0.11458648909714611,0.13459583465029937,0.2356952308628758,-0.20697259946295116,0.27785985862207274,-0.20142901217441836,0.401618960002405,-0.3029820074864114,0.5487742024903349,-0.23596531620980363
Fyt7d,HP_7_L,2.0,0.0,0.0,0.0,0.0,0.0,0.0,0.0,0.0,0.0,3.0,0.0,-0.02120988719080373,-0.051482793266366345,-0.07019681311629968,-0.19772171288013193,-0.4465076444830106,-0.08332062365510211,-0.13376708936342488,-0.09243394477560511,-0.46578213679707015,-0.39113216120738337,-0.04468177588149401,-0.2682373678972198
G4Egk,HP_7_L,5.0,0.0,6.0,3.0,5.0,0.0,4.0,0.0,5.0,0.0,4.0,0.0,0.297377846888578,-0.3010689151785548,0.4969988116274792,-0.045583882131483205,0.31647188234198836,-0.34809749841405757,0.19347684537152424,-0.3494988741751022,0.29198105456180223,-0.389857979642268,0.07405148784793286,-0.46884898169779154
Gftw5,HP_7_L,3.0,0.0,7.0,3.0,3.0,0.0,3.0,0.0,3.0,0.0,3.0,0.0,0.012860593855681189,-0.12349235701587231,0.8585006196251244,-0.024525143780065973,-0.008129813281083286,-0.13765386634903745,0.000697790625842684,-0.1493688660199502,-0.08325185916268193,-0.3498442724960716,-0.10747583742566402,-0.26843397949055475
KoG5ii,HP_7_L,3.0,0.0,0.0,4.0,3.0,0.0,3.0,0.0,5.0,0.0,7.0,1.0,0.18764869368946396,-0.09339488617851789,-0.2678822517069713,0.07951426117282674,-0.24400857777372204,-0.1690282306785839,0.26868574917582433,-0.1848291765127237,0.3495492595506084,-0.3391192156904695,0.6818680726497771,-0.1814608211691649
M4t7k,HP_7_L,8.0,0.0,0.0,8.0,8.0,0.0,4.0,0.0,8.0,0.0,9.0,0.0,0.5109319274306093,-0.08004324700582657,-0.12266942797009049,0.44417711216115896,0.6409401839474267,-0.10940798966533796,-0.011809623877295047,-0.12729015681224107,0.7463615910314916,-0.18884677313589515,1.0,-0.18287059872145853
O1pGR,HP_7_H,9.0,0.0,0.0,7.0,8.0,0.0,8.0,0.0,9.0,0.0,9.0,0.0,0.9535665141284516,-0.15693827339977542,-0.30697872051108915,0.37052568590756585,0.4840500729660709,-0.2509779517658163,0.8180082002031035,-0.2387786098638585,0.9827702797319039,-0.2579892324713426,0.9176055859652634,-0.35062344470961915
XhsN0o,HP_7_H,8.0,0.0,0.0,3.0,6.0,0.0,8.0,0.0,8.0,0.0,7.0,0.0,1.0,-0.16818237648879417,-0.1647588853236011,-0.29810624802455105,0.4304418627207181,-0.1737004079587164,1.0,-0.1499547352060092,0.8085777882226926,-0.3865493317662429,0.6135316494727739,-0.4539802790819064
kH4Dd,HP_7_H,8.0,0.0,2.0,3.0,7.0,0.0,5.0,0.0,8.0,0.0,8.0,1.0,0.7789869829426044,-0.19409681989313607,0.4003797709507138,-0.08175520668712574,0.8238560904258782,-0.32084579071345987,0.44444694818773123,-0.24895743721817595,0.9936263991224482,-0.6979935138067819,0.8865188136605073,-0.3556461460350001
6GSd4,HP_7_L,4.588235294117647,0.029411764705882353,2.823529411764706,4.617647058823529,4.205882352941177,0.058823529411764705,3.7058823529411766,0.058823529411764705,4.823529411764706,0.29411764705882354,5.4411764705882355,0.11764705882352941,0.26726403444891234,-0.058220760956606755,1.0,0.015595982604775044,0.05243784864953034,-0.09809351046744377,0.2406271566528447,-0.07838391205877694,0.2751009494524753,-0.17914315877620635,0.33098259381615797,-0.08166430695001689
8vDRG,HP_7_H,7.724137931034483,0.13793103448275862,0.41379310344827586,4.758620689655173,5.620689655172414,0.1724137931034483,5.724137931034483,0.20689655172413793,7.413793103448276,0.27586206896551724,6.9655172413793105,0.20689655172413793,0.8066873121771412,-0.17890397592680954,-0.09937449928682049,0.24153980791425592,0.4458721077172647,-0.12463686731447485,0.6423115471196418,-0.21392166220843475,0.7549002433696318,-0.544284075692111,0.5933779049988519,-0.2650647099737068
Fjil72,HP_7_L,4.588235294117647,0.029411764705882353,2.823529411764706,4.617647058823529,4.205882352941177,0.058823529411764705,3.7058823529411766,0.058823529411764705,4.823529411764706,0.29411764705882354,5.4411764705882355,0.11764705882352941,0.5149295774647886,-0.1604782796047172,0.6721804443831924,0.7009265016806181,0.7976840316989966,-0.19682997257670787,0.6546720846421122,-0.19133297005530558,0.5658804219625291,-0.20717450693594,0.8802976546398813,-0.21519278988694976
Fyt7d,HP_7_H,7.724137931034483,0.13793103448275862,0.41379310344827586,4.758620689655173,5.620689655172414,0.1724137931034483,5.724137931034483,0.20689655172413793,7.413793103448276,0.27586206896551724,6.9655172413793105,0.20689655172413793,0.8138681486400998,-0.03335377958936003,-0.00693394731632136,0.43555643415993783,0.5697886747011736,-0.05997319642115594,0.677462810784543,-0.06014525675268082,0.8925935503209044,-0.3363092188937919,0.7838589429210703,-0.2390824858765941
G4Egk,HP_7_H,7.724137931034483,0.13793103448275862,0.41379310344827586,4.758620689655173,5.620689655172414,0.1724137931034483,5.724137931034483,0.20689655172413793,7.413793103448276,0.27586206896551724,6.9655172413793105,0.20689655172413793,0.7758877615075636,-0.271159284944565,-0.8967587026463808,0.2608803591829171,0.4225365902544384,-0.31489312653193796,0.4715882780020332,-0.30323978197730234,0.719233866464163,-0.3472569687720069,0.6232347433312279,-0.42543472608110805
Gftw5,HP_7_H,7.724137931034483,0.13793103448275862,0.41379310344827586,4.758620689655173,5.620689655172414,0.1724137931034483,5.724137931034483,0.20689655172413793,7.413793103448276,0.27586206896551724,6.9655172413793105,0.20689655172413793,0.9455371362127272,-0.09249946440853792,-0.07344357525767746,0.2757667087071948,0.4322027488416887,-0.11585973097836623,0.5451452012503837,-0.1196438091401239,0.8729980578912717,-0.3032979182720691,0.6244765838614128,-0.23562965243476455
KoG5ii,HP_7_H,7.724137931034483,0.13793103448275862,0.41379310344827586,4.758620689655173,5.620689655172414,0.1724137931034483,5.724137931034483,0.20689655172413793,7.413793103448276,0.27586206896551724,6.9655172413793105,0.20689655172413793,0.9551806175828672,-0.07185015935726631,-0.06385522269665406,0.2842497244987077,0.416397722102107,-0.11863908280450702,1.0,-0.14980959494091908,0.8729004300271304,-0.2863460446287761,0.6735830082524875,-0.3153209142080358
M4t7k,HP_7_H,7.724137931034483,0.13793103448275862,0.41379310344827586,4.758620689655173,5.620689655172414,0.1724137931034483,5.724137931034483,0.20689655172413793,7.413793103448276,0.27586206896551724,6.9655172413793105,0.20689655172413793,0.4588308264847263,-0.06349086007853422,-0.06460031962680995,-0.14096361431793128,0.1529019395837524,-0.08815496304339662,0.33709024642522056,-0.08841808243940519,0.6183954399645288,-0.15240702530031217,0.5534504185191905,-0.15567817116464341
O1pGR,HP_7_L,4.588235294117647,0.029411764705882353,2.823529411764706,4.617647058823529,4.205882352941177,0.058823529411764705,3.7058823529411766,0.058823529411764705,4.823529411764706,0.29411764705882354,5.4411764705882355,0.11764705882352941,-0.004064130052162009,-0.15268482386521742,0.4310798510716436,-0.17365363055573246,-0.21978249840386713,-0.24280162528368676,0.036514001075253835,-0.2296699436148595,0.06266119567330794,-0.21173962833636675,0.1593367104691953,-0.3329682362820425
XhsN0o,HP_7_L,4.588235294117647,0.029411764705882353,2.823529411764706,4.617647058823529,4.205882352941177,0.058823529411764705,3.7058823529411766,0.058823529411764705,4.823529411764706,0.29411764705882354,5.4411764705882355,0.11764705882352941,0.3968096752332794,-0.16436478702314453,0.30505982472289345,0.05187337766834254,0.08982376101448092,-0.1660291634622542,0.2438554012671668,-0.14243869118505487,0.20053076257712776,-0.34123726210067945,0.31231367038537716,-0.434974000923973
kH4Dd,HP_7_L,4.588235294117647,0.029411764705882353,2.823529411764706,4.617647058823529,4.205882352941177,0.058823529411764705,3.7058823529411766,0.058823529411764705,4.823529411764706,0.29411764705882354,5.4411764705882355,0.11764705882352941,0.0249425718056073,-0.1890796063641733,0.8941846654618908,0.26822441900576777,0.09584630643235544,-0.3097462462536829,0.08497144407391032,-0.23977392665039524,0.20203944652971134,-0.6266492485207826,0.23669417705459736,-0.5265259123419329
6GSd4,HN_2_H,7.0,0.0,0.0,5.0,5.0,0.0,5.0,1.0,5.0,0.0,6.0,0.0,0.7852325618212329,-0.074015100672377,-0.2238747560022263,0.1229353954004018,0.25076481056009375,-0.11448296584755488,0.6689913246948297,0.4444688937879028,0.3153731189273379,-0.2528396061997193,0.4676781034513309,-0.1315872749630946
8vDRG,HN_2_H,0.0,4.0,0.0,0.0,0.0,9.0,0.0,9.0,0.0,9.0,0.0,4.0,-0.36363814923692356,0.3348596244770919,-0.1523564028669082,-0.6094155295477985,-0.47578959067136656,1.0,-0.25732910709459256,1.0,-0.39067470609839344,1.0,-0.7987858778864347,0.280649478642402
Fjil72,HN_2_H,0.0,0.0,0.0,0.0,0.0,3.0,0.0,4.0,0.0,0.0,0.0,0.0,-0.40788732394366195,-0.1673450149869936,-0.11458648909714611,-0.298106248024551,-0.27384128189520696,0.31030137173545647,-0.16391999257383563,0.48510185192524924,-0.39622242666105506,-0.3029820074864114,-0.37137252184309966,-0.23596531620980363
Fyt7d,HN_2_H,0.0,0.0,0.0,0.0,0.0,0.0,0.0,6.0,0.0,5.0,0.0,0.0,-0.3129841406738905,-0.051482793266366345,-0.07019681311629968,-0.19772171288013193,-0.4465076444830106,-0.08332062365510211,-0.13376708936342488,0.8439380078891993,-0.46578213679707015,0.6025336682264619,-0.6714908414103905,-0.2682373678972198
G4Egk,HN_2_L,4.0,1.0,6.0,3.0,2.0,3.0,1.0,3.0,2.0,4.0,1.0,2.0,0.12172230861072254,-0.08422409598212897,0.4969988116274792,-0.045583882131483205,-0.1961742059015203,0.22965857233482423,-0.29043704740556125,0.32125796269299595,-0.2390331545168461,0.22785667797651782,-0.4815176194433074,-0.04917784406985109
Gftw5,HN_2_H,1.0,0.0,0.0,0.0,0.0,0.0,1.0,3.0,1.0,2.0,1.0,0.0,-0.3819951686020463,-0.12349235701587231,-0.13199504299900533,-0.536787715670099,-0.5121947199216249,-0.13765386634903745,-0.3990230931238202,0.28164445873753113,-0.5165526028277547,-0.012383204372053699,-0.4766344499008853,-0.26843397949055475
KoG5ii,HN_2_H,3.0,0.0,0.0,1.0,2.0,0.0,4.0,3.0,2.0,0.0,3.0,0.0,0.18764869368946396,-0.09339488617851789,-0.2678822517069713,-0.7301214347067934,-0.4960057185158147,-0.1690282306785839,0.5371428792252052,0.3229547562784436,-0.3009014808987832,-0.3391192156904695,-0.27919939743580985,-0.3502409384790456
M4t7k,HN_2_H,9.0,0.0,0.0,1.0,4.0,0.0,7.0,2.0,2.0,0.0,2.0,0.0,0.6997984183594355,-0.08004324700582657,-0.12266942797009049,-0.8194778609798551,-0.17952990802628663,-0.10940798966533796,0.595276150449082,0.24847322879183925,-0.5634096022421271,-0.18884677313589515,-0.5364333057729549,-0.18287059872145853
O1pGR,HN_2_H,2.0,0.0,0.0,4.0,4.0,0.0,0.0,7.0,0.0,2.0,2.0,0.0,-0.5658741079714552,-0.15693827339977542,-0.30697872051108915,-0.3147371570462171,-0.2579749635169646,-0.2509779517658163,-0.6379261981720685,0.8451526737670176,-1.0,0.05650807564649304,-0.5738654253410526,-0.35062344470961915
XhsN0o,HN_2_H,0.0,2.0,2.0,0.0,0.0,2.0,0.0,8.0,0.0,8.0,0.0,2.0,-0.41437731324610333,0.09141370717538232,0.16802936762599915,-0.9471593720368265,-0.7086744118378457,0.08712190492099836,-0.4087077455844564,0.8722272516437768,-0.7227999059957668,0.8459389631370842,-0.7391075773725175,-0.1308735503970383
kH4Dd,HN_2_H,8.0,0.0,1.0,1.0,4.0,0.0,6.0,6.0,5.0,1.0,7.0,0.0,0.7789869829426044,-0.19409681989313607,-0.19924045809857235,-0.514457289361976,0.04220348024335897,-0.32084579071345987,0.7222234740938657,0.6877606406954561,0.24601649945153012,-0.4554230118343844,0.6325643579754391,-0.5493098811828573
6GSd4,HN_2_L,0.5714285714285714,0.14285714285714285,2.5714285714285716,2.5714285714285716,0.8571428571428571,2.0,0.2857142857142857,1.1428571428571428,0.2857142857142857,2.857142857142857,0.5714285714285714,0.42857142857142855,-0.5954152550422697,0.002700263661364206,0.8907254682140869,-0.5588468089498421,-0.7838933081902532,0.44275851707622255,-0.8914781446009731,0.5238304803896309,-0.760469122758274,0.46306874020012034,-0.8602211330046352,0.050274965655974176
8vDRG,HN_2_L,0.5714285714285714,0.14285714285714285,2.5714285714285716,2.5714285714285716,0.8571428571428571,2.0,0.2857142857142857,1.1428571428571428,0.2857142857142857,2.857142857142857,0.5714285714285714,0.42857142857142855,-0.27705794928537286,-0.17824866521200866,0.17688828366649414,-0.14958252110557035,-0.33523820108361735,0.10819810912172502,-0.2124244961269285,-0.0847087121694417,-0.3465263027301905,-0.08736433788145818,-0.684577250719042,-0.23317232232731083
Fjil72,HN_2_L,0.5714285714285714,0.14285714285714285,2.5714285714285716,2.5714285714285716,0.8571428571428571,2.0,0.2857142857142857,1.1428571428571428,0.2857142857142857,2.857142857142857,0.5714285714285714,0.42857142857142855,-0.29295774647887324,-0.1339923002730795,0.6019333967510193,0.25822500112882807,-0.0554684907131715,0.1378767146693206,-0.10080858526013443,-0.0052773367173704795,-0.3392337561850936,0.6277194264324539,-0.23992298979546614,-0.16029397031940748
Fyt7d,HN_2_L,0.5714285714285714,0.14285714285714285,2.5714285714285716,2.5714285714285716,0.8571428571428571,2.0,0.2857142857142857,1.1428571428571428,0.2857142857142857,2.857142857142857,0.5714285714285714,0.42857142857142855,-0.22962006825015144,-0.032706314815181235,0.3229367100692799,0.1444844907999058,-0.2915246825741166,0.18750953225867345,-0.09327540760044542,0.08592261763673857,-0.4134327747686034,0.17667688418338537,-0.5520986384525054,-0.20784511228306649
G4Egk,HN_2_H,1.7142857142857142,1.0178571428571428,0.42857142857142855,1.0535714285714286,1.6428571428571428,2.3035714285714284,1.8392857142857142,6.035714285714286,1.0,4.0,1.25,1.0,-0.2797760645958043,-0.0803518670679071,-0.8930715134551801,-0.3847762724658036,-0.25720350212098564,0.09553662733954806,-0.1550563750214957,1.0,-0.41603789087639553,0.22785667797651782,-0.43522019383570404,-0.2590134128838213
Gftw5,HN_2_L,0.5714285714285714,0.14285714285714285,2.5714285714285716,2.5714285714285716,0.8571428571428571,2.0,0.2857142857142857,1.1428571428571428,0.2857142857142857,2.857142857142857,0.5714285714285714,0.42857142857142855,-0.46660711770013075,-0.0913925753868474,0.23186050653638923,-0.0977055111929278,-0.3681761751671844,0.11515810395074866,-0.5417805516058427,0.014826686268614116,-0.6713028684224236,0.13224296768109683,-0.5557398668598613,-0.2004821591607036
KoG5ii,HN_2_L,0.5714285714285714,0.14285714285714285,2.5714285714285716,2.5714285714285716,0.8571428571428571,2.0,0.2857142857142857,1.1428571428571428,0.2857142857142857,2.857142857142857,0.5714285714285714,0.42857142857142855,-0.20692194080422502,-0.0710807048279359,1.0,-0.30602654638889704,-0.784002450792492,0.415485884660708,-0.45998360381535247,0.008612321693435246,-0.6725876182984356,0.20746005601992623,-0.8627046471306306,-0.2779066024890967
M4t7k,HN_2_L,0.5714285714285714,0.14285714285714285,2.5714285714285716,2.5714285714285716,0.8571428571428571,2.0,0.2857142857142857,1.1428571428571428,0.2857142857142857,2.857142857142857,0.5714285714285714,0.42857142857142855,-0.8920762908978137,-0.06289970340255949,0.23818860244886722,-0.5358002139481989,-0.8241849802913472,0.13712711914918158,-0.7634396301861428,0.08743177781866196,-0.9376299431774467,0.18856490087550015,-0.8499911232776397,-0.12654342735377003
O1pGR,HN_2_L,0.5714285714285714,0.14285714285714285,2.5714285714285716,2.5714285714285716,0.8571428571428571,2.0,0.2857142857142857,1.1428571428571428,0.2857142857142857,2.857142857142857,0.5714285714285714,0.42857142857142855,-0.8759640308489872,-0.13627866137477943,0.36518176432318533,-0.6410527965480184,-0.8409946350393496,0.027017148626587335,-0.585928541087241,-0.061810237026164415,-0.9370549117545428,0.1912926362684226,-0.8782472643831579,-0.2863080425805897
XhsN0o,HN_2_L,0.5714285714285714,0.14285714285714285,2.5714285714285716,2.5714285714285716,0.8571428571428571,2.0,0.2857142857142857,1.1428571428571428,0.2857142857142857,2.857142857142857,0.5714285714285714,0.42857142857142855,-0.3133503622999531,-0.14963979908421016,0.2631117256115993,-0.3908281228834475,-0.5459435154723365,0.08712190492099836,-0.35839675467072585,-0.0039287370846112085,-0.6681078454879648,0.05362505927065961,-0.6286880486504529,-0.38474312293514895
kH4Dd,HN_2_L,0.5714285714285714,0.14285714285714285,2.5714285714285716,2.5714285714285716,0.8571428571428571,2.0,0.2857142857142857,1.1428571428571428,0.2857142857142857,2.857142857142857,0.5714285714285714,0.42857142857142855,-0.8628240009123349,-0.1697274970381741,0.7430199018360203,-0.17447708154602218,-0.7766706828049945,0.0565387209189572,-0.8650709596554738,-0.07053494618700797,-0.9287990571741983,-0.004934936742789182,-1.0,-0.4663111375480614
6GSd4,HN_3_H,5.0,0.0,0.0,4.0,5.0,0.0,6.0,1.0,5.0,0.0,5.0,0.0,0.35569768546369884,-0.074015100672377,-0.2238747560022263,-0.15779845344969864,0.25076481056009375,-0.11448296584755488,1.0,0.4444688937879028,0.3153731189273379,-0.2528396061997193,0.22306508620944238,-0.1315872749630946
8vDRG,HN_3_H,0.0,0.0,0.0,0.0,0.0,9.0,0.0,9.0,0.0,9.0,0.0,0.0,-0.36363814923692356,-0.1972526759412346,-0.1523564028669082,-0.6094155295477985,-0.47578959067136656,1.0,-0.25732910709459256,1.0,-0.39067470609839344,1.0,-0.7987858778864347,-0.29483093844367636
Fjil72,HN_3_H,0.0,0.0,0.0,0.0,0.0,2.0,0.0,7.0,0.0,0.0,0.0,0.0,-0.40788732394366195,-0.1673450149869936,-0.11458648909714611,-0.298106248024551,-0.27384128189520696,0.1378767146693206,-0.16391999257383563,1.0,-0.39622242666105506,-0.3029820074864114,-0.37137252184309966,-0.23596531620980363
Fyt7d,HN_3_H,0.0,0.0,0.0,0.0,0.0,0.0,0.0,7.0,0.0,4.0,0.0,0.0,-0.3129841406738905,-0.051482793266366345,-0.07019681311629968,-0.19772171288013193,-0.4465076444830106,-0.08332062365510211,-0.13376708936342488,1.0,-0.46578213679707015,0.40380050233969284,-0.6714908414103905,-0.2682373678972198
G4Egk,HN_3_H,4.0,2.0,2.0,2.0,3.0,3.0,2.0,6.0,3.0,4.0,3.0,5.0,0.12172230861072254,0.1326207232142968,-0.5010003961241736,-0.2198478624867304,-0.025292176487017416,0.22965857233482423,-0.1291324164798661,0.9920147995610941,-0.06202841815729665,0.22785667797651782,-0.11113821458248055,0.5803288623720596
Gftw5,HN_3_H,0.0,0.0,0.0,0.0,0.0,0.0,3.0,3.0,0.0,0.0,0.0,0.0,-0.5794230498309101,-0.12349235701587231,-0.13199504299900533,-0.536787715670099,-0.5121947199216249,-0.13765386634903745,0.000697790625842684,0.28164445873753113,-0.733202974660291,-0.3498442724960716,-0.661213756138496,-0.26843397949055475
KoG5ii,HN_3_L,2.0,0.0,0.0,1.0,3.0,0.0,5.0,1.0,2.0,0.0,4.0,0.0,0.025178432427356734,-0.09339488617851789,-0.2678822517069713,-0.7301214347067934,-0.24400857777372204,-0.1690282306785839,0.8056000092745862,-0.015567865582334615,-0.3009014808987832,-0.3391192156904695,-0.0389325299144131,-0.3502409384790456
M4t7k,HN_3_H,8.0,1.0,0.0,1.0,4.0,1.0,4.0,3.0,4.0,1.0,0.0,1.0,0.5109319274306093,0.039961558217043044,-0.12266942797009049,-0.8194778609798551,-0.17952990802628663,0.013859564741921808,-0.011809623877295047,0.4363549215938794,-0.12681920448425418,-0.056752687231906795,-0.9754142502795135,-0.05144053219685203
O1pGR,HN_3_H,2.0,3.0,0.0,4.0,3.0,2.0,1.0,8.0,3.0,4.0,3.0,1.0,-0.5658741079714552,0.2769135791251404,-0.30697872051108915,-0.3147371570462171,-0.44348122263772344,0.027017148626587335,-0.455934398375172,1.0,-0.3390765734226987,0.3710053837643287,-0.36079813801157884,-0.20055417307521703
XhsN0o,HN_3_H,0.0,0.0,0.0,1.0,1.0,1.0,2.0,7.0,0.0,2.0,0.0,0.0,-0.41437731324610333,-0.16818237648879417,-0.1647588853236011,-0.7308083306994013,-0.5188216994114184,-0.04328925151885902,-0.056530809188342315,0.7444545032875536,-0.7227999059957668,-0.07842725804041116,-0.7391075773725175,-0.4539802790819064
kH4Dd,HN_3_H,1.0,0.0,2.0,2.0,4.0,1.0,2.0,6.0,4.0,5.0,2.0,0.0,-0.7681041364591653,-0.19409681989313607,0.4003797709507138,-0.2981062480245509,0.04220348024335897,-0.13215353489725135,-0.38888262953067193,0.6877606406954561,-0.003186800438775914,0.5148589960552052,-0.6372079204499024,-0.5493098811828573
6GSd4,HN_3_L,0.5714285714285714,0.5714285714285714,1.0,1.7142857142857142,1.1428571428571428,0.7142857142857143,1.1428571428571428,1.2857142857142858,0.2857142857142857,1.4285714285714286,0.8571428571428571,0.0,-0.5954152550422697,0.23284635666258785,0.20958088674856218,-0.7994758222499282,-0.712537575862643,0.08453184948236564,-0.6077564229108271,0.6031920669913592,-0.760469122758274,0.10511456700020054,-0.7903316995069527,-0.1315872749630946
8vDRG,HN_3_L,0.5714285714285714,0.5714285714285714,1.0,1.7142857142857142,1.1428571428571428,0.7142857142857143,1.1428571428571428,1.2857142857142858,0.2857142857142857,1.4285714285714286,0.8571428571428571,0.0,-0.27705794928537286,-0.12123663302433081,-0.02431680254836286,-0.30286019058631314,-0.28838773788770095,-0.05560223818244793,-0.07771066322393648,-0.06498673558454274,-0.3465263027301905,-0.3402397652957508,-0.6274729371353457,-0.29483093844367636
Fjil72,HN_3_L,0.5714285714285714,0.5714285714285714,1.0,1.7142857142857142,1.1428571428571428,0.7142857142857143,1.1428571428571428,1.2857142857142858,0.2857142857142857,1.4285714285714286,0.8571428571428571,0.0,-0.29295774647887324,-0.033934156131337226,0.16406013317714044,0.072781251411035,0.017322439680840317,-0.08381213012999696,0.08852563668096915,0.019241622714760532,-0.3392337561850936,0.16236870947302123,-0.1741982237716494,-0.23596531620980363
Fyt7d,HN_3_L,0.5714285714285714,0.5714285714285714,1.0,1.7142857142857142,1.1428571428571428,0.7142857142857143,1.1428571428571428,1.2857142857142858,0.2857142857142857,1.4285714285714286,0.8571428571428571,0.0,-0.22962006825015144,0.023623120538374103,0.08268844590031459,0.0304157562398932,-0.23986369527115198,0.013404432028389156,0.028199637688492953,0.10821718793828156,-0.4134327747686034,-0.10722763851199898,-0.4924025369735629,-0.2682373678972198
G4Egk,HN_3_L,0.5714285714285714,0.5714285714285714,1.0,1.7142857142857142,1.1428571428571428,0.7142857142857143,1.1428571428571428,1.2857142857142858,0.2857142857142857,1.4285714285714286,0.8571428571428571,0.0,-0.48052525119906764,-0.17715758992345432,-0.7505001980620868,-0.2696375711596582,-0.3426445168282371,-0.21053652918813337,-0.26739352870189054,-0.06203165837448868,-0.5424698454189308,-0.16924560192127305,-0.5079732912190807,-0.46884898169779154
Gftw5,HN_3_L,0.5714285714285714,0.5714285714285714,1.0,1.7142857142857142,1.1428571428571428,0.7142857142857143,1.1428571428571428,1.2857142857142858,0.2857142857142857,1.4285714285714286,0.8571428571428571,0.0,-0.46660711770013075,0.0049067695002273665,0.009504337375870338,-0.24406624601865157,-0.32016999358237097,-0.0473638769562567,-0.37047160142741575,0.03535113030468468,-0.6713028684224236,-0.10880065240748737,-0.503002922220544,-0.26843397949055475
KoG5ii,HN_3_H,1.4821428571428572,0.9464285714285714,0.42857142857142855,1.0178571428571428,1.6785714285714286,1.9642857142857142,1.8928571428571428,6.035714285714286,0.9464285714285714,3.4642857142857144,1.1428571428571428,0.9821428571428571,-0.05895795286909164,0.05443656526908785,-0.05656854308914274,-0.7253021746122718,-0.5770047994686303,0.40504813260107786,-0.028534644807418845,0.8367837358885534,-0.529333586175653,0.3236081512583853,-0.7254092942612609,-0.18447475183541276
M4t7k,HN_3_L,0.5714285714285714,0.5714285714285714,1.0,1.7142857142857142,1.1428571428571428,0.7142857142857143,1.1428571428571428,1.2857142857142858,0.2857142857142857,1.4285714285714286,0.8571428571428571,0.0,-0.8920762908978137,-0.011469072592758225,0.01766425052617082,-0.6905334759654659,-0.7655799737217962,-0.021359736517295266,-0.589986551807178,0.11427201964752487,-0.9376299431774467,-0.00014093613019749927,-0.7872795597767026,-0.18287059872145853
O1pGR,HN_3_L,0.5714285714285714,0.5714285714285714,1.0,1.7142857142857142,1.1428571428571428,0.7142857142857143,1.1428571428571428,1.2857142857142858,0.2857142857142857,1.4285714285714286,0.8571428571428571,0.0,-0.8759640308489872,-0.07429982529979146,-0.045582976408871316,-0.8368421802490993,-0.7879928467191326,-0.15169398733995787,-0.42993556983275827,-0.03968919042145263,-0.9370549117545428,-0.03334829810146,-0.8173708965747368,-0.35062344470961915
XhsN0o,HN_3_L,0.5714285714285714,0.5714285714285714,1.0,1.7142857142857142,1.1428571428571428,0.7142857142857143,1.1428571428571428,1.2857142857142858,0.2857142857142857,1.4285714285714286,0.8571428571428571,0.0,-0.3133503622999531,-0.09401206687045804,0.0016352411511990333,-0.5762718726012405,-0.49169988335050024,-0.08054958193024685,-0.20746378192953407,0.01432451268056356,-0.6681078454879648,-0.16646213624779166,-0.5734782842894206,-0.4539802790819064
kH4Dd,HN_3_L,0.5714285714285714,0.5714285714285714,1.0,1.7142857142857142,1.1428571428571428,0.7142857142857143,1.1428571428571428,1.2857142857142858,0.2857142857142857,1.4285714285714286,0.8571428571428571,0.0,-0.8628240009123349,-0.09661952847328822,-0.19924045809857235,-0.35992083126381524,-0.7022275770733261,-0.18606560798759664,-0.6269767945930729,-0.04823213480811195,-0.9287990571741983,-0.3514642252747855,-0.9274415840899805,-0.5493098811828573
6GSd4,LN_7_N,0.0,0.0,0.0,3.0,2.0,0.0,1.0,0.0,0.0,1.0,3.0,0.0,-0.7181395054301365,-0.074015100672377,-0.2238747560022263,-0.4385323022997991,-0.4984703788798126,-0.11448296584755488,-0.6550433765258514,-0.11106221242419442,-0.8256716828604324,-0.002271684959775408,-0.26616094827433456,-0.1315872749630946
8vDRG,LN_7_N,0.0,0.0,0.0,0.0,0.0,0.0,0.0,0.0,0.0,9.0,0.0,9.0,-0.36363814923692356,-0.1972526759412346,-0.1523564028669082,-0.6094155295477985,-0.47578959067136656,-0.14660243112921068,-0.25732910709459256,-0.2424845248486332,-0.39067470609839344,1.0,-0.7987858778864347,1.0
Fjil72,LN_7_N,0.0,2.0,0.0,1.0,0.0,1.0,0.0,1.0,0.0,0.0,0.0,7.0,-0.40788732394366195,0.2995929910078038,-0.11458648909714611,-0.08175520668712581,-0.27384128189520696,-0.03454794239681527,-0.16391999257383563,-0.029796296149501453,-0.39622242666105506,-0.3029820074864114,-0.37137252184309966,1.0
Fyt7d,LN_7_N,0.0,0.0,0.0,0.0,0.0,0.0,0.0,0.0,0.0,5.0,0.0,9.0,-0.3129841406738905,-0.051482793266366345,-0.07019681311629968,-0.19772171288013193,-0.4465076444830106,-0.08332062365510211,-0.13376708936342488,-0.09243394477560511,-0.46578213679707015,0.6025336682264619,-0.6714908414103905,1.0
G4Egk,LN_7_N,0.0,3.0,2.0,3.0,2.0,2.0,0.0,4.0,0.0,5.0,0.0,6.0,-0.5808998445006993,0.3494655424107226,-0.5010003961241736,-0.045583882131483205,-0.1961742059015203,0.037073215418530286,-0.45174167833125645,0.544843574982362,-0.593042627235945,0.38228534238121425,-0.6667073218737208,0.7901644311860297
Gftw5,LN_7_N,0.0,2.0,0.0,2.0,0.0,0.0,0.0,1.0,0.0,5.0,2.0,6.0,-0.5794230498309101,0.3259045857904766,-0.13199504299900533,-0.19527933441007697,-0.5121947199216249,-0.13765386634903745,-0.5988835349986517,-0.005697757767456415,-0.733202974660291,0.4938083978139732,-0.2920551436632747,0.6828915051273613
KoG5ii,LN_7_N,0.0,1.0,0.0,4.0,2.0,0.0,0.0,3.0,1.0,3.0,3.0,7.0,-0.2997620900968577,0.0628043832755561,-0.2678822517069713,0.07951426117282674,-0.4960057185158147,-0.1690282306785839,-0.5366856409723184,0.3229547562784436,-0.5177183943819138,0.23478901960544601,-0.27919939743580985,0.8312198826901193
M4t7k,LN_7_N,1.0,0.0,0.0,9.0,2.0,0.0,0.0,1.0,0.0,4.0,0.0,9.0,-0.8111335090711739,-0.08004324700582657,-0.12266942797009049,0.6246992511813039,-0.5897649540131433,-0.10940798966533796,-0.8212573229791311,0.06059153598979909,-1.0,0.3395295704800583,-0.9754142502795135,1.0
O1pGR,LN_7_N,1.0,1.0,0.0,2.0,2.0,4.0,0.0,4.0,1.0,6.0,1.0,8.0,-0.7829370539857275,-0.012320989224803477,-0.30697872051108915,-0.771579052348739,-0.6289874817584823,0.30501224901899093,-0.6379261981720685,0.38061069506807077,-0.7796921911408996,0.6855026918821644,-0.7869327126705263,0.8499307283655979
XhsN0o,LN_7_N,0.0,0.0,0.0,2.0,0.0,0.0,0.0,0.0,0.0,4.0,0.0,8.0,-0.41437731324610333,-0.16818237648879417,-0.1647588853236011,-0.5144572893619762,-0.7086744118378457,-0.1737004079587164,-0.4087077455844564,-0.1499547352060092,-0.7227999059957668,0.2296948156854206,-0.7391075773725175,0.8384466356575659
kH4Dd,LN_7_N,1.0,0.0,0.0,2.0,2.0,1.0,0.0,8.0,1.0,6.0,1.0,8.0,-0.7681041364591653,-0.19409681989313607,-0.7988606871478585,-0.2981062480245509,-0.4788982598783205,-0.13215353489725135,-0.9444356813429406,1.0,-0.750796700109694,0.7574294980276027,-0.8911623761349706,1.0
6GSd4,LN_7_P,2.3333333333333335,0.0,2.3333333333333335,4.333333333333333,5.0,1.3333333333333333,0.6666666666666666,0.6666666666666666,2.6666666666666665,1.6666666666666667,3.0,2.6666666666666665,-0.2170154830130133,-0.074015100672377,0.7875217437496135,-0.06422050383299859,0.25076481056009375,0.25701135610163006,-0.7653796016275749,0.2592918583838703,-0.21711445524028827,0.16477359586685386,-0.26616094827433456,1.0
8vDRG,LN_7_P,2.3333333333333335,0.0,2.3333333333333335,4.333333333333333,5.0,1.3333333333333333,0.6666666666666666,0.6666666666666666,2.6666666666666665,1.6666666666666667,3.0,2.6666666666666665,-0.010102332768091504,-0.1972526759412346,0.14640266454303097,0.16548824393817851,0.34409351525717047,0.023264595704746444,-0.1525516815033765,-0.1504486341191048,0.021377058671500863,-0.298093860726702,-0.19919058525762318,0.08882267294704252
Fjil72,LN_7_P,2.3333333333333335,0.0,2.3333333333333335,4.333333333333333,5.0,1.3333333333333333,0.6666666666666666,0.6666666666666666,2.6666666666666665,1.6666666666666667,3.0,2.6666666666666665,0.061408450704225404,-0.1673450149869936,0.5355889628761892,0.6394149311042913,1.0,0.022926943291896672,-0.016660042175199508,-0.08700720149114043,0.13567183111458492,0.23992716229959338,0.31873752140697625,0.23487861377488345
Fyt7d,LN_7_P,2.3333333333333335,0.0,2.3333333333333335,4.333333333333333,5.0,1.3333333333333333,0.6666666666666666,0.6666666666666666,2.6666666666666665,1.6666666666666667,3.0,2.6666666666666665,0.02741915505637742,-0.051482793266366345,0.28653545792246693,0.37895911183993153,0.45755963331887106,0.09723281362074825,-0.03928649858313948,0.011607383298262037,0.022811908801953235,-0.05991021806276826,-0.04468177588149401,0.10753666703528975
G4Egk,LN_7_P,2.3333333333333335,0.0,2.3333333333333335,4.333333333333333,5.0,1.3333333333333333,0.6666666666666666,0.6666666666666666,2.6666666666666665,1.6666666666666667,3.0,2.6666666666666665,-0.1710369218523699,-0.3010689151785548,-0.4178337954782025,0.186768091675513,0.31647188234198836,-0.09131702252566568,-0.34420525771412636,-0.20044179931552483,-0.12102999694381315,-0.13247687230110725,-0.11113821458248055,0.09071253513946236
Gftw5,LN_7_P,2.3333333333333335,0.0,2.3333333333333335,4.333333333333333,5.0,1.3333333333333333,0.6666666666666666,0.6666666666666666,2.6666666666666665,1.6666666666666667,3.0,2.6666666666666665,-0.11875799363022795,-0.12349235701587231,0.19817017787570457,0.20314711039328198,0.3279134578126111,0.030887447184153278,-0.46564324041543076,-0.05358812718495434,-0.15546864977352742,-0.06862671572605666,-0.10747583742566402,0.1543773470062968
KoG5ii,LN_7_P,2.3333333333333335,0.0,2.3333333333333335,4.333333333333333,5.0,1.3333333333333333,0.6666666666666666,0.6666666666666666,2.6666666666666665,1.6666666666666667,3.0,2.6666666666666665,0.0793351861813925,-0.09339488617851789,0.8826034952123175,0.1694737829372289,0.2599857037104633,0.22064784621427738,-0.35771422093939786,-0.071988302559131,-0.15635687191002956,-0.020281307192738646,-0.27919939743580985,0.09983937434730292
M4t7k,LN_7_P,2.3333333333333335,0.0,2.3333333333333335,4.333333333333333,5.0,1.3333333333333333,0.6666666666666666,0.6666666666666666,2.6666666666666665,1.6666666666666667,3.0,2.6666666666666665,-0.5593115211660723,-0.08004324700582657,0.20477582185451929,-0.21773739757937227,0.025587614967141712,0.05494874954434172,-0.6863493731288252,-0.002035694944214305,-0.4178794696561695,0.03131003670408545,-0.31694283351967567,0.16760957867749213
O1pGR,LN_7_P,2.3333333333333335,0.0,2.3333333333333335,4.333333333333333,5.0,1.3333333333333333,0.6666666666666666,0.6666666666666666,2.6666666666666665,1.6666666666666667,3.0,2.6666666666666665,-0.4935197926333644,-0.15693827339977542,0.30294468239408584,-0.2385968411624635,-0.0724687043962057,-0.06564788483754722,-0.5165983316408043,-0.13554705904187028,-0.41251250970906556,0.004091857626853777,-0.36079813801157884,0.04956127964878649
XhsN0o,LN_7_P,2.3333333333333335,0.0,2.3333333333333335,4.333333333333333,5.0,1.3333333333333333,0.6666666666666666,0.6666666666666666,2.6666666666666665,1.6666666666666667,3.0,2.6666666666666665,-0.0018505968826564917,-0.16818237648879417,0.22349407645093258,-0.009638192907984199,0.2405891502942908,0.00018113396109342722,-0.2913154334524184,-0.06477290296852703,-0.21234067458961373,-0.12978093699471643,-0.1594050515816783,-0.023171307502082277
kH4Dd,LN_7_P,2.3333333333333335,0.0,2.3333333333333335,4.333333333333333,5.0,1.3333333333333333,0.6666666666666666,0.6666666666666666,2.6666666666666665,1.6666666666666667,3.0,2.6666666666666665,-0.47342011371597104,-0.19409681989313607,0.6002531806338093,0.20671284842944104,0.3027543503041987,-0.06925611629184851,-0.7592513307388511,-0.14487765078332795,-0.335457866959184,-0.29370934385278613,-0.3832534647648341,-0.032873254121904893
GHft8,HN_1,0.0,6.0,0.0,0.0,0.0,9.0,0.0,9.0,0.0,7.0,0.0,7.0,-0.7861307206327296,0.6015595451326696,-0.30259705648505564,-0.8532354318891985,-0.7890645739628221,1.0,-0.7174479466214045,1.0,-0.7868543335365057,0.6887939162345292,-0.9013355183323528,0.6992071821108017
GHft8,HN_4,3.0,0.0,4.0,3.0,3.0,3.0,3.0,7.0,3.0,7.0,3.0,3.0,-0.19075381375515307,-0.1953213646019911,0.2763349686194136,-0.23549028792613233,-0.19270971597521475,0.12515863111812076,-0.144965297747603,0.6758964852123223,-0.1912362223576705,0.6887939162345292,-0.2675570122215685,0.09762154633240484
GHft8,HN_5,0.0,3.0,1.0,0.0,0.0,5.0,0.0,9.0,0.0,6.0,0.0,5.0,-0.7861307206327296,0.20311909026533925,-0.15786405020893832,-0.8532354318891985,-0.7890645739628221,0.4167724207454138,-0.7174479466214045,1.0,-0.7868543335365057,0.5331908743517938,-0.9013355183323528,0.3984143642216032
GHft8,HN_6,0.0,6.0,0.0,0.0,0.0,9.0,0.0,9.0,0.0,8.0,0.0,9.0,-0.7861307206327296,0.6015595451326696,-0.30259705648505564,-0.8532354318891985,-0.7890645739628221,1.0,-0.7174479466214045,1.0,-0.7868543335365057,0.8443969581172646,-0.9013355183323528,1.0
GHft8,HN_7,0.0,0.0,8.0,5.0,0.0,0.0,0.0,0.0,0.0,0.0,0.0,0.0,-0.7861307206327296,-0.1953213646019911,0.8552669937238827,0.17633980804924512,-0.7890645739628221,-0.3122620533228188,-0.7174479466214045,-0.4584658165445496,-0.7868543335365057,-0.40042737694461866,-0.9013355183323528,-0.3535676805013927
GHft8,HN_8,0.0,8.0,0.0,1.0,0.0,8.0,0.0,8.0,0.0,6.0,0.0,6.0,-0.7861307206327296,0.8671865150442232,-0.30259705648505564,-0.6473203839015098,-0.7890645739628221,0.8541931051863535,-0.7174479466214045,0.8379482426061612,-0.7868543335365057,0.5331908743517938,-0.9013355183323528,0.5488107731662024
GHft8,HP_2,9.0,0.0,0.0,8.0,9.0,0.0,9.0,0.0,9.0,0.0,9.0,0.0,1.0,-0.1953213646019911,-0.30259705648505564,0.7940849520123113,1.0,-0.3122620533228188,1.0,-0.4584658165445496,1.0,-0.40042737694461866,1.0,-0.3535676805013927
GHft8,HP_4,9.0,0.0,0.0,8.0,9.0,0.0,9.0,0.0,9.0,0.0,9.0,0.0,1.0,-0.1953213646019911,-0.30259705648505564,0.7940849520123113,1.0,-0.3122620533228188,1.0,-0.4584658165445496,1.0,-0.40042737694461866,1.0,-0.3535676805013927
GHft8,HP_5,8.0,0.0,4.0,8.0,8.0,0.0,7.0,0.0,7.0,0.0,7.0,0.0,0.8015410310408079,-0.1953213646019911,0.2763349686194136,0.7940849520123113,0.8012150473374642,-0.3122620533228188,0.618344900750799,-0.4584658165445496,0.6029212592141098,-0.40042737694461866,0.5774809959261438,-0.3535676805013927
GHft8,HP_6,9.0,0.0,0.0,8.0,9.0,0.0,9.0,0.0,9.0,0.0,9.0,0.0,1.0,-0.1953213646019911,-0.30259705648505564,0.7940849520123113,1.0,-0.3122620533228188,1.0,-0.4584658165445496,1.0,-0.40042737694461866,1.0,-0.3535676805013927
GHft8,HP_8,9.0,0.0,0.0,9.0,9.0,0.0,9.0,0.0,9.0,0.0,9.0,0.0,1.0,-0.1953213646019911,-0.30259705648505564,1.0,1.0,-0.3122620533228188,1.0,-0.4584658165445496,1.0,-0.40042737694461866,1.0,-0.3535676805013927
GHft8,LN_1,0.0,0.0,9.0,1.0,0.0,0.0,0.0,1.0,0.0,3.0,2.0,0.0,-0.7861307206327296,-0.1953213646019911,1.0,-0.6473203839015098,-0.7890645739628221,-0.3122620533228188,-0.7174479466214045,-0.2964140591507108,-0.7868543335365057,0.06638174870358758,-0.47881651425849664,-0.3535676805013927
GHft8,LN_2,0.0,6.0,0.0,0.0,0.0,6.0,0.0,8.0,0.0,8.0,0.0,8.0,-0.7861307206327296,0.6015595451326696,-0.30259705648505564,-0.8532354318891985,-0.7890645739628221,0.5625793155590604,-0.7174479466214045,0.8379482426061612,-0.7868543335365057,0.8443969581172646,-0.9013355183323528,0.8496035910554008
GHft8,LN_3,0.0,9.0,1.0,0.0,0.0,9.0,0.0,9.0,0.0,9.0,0.0,9.0,-0.7861307206327296,1.0,-0.15786405020893832,-0.8532354318891985,-0.7890645739628221,1.0,-0.7174479466214045,1.0,-0.7868543335365057,1.0,-0.9013355183323528,1.0
GHft8,LN_4,0.0,3.0,0.0,0.0,0.0,8.0,0.0,9.0,0.0,8.0,0.0,9.0,-0.7861307206327296,0.20311909026533925,-0.30259705648505564,-0.8532354318891985,-0.7890645739628221,0.8541931051863535,-0.7174479466214045,1.0,-0.7868543335365057,0.8443969581172646,-0.9013355183323528,1.0
GHft8,LN_5,0.0,0.0,9.0,4.0,1.0,0.0,0.0,0.0,0.0,0.0,1.0,0.0,-0.7861307206327296,-0.1953213646019911,1.0,-0.029575239938443597,-0.5902796213002863,-0.3122620533228188,-0.7174479466214045,-0.4584658165445496,-0.7868543335365057,-0.40042737694461866,-0.6900760162954247,-0.3535676805013927
GHft8,LN_6,0.0,1.0,4.0,0.0,0.0,1.0,0.0,5.0,0.0,4.0,0.0,6.0,-0.7861307206327296,-0.0625078796462143,0.2763349686194136,-0.8532354318891985,-0.7890645739628221,-0.16645515850917228,-0.7174479466214045,0.35179297042464464,-0.7868543335365057,0.22198479058632298,-0.9013355183323528,0.5488107731662024
GHft8,LN_8,0.0,0.0,8.0,4.0,0.0,0.0,0.0,0.0,0.0,0.0,0.0,0.0,-0.7861307206327296,-0.1953213646019911,0.8552669937238827,-0.029575239938443597,-0.7890645739628221,-0.3122620533228188,-0.7174479466214045,-0.4584658165445496,-0.7868543335365057,-0.40042737694461866,-0.9013355183323528,-0.3535676805013927
GHft8,LP_1,8.0,0.0,0.0,6.0,8.0,0.0,8.0,2.0,8.0,0.0,8.0,0.0,0.8015410310408079,-0.1953213646019911,-0.30259705648505564,0.3822548560369338,0.8012150473374642,-0.3122620533228188,0.8091724503753995,-0.13436230175687192,0.8014606296070549,-0.40042737694461866,0.7887404979630719,-0.3535676805013927
GHft8,LP_2,8.0,0.0,0.0,7.0,7.0,0.0,8.0,0.0,8.0,0.0,9.0,0.0,0.8015410310408079,-0.1953213646019911,-0.30259705648505564,0.5881699040246225,0.6024300946749285,-0.3122620533228188,0.8091724503753995,-0.4584658165445496,0.8014606296070549,-0.40042737694461866,1.0,-0.3535676805013927
GHft8,LP_3,9.0,0.0,0.0,8.0,9.0,0.0,9.0,0.0,9.0,0.0,9.0,0.0,1.0,-0.1953213646019911,-0.30259705648505564,0.7940849520123113,1.0,-0.3122620533228188,1.0,-0.4584658165445496,1.0,-0.40042737694461866,1.0,-0.3535676805013927
GHft8,LP_4,7.0,0.0,0.0,8.0,8.0,0.0,7.0,0.0,9.0,0.0,9.0,0.0,0.6030820620816156,-0.1953213646019911,-0.30259705648505564,0.7940849520123113,0.8012150473374642,-0.3122620533228188,0.618344900750799,-0.4584658165445496,1.0,-0.40042737694461866,1.0,-0.3535676805013927
GHft8,LP_5,9.0,0.0,0.0,7.0,9.0,0.0,9.0,0.0,9.0,0.0,9.0,0.0,1.0,-0.1953213646019911,-0.30259705648505564,0.5881699040246225,1.0,-0.3122620533228188,1.0,-0.4584658165445496,1.0,-0.40042737694461866,1.0,-0.3535676805013927
GHft8,LP_6,6.0,0.0,7.0,8.0,6.0,0.0,6.0,0.0,6.0,0.0,9.0,0.0,0.40462309312242345,-0.1953213646019911,0.7105339874477654,0.7940849520123113,0.40364514201239265,-0.3122620533228188,0.4275173511261985,-0.4584658165445496,0.4043818888211647,-0.40042737694461866,1.0,-0.3535676805013927
GHft8,LP_7,8.0,0.0,1.0,8.0,8.0,0.0,8.0,0.0,8.0,0.0,8.0,0.0,0.8015410310408079,-0.1953213646019911,-0.15786405020893832,0.7940849520123113,0.8012150473374642,-0.3122620533228188,0.8091724503753995,-0.4584658165445496,0.8014606296070549,-0.40042737694461866,0.7887404979630719,-0.3535676805013927
GHft8,LP_8,5.0,0.0,0.0,4.0,4.0,0.0,4.0,0.0,5.0,0.0,8.0,0.0,0.20616412416323127,-0.1953213646019911,-0.30259705648505564,-0.029575239938443597,0.006075236687321062,-0.3122620533228188,0.0458622518769975,-0.4584658165445496,0.20584251842821966,-0.40042737694461866,0.7887404979630719,-0.3535676805013927
WYuvqk,HN_1,0.0,8.0,2.0,0.0,0.0,8.0,0.0,2.0,0.0,8.0,0.0,8.0,-0.26053653163176066,1.0,-0.06705297052203245,-0.3554427932057027,-0.2855371235602332,1.0,-0.23138524009944697,0.25968631240936385,-0.27136086939368587,1.0,-0.3275939471618311,1.0
WYuvqk,HN_4,0.0,0.0,4.0,0.0,0.0,1.0,0.0,0.0,0.0,2.0,0.0,2.0,-0.26053653163176066,-0.12443806922505966,0.3597682176867806,-0.3554427932057027,-0.2855371235602332,-0.0015528506582280213,-0.23138524009944697,-0.10719480710457972,-0.27136086939368587,-0.011990814335730808,-0.3275939471618311,0.04317798613463359
WYuvqk,HN_5,0.0,2.0,1.0,0.0,1.0,0.0,0.0,2.0,0.0,4.0,0.0,4.0,-0.26053653163176066,0.15667144808120523,-0.28046356462643895,-0.3554427932057027,-0.10188896305162848,-0.14463182932368918,-0.23138524009944697,0.25968631240936385,-0.27136086939368587,0.32533945710951284,-0.3275939471618311,0.3621186574230891
WYuvqk,HN_6,0.0,3.0,6.0,0.0,0.0,3.0,0.0,1.0,0.0,3.0,0.0,3.0,-0.26053653163176066,0.2972262067343377,0.7865894058955936,-0.3554427932057027,-0.2855371235602332,0.2846051066726943,-0.23138524009944697,0.07624575265239207,-0.27136086939368587,0.156674321386891,-0.3275939471618311,0.20264832177886133
WYuvqk,HN_7,0.0,2.0,1.0,1.0,1.0,0.0,0.0,0.0,0.0,3.0,1.0,2.0,-0.26053653163176066,0.15667144808120523,-0.28046356462643895,-0.07917419841218366,-0.10188896305162848,-0.14463182932368918,-0.23138524009944697,-0.10719480710457972,-0.27136086939368587,0.156674321386891,-0.16164470376660223,0.04317798613463359
WYuvqk,HN_8,0.0,3.0,2.0,0.0,1.0,4.0,0.0,0.0,0.0,6.0,1.0,5.0,-0.26053653163176066,0.2972262067343377,-0.06705297052203245,-0.3554427932057027,-0.10188896305162848,0.42768408533815544,-0.23138524009944697,-0.10719480710457972,-0.27136086939368587,0.6626697285547565,-0.16164470376660223,0.5215889930673168
WYuvqk,HP_2,2.0,0.0,1.0,1.0,1.0,0.0,0.0,0.0,2.0,0.0,3.0,0.0,0.04738078907218089,-0.12443806922505966,-0.28046356462643895,-0.07917419841218366,-0.10188896305162848,-0.14463182932368918,-0.23138524009944697,-0.10719480710457972,0.04647934795473559,-0.3493210857809744,0.17025378302385555,-0.2757626851538219
WYuvqk,HP_4,2.0,0.0,2.0,2.0,1.0,0.0,0.0,0.0,1.0,1.0,3.0,1.0,0.04738078907218089,-0.12443806922505966,-0.06705297052203245,0.19709439638133538,-0.10188896305162848,-0.14463182932368918,-0.23138524009944697,-0.10719480710457972,-0.11244076071947515,-0.1806559500583526,0.17025378302385555,-0.11629234950959415
WYuvqk,HP_5,2.0,1.0,4.0,1.0,0.0,0.0,1.0,0.0,2.0,3.0,4.0,1.0,0.04738078907218089,0.016116689428072786,0.3597682176867806,-0.07917419841218366,-0.2855371235602332,-0.14463182932368918,-0.02615436674953913,-0.10719480710457972,0.04647934795473559,0.156674321386891,0.3362030264190844,-0.11629234950959415
WYuvqk,HP_6,7.0,0.0,2.0,4.0,4.0,0.0,6.0,0.0,7.0,0.0,7.0,0.0,0.8171740908320347,-0.12443806922505966,-0.06705297052203245,0.7496315859683734,0.4490555184741858,-0.14463182932368918,1.0,-0.10719480710457972,0.8410798913257893,-0.3493210857809744,0.8340507566047711,-0.2757626851538219
WYuvqk,HP_8,2.0,0.0,2.0,1.0,2.0,0.0,1.0,0.0,3.0,0.0,3.0,0.0,0.04738078907218089,-0.12443806922505966,-0.06705297052203245,-0.07917419841218366,0.08175919745697627,-0.14463182932368918,-0.02615436674953913,-0.10719480710457972,0.20539945662894632,-0.3493210857809744,0.17025378302385555,-0.2757626851538219
WYuvqk,LN_1,1.0,0.0,0.0,1.0,0.0,0.0,1.0,0.0,1.0,1.0,1.0,1.0,-0.10657787127978988,-0.12443806922505966,-0.49387415873084545,-0.07917419841218366,-0.2855371235602332,-0.14463182932368918,-0.02615436674953913,-0.10719480710457972,-0.11244076071947515,-0.1806559500583526,-0.16164470376660223,-0.11629234950959415
WYuvqk,LN_2,0.0,0.0,0.0,1.0,1.0,0.0,0.0,0.0,0.0,4.0,0.0,4.0,-0.26053653163176066,-0.12443806922505966,-0.49387415873084545,-0.07917419841218366,-0.10188896305162848,-0.14463182932368918,-0.23138524009944697,-0.10719480710457972,-0.27136086939368587,0.32533945710951284,-0.3275939471618311,0.3621186574230891
WYuvqk,LN_3,0.0,6.0,5.0,0.0,7.0,8.0,0.0,0.0,0.0,7.0,0.0,7.0,-0.26053653163176066,0.7188904826937351,0.5731788117911871,-0.3554427932057027,1.0,1.0,-0.23138524009944697,-0.10719480710457972,-0.27136086939368587,0.8313348642773782,-0.3275939471618311,0.8405296643557723
WYuvqk,LN_4,0.0,0.0,0.0,0.0,0.0,0.0,0.0,0.0,0.0,3.0,0.0,3.0,-0.26053653163176066,-0.12443806922505966,-0.49387415873084545,-0.3554427932057027,-0.2855371235602332,-0.14463182932368918,-0.23138524009944697,-0.10719480710457972,-0.27136086939368587,0.156674321386891,-0.3275939471618311,0.20264832177886133
WYuvqk,LN_5,0.0,0.0,6.0,0.0,0.0,0.0,0.0,0.0,0.0,2.0,0.0,2.0,-0.26053653163176066,-0.12443806922505966,0.7865894058955936,-0.3554427932057027,-0.2855371235602332,-0.14463182932368918,-0.23138524009944697,-0.10719480710457972,-0.27136086939368587,-0.011990814335730808,-0.3275939471618311,0.04317798613463359
WYuvqk,LN_6,0.0,0.0,5.0,1.0,1.0,0.0,0.0,0.0,0.0,1.0,1.0,2.0,-0.26053653163176066,-0.12443806922505966,0.5731788117911871,-0.07917419841218366,-0.10188896305162848,-0.14463182932368918,-0.23138524009944697,-0.10719480710457972,-0.27136086939368587,-0.1806559500583526,-0.16164470376660223,0.04317798613463359
WYuvqk,LN_8,0.0,3.0,4.0,0.0,0.0,3.0,0.0,0.0,0.0,3.0,0.0,3.0,-0.26053653163176066,0.2972262067343377,0.3597682176867806,-0.3554427932057027,-0.2855371235602332,0.2846051066726943,-0.23138524009944697,-0.10719480710457972,-0.27136086939368587,0.156674321386891,-0.3275939471618311,0.20264832177886133
WYuvqk,LP_1,2.0,0.0,2.0,2.0,1.0,0.0,1.0,0.0,3.0,0.0,3.0,0.0,0.04738078907218089,-0.12443806922505966,-0.06705297052203245,0.19709439638133538,-0.10188896305162848,-0.14463182932368918,-0.02615436674953913,-0.10719480710457972,0.20539945662894632,-0.3493210857809744,0.17025378302385555,-0.2757626851538219
WYuvqk,LP_2,3.0,0.0,1.0,2.0,2.0,0.0,1.0,0.0,3.0,0.0,3.0,0.0,0.20133944942415166,-0.12443806922505966,-0.28046356462643895,0.19709439638133538,0.08175919745697627,-0.14463182932368918,-0.02615436674953913,-0.10719480710457972,0.20539945662894632,-0.3493210857809744,0.17025378302385555,-0.2757626851538219
WYuvqk,LP_3,3.0,0.0,2.0,3.0,3.0,0.0,1.0,0.0,4.0,0.0,4.0,0.0,0.20133944942415166,-0.12443806922505966,-0.06705297052203245,0.4733629911748544,0.265407357965581,-0.14463182932368918,-0.02615436674953913,-0.10719480710457972,0.36431956530315707,-0.3493210857809744,0.3362030264190844,-0.2757626851538219
WYuvqk,LP_4,0.0,0.0,4.0,0.0,0.0,2.0,0.0,0.0,0.0,0.0,1.0,0.0,-0.26053653163176066,-0.12443806922505966,0.3597682176867806,-0.3554427932057027,-0.2855371235602332,0.14152612800723313,-0.23138524009944697,-0.10719480710457972,-0.27136086939368587,-0.3493210857809744,-0.16164470376660223,-0.2757626851538219
WYuvqk,LP_5,0.0,0.0,2.0,1.0,1.0,0.0,0.0,0.0,1.0,1.0,1.0,2.0,-0.26053653163176066,-0.12443806922505966,-0.06705297052203245,-0.07917419841218366,-0.10188896305162848,-0.14463182932368918,-0.23138524009944697,-0.10719480710457972,-0.11244076071947515,-0.1806559500583526,-0.16164470376660223,0.04317798613463359
WYuvqk,LP_6,0.0,0.0,7.0,1.0,1.0,0.0,0.0,0.0,0.0,0.0,0.0,0.0,-0.26053653163176066,-0.12443806922505966,1.0,-0.07917419841218366,-0.10188896305162848,-0.14463182932368918,-0.23138524009944697,-0.10719480710457972,-0.27136086939368587,-0.3493210857809744,-0.3275939471618311,-0.2757626851538219
WYuvqk,LP_7,0.0,3.0,1.0,0.0,0.0,3.0,0.0,0.0,0.0,4.0,0.0,3.0,-0.26053653163176066,0.2972262067343377,-0.28046356462643895,-0.3554427932057027,-0.2855371235602332,0.2846051066726943,-0.23138524009944697,-0.10719480710457972,-0.27136086939368587,0.32533945710951284,-0.3275939471618311,0.20264832177886133
WYuvqk,LP_8,1.0,0.0,2.0,0.0,1.0,0.0,0.0,0.0,1.0,3.0,1.0,1.0,-0.10657787127978988,-0.12443806922505966,-0.06705297052203245,-0.3554427932057027,-0.10188896305162848,-0.14463182932368918,-0.23138524009944697,-0.10719480710457972,-0.11244076071947515,0.156674321386891,-0.16164470376660223,-0.11629234950959415
XPI3pA,HN_1,0.0,8.0,0.0,0.0,0.0,7.0,0.0,0.0,0.0,4.0,0.0,2.0,-0.6368682128971714,1.0,-0.14547783526414204,-0.7481045131964551,-0.7346743564495709,0.8578834198323941,-0.5483064344069286,-0.1119116780272067,-0.6722566839278427,0.7589681092573082,-0.6643618849085617,0.13721228707618938
XPI3pA,HN_4,0.0,0.0,0.0,0.0,0.0,0.0,0.0,8.0,0.0,0.0,0.0,0.0,-0.6368682128971714,-0.11862377367702366,-0.14547783526414204,-0.7481045131964551,-0.7346743564495709,-0.13693264134084734,-0.5483064344069286,1.0,-0.6722566839278427,-0.20515945371345912,-0.6643618849085617,-0.20790279809333487
XPI3pA,HN_5,0.0,2.0,0.0,0.0,0.0,1.0,0.0,4.0,0.0,1.0,0.0,0.0,-0.6368682128971714,0.16103216974223228,-0.14547783526414204,-0.7481045131964551,-0.7346743564495709,0.005183938826758583,-0.5483064344069286,0.44404416098639665,-0.6722566839278427,0.03587243702923272,-0.6643618849085617,-0.20790279809333487
XPI3pA,HN_6,0.0,8.0,0.0,0.0,0.0,8.0,0.0,2.0,0.0,5.0,0.0,4.0,-0.6368682128971714,1.0,-0.14547783526414204,-0.7481045131964551,-0.7346743564495709,1.0,-0.5483064344069286,0.16606624147959498,-0.6722566839278427,1.0,-0.6643618849085617,0.4823273722457136
XPI3pA,HN_7,0.0,4.0,0.0,0.0,0.0,0.0,0.0,5.0,0.0,2.0,0.0,0.0,-0.6368682128971714,0.4406881131614882,-0.14547783526414204,-0.7481045131964551,-0.7346743564495709,-0.13693264134084734,-0.5483064344069286,0.5830331207397975,-0.6722566839278427,0.27690432777192453,-0.6643618849085617,-0.20790279809333487
XPI3pA,HN_8,4.0,0.0,0.0,3.0,3.0,4.0,0.0,0.0,0.0,0.0,0.0,0.0,0.09062877061268251,-0.11862377367702366,-0.14547783526414204,-0.16540300879763675,-0.15644957096638057,0.4315336793295763,-0.5483064344069286,-0.1119116780272067,-0.6722566839278427,-0.20515945371345912,-0.6643618849085617,-0.20790279809333487
XPI3pA,HP_2,9.0,0.0,0.0,9.0,9.0,0.0,7.0,0.0,9.0,0.0,7.0,0.0,1.0,-0.11862377367702366,-0.14547783526414204,1.0,1.0,-0.13693264134084734,1.0,-0.1119116780272067,1.0,-0.20515945371345912,0.7919547643864298,-0.20790279809333487
XPI3pA,HP_4,8.0,0.0,0.0,7.0,7.0,0.0,5.0,0.0,8.0,0.0,5.0,0.0,0.8181257541225365,-0.11862377367702366,-0.14547783526414204,0.6115323304007877,0.6145168096778733,-0.13693264134084734,0.5576267330265919,-0.1119116780272067,0.8141937017857953,-0.20515945371345912,0.3758642931592893,-0.20790279809333487
XPI3pA,HP_5,8.0,0.0,0.0,6.0,6.0,0.0,6.0,0.0,8.0,0.0,5.0,0.0,0.8181257541225365,-0.11862377367702366,-0.14547783526414204,0.4172984956011816,0.42177521451680977,-0.13693264134084734,0.778813366513296,-0.1119116780272067,0.8141937017857953,-0.20515945371345912,0.3758642931592893,-0.20790279809333487
XPI3pA,HP_6,8.0,0.0,0.0,7.0,7.0,0.0,5.0,0.0,8.0,0.0,6.0,0.0,0.8181257541225365,-0.11862377367702366,-0.14547783526414204,0.6115323304007877,0.6145168096778733,-0.13693264134084734,0.5576267330265919,-0.1119116780272067,0.8141937017857953,-0.20515945371345912,0.5839095287728595,-0.20790279809333487
XPI3pA,HP_8,8.0,0.0,0.0,7.0,7.0,0.0,4.0,0.0,6.0,0.0,6.0,0.0,0.8181257541225365,-0.11862377367702366,-0.14547783526414204,0.6115323304007877,0.6145168096778733,-0.13693264134084734,0.3364400995398878,-0.1119116780272067,0.4425811053573858,-0.20515945371345912,0.5839095287728595,-0.20790279809333487
XPI3pA,LN_1,0.0,0.0,2.0,0.0,0.0,0.0,0.0,0.0,0.0,0.0,0.0,1.0,-0.6368682128971714,-0.11862377367702366,0.6659022980479585,-0.7481045131964551,-0.7346743564495709,-0.13693264134084734,-0.5483064344069286,-0.1119116780272067,-0.6722566839278427,-0.20515945371345912,-0.6643618849085617,-0.035345255508572745
XPI3pA,LN_2,0.0,2.0,0.0,0.0,0.0,1.0,0.0,0.0,0.0,1.0,0.0,7.0,-0.6368682128971714,0.16103216974223228,-0.14547783526414204,-0.7481045131964551,-0.7346743564495709,0.005183938826758583,-0.5483064344069286,-0.1119116780272067,-0.6722566839278427,0.03587243702923272,-0.6643618849085617,1.0
XPI3pA,LN_3,0.0,7.0,0.0,0.0,0.0,7.0,0.0,0.0,0.0,4.0,0.0,6.0,-0.6368682128971714,0.8601720282903721,-0.14547783526414204,-0.7481045131964551,-0.7346743564495709,0.8578834198323941,-0.5483064344069286,-0.1119116780272067,-0.6722566839278427,0.7589681092573082,-0.6643618849085617,0.8274424574152379
XPI3pA,LN_4,0.0,0.0,0.0,0.0,0.0,0.0,0.0,0.0,0.0,1.0,0.0,7.0,-0.6368682128971714,-0.11862377367702366,-0.14547783526414204,-0.7481045131964551,-0.7346743564495709,-0.13693264134084734,-0.5483064344069286,-0.1119116780272067,-0.6722566839278427,0.03587243702923272,-0.6643618849085617,1.0
XPI3pA,LN_5,0.0,0.0,0.0,0.0,0.0,2.0,0.0,0.0,0.0,1.0,0.0,5.0,-0.6368682128971714,-0.11862377367702366,-0.14547783526414204,-0.7481045131964551,-0.7346743564495709,0.1473005189943645,-0.5483064344069286,-0.1119116780272067,-0.6722566839278427,0.03587243702923272,-0.6643618849085617,0.6548849148304757
XPI3pA,LN_6,1.0,0.0,0.0,2.0,2.0,0.0,2.0,0.0,2.0,2.0,3.0,3.0,-0.45499396701970796,-0.11862377367702366,-0.14547783526414204,-0.3596368435972429,-0.349191166127444,-0.13693264134084734,-0.1059331674335204,-0.1119116780272067,-0.3006440874994331,0.27690432777192453,-0.040226178067851115,0.3097698296609515
XPI3pA,LN_8,0.0,0.0,0.0,0.0,0.0,0.0,0.0,0.0,0.0,3.0,0.0,4.0,-0.6368682128971714,-0.11862377367702366,-0.14547783526414204,-0.7481045131964551,-0.7346743564495709,-0.13693264134084734,-0.5483064344069286,-0.1119116780272067,-0.6722566839278427,0.5179362185146164,-0.6643618849085617,0.4823273722457136
XPI3pA,LP_1,7.0,0.0,0.0,8.0,8.0,0.0,5.0,0.0,7.0,0.0,7.0,0.0,0.636251508245073,-0.11862377367702366,-0.14547783526414204,0.8057661652003939,0.8072584048389365,-0.13693264134084734,0.5576267330265919,-0.1119116780272067,0.6283874035715905,-0.20515945371345912,0.7919547643864298,-0.20790279809333487
XPI3pA,LP_2,7.0,0.0,0.0,8.0,8.0,0.0,6.0,0.0,8.0,0.0,8.0,0.0,0.636251508245073,-0.11862377367702366,-0.14547783526414204,0.8057661652003939,0.8072584048389365,-0.13693264134084734,0.778813366513296,-0.1119116780272067,0.8141937017857953,-0.20515945371345912,1.0,-0.20790279809333487
XPI3pA,LP_3,4.0,0.0,0.0,5.0,5.0,0.0,3.0,0.0,5.0,0.0,5.0,0.0,0.09062877061268251,-0.11862377367702366,-0.14547783526414204,0.2230646608015755,0.22903361935574632,-0.13693264134084734,0.1152534660531837,-0.1119116780272067,0.25677480714318107,-0.20515945371345912,0.3758642931592893,-0.20790279809333487
XPI3pA,LP_4,8.0,0.0,0.0,8.0,8.0,0.0,5.0,0.0,8.0,0.0,7.0,0.0,0.8181257541225365,-0.11862377367702366,-0.14547783526414204,0.8057661652003939,0.8072584048389365,-0.13693264134084734,0.5576267330265919,-0.1119116780272067,0.8141937017857953,-0.20515945371345912,0.7919547643864298,-0.20790279809333487
XPI3pA,LP_5,8.0,0.0,0.0,7.0,7.0,0.0,5.0,0.0,8.0,0.0,7.0,0.0,0.8181257541225365,-0.11862377367702366,-0.14547783526414204,0.6115323304007877,0.6145168096778733,-0.13693264134084734,0.5576267330265919,-0.1119116780272067,0.8141937017857953,-0.20515945371345912,0.7919547643864298,-0.20790279809333487
XPI3pA,LP_6,0.0,0.0,0.0,5.0,5.0,0.0,2.0,0.0,3.0,0.0,4.0,0.0,-0.6368682128971714,-0.11862377367702366,-0.14547783526414204,0.2230646608015755,0.22903361935574632,-0.13693264134084734,-0.1059331674335204,-0.1119116780272067,-0.1148377892852284,-0.20515945371345912,0.1678190575457191,-0.20790279809333487
XPI3pA,LP_7,3.0,0.0,0.0,8.0,8.0,0.0,2.0,0.0,7.0,0.0,6.0,0.0,-0.09124547526478098,-0.11862377367702366,-0.14547783526414204,0.8057661652003939,0.8072584048389365,-0.13693264134084734,-0.1059331674335204,-0.1119116780272067,0.6283874035715905,-0.20515945371345912,0.5839095287728595,-0.20790279809333487
XPI3pA,LP_8,8.0,0.0,0.0,8.0,8.0,0.0,6.0,0.0,8.0,0.0,6.0,0.0,0.8181257541225365,-0.11862377367702366,-0.14547783526414204,0.8057661652003939,0.8072584048389365,-0.13693264134084734,0.778813366513296,-0.1119116780272067,0.8141937017857953,-0.20515945371345912,0.5839095287728595,-0.20790279809333487
h2yD5h,HN_1,0.0,6.0,1.0,0.0,0.0,8.0,0.0,8.0,0.0,9.0,0.0,3.0,-0.372183474877191,0.8470817225569498,-0.07226528939098219,-1.0,-0.5391378877852647,1.0,-0.49427865865085624,1.0,-0.5343300120253188,1.0,-0.7149250687084184,0.29565234988650846
h2yD5h,HN_4,0.0,0.0,2.0,3.0,0.0,0.0,1.0,0.0,0.0,3.0,1.0,1.0,-0.372183474877191,-0.07042794210135112,0.19580103295676335,-0.4445674861996314,-0.5391378877852647,-0.0856074180814502,-0.3074938263194992,-0.11645995196660362,-0.5343300120253188,0.23101651622041522,-0.5243778388519275,0.013913289841111868
h2yD5h,HN_5,0.0,1.0,0.0,2.0,0.0,0.0,2.0,1.0,0.0,0.0,0.0,0.0,-0.372183474877191,0.08249033534169903,-0.3403316117387277,-0.6297116574664209,-0.5391378877852647,-0.0856074180814502,-0.12070899398814218,0.023097542029221818,-0.5343300120253188,-0.15347522566937716,-0.7149250687084184,-0.12695624018158644
h2yD5h,HN_6,0.0,0.0,0.0,4.0,1.0,0.0,0.0,1.0,0.0,8.0,0.0,1.0,-0.372183474877191,-0.07042794210135112,-0.3403316117387277,-0.2594233149328418,-0.319261046673084,-0.0856074180814502,-0.49427865865085624,0.023097542029221818,-0.5343300120253188,0.8718360860367359,-0.7149250687084184,0.013913289841111868
h2yD5h,HN_7,0.0,0.0,2.0,8.0,1.0,0.0,0.0,0.0,0.0,1.0,0.0,0.0,-0.372183474877191,-0.07042794210135112,0.19580103295676335,0.48115337013431636,-0.319261046673084,-0.0856074180814502,-0.49427865865085624,-0.11645995196660362,-0.5343300120253188,-0.02531131170611304,-0.7149250687084184,-0.12695624018158644
h2yD5h,HN_8,0.0,1.0,0.0,3.0,1.0,2.0,0.0,1.0,0.0,2.0,0.0,2.0,-0.372183474877191,0.08249033534169903,-0.3403316117387277,-0.4445674861996314,-0.319261046673084,0.18579443643891233,-0.49427865865085624,0.023097542029221818,-0.5343300120253188,0.1028526022571511,-0.7149250687084184,0.15478281986381015
h2yD5h,HP_2,7.0,0.0,1.0,8.0,5.0,0.0,7.0,0.0,8.0,0.0,8.0,0.0,0.8009810227277356,-0.07042794210135112,-0.07226528939098219,0.48115337013431636,0.5602463177756387,-0.0856074180814502,0.813215167668643,-0.11645995196660362,0.8295188875527424,-0.15347522566937716,0.809452770143509,-0.12695624018158644
h2yD5h,HP_4,6.0,0.0,2.0,7.0,4.0,0.0,4.0,0.0,6.0,0.0,8.0,0.0,0.6333860944984604,-0.07042794210135112,0.19580103295676335,0.2960091988675268,0.34036947666345807,-0.0856074180814502,0.25286067067457185,-0.11645995196660362,0.488556662658227,-0.15347522566937716,0.809452770143509,-0.12695624018158644
h2yD5h,HP_5,7.0,0.0,2.0,7.0,4.0,0.0,6.0,0.0,7.0,0.0,7.0,0.0,0.8009810227277356,-0.07042794210135112,0.19580103295676335,0.2960091988675268,0.34036947666345807,-0.0856074180814502,0.6264303353372859,-0.11645995196660362,0.6590377751054847,-0.15347522566937716,0.6189055402870182,-0.12695624018158644
h2yD5h,HP_6,7.0,0.0,0.0,4.0,4.0,0.0,8.0,0.0,8.0,0.0,8.0,0.0,0.8009810227277356,-0.07042794210135112,-0.3403316117387277,-0.2594233149328418,0.34036947666345807,-0.0856074180814502,1.0,-0.11645995196660362,0.8295188875527424,-0.15347522566937716,0.809452770143509,-0.12695624018158644
h2yD5h,HP_8,3.0,0.0,2.0,6.0,1.0,0.0,0.0,0.0,1.0,0.0,5.0,0.0,0.1306013098106347,-0.07042794210135112,0.19580103295676335,0.11086502760073727,-0.319261046673084,-0.0856074180814502,-0.49427865865085624,-0.11645995196660362,-0.3638488995780612,-0.15347522566937716,0.23781108057403633,-0.12695624018158644
h2yD5h,LN_1,0.0,0.0,5.0,7.0,1.0,0.0,1.0,0.0,1.0,2.0,3.0,1.0,-0.372183474877191,-0.07042794210135112,1.0,0.2960091988675268,-0.319261046673084,-0.0856074180814502,-0.3074938263194992,-0.11645995196660362,-0.3638488995780612,0.1028526022571511,-0.14328337913894557,0.013913289841111868
h2yD5h,LN_2,0.0,0.0,0.0,8.0,1.0,0.0,0.0,3.0,0.0,0.0,1.0,1.0,-0.372183474877191,-0.07042794210135112,-0.3403316117387277,0.48115337013431636,-0.319261046673084,-0.0856074180814502,-0.49427865865085624,0.3022125300208727,-0.5343300120253188,-0.15347522566937716,-0.5243778388519275,0.013913289841111868
h2yD5h,LN_3,0.0,7.0,1.0,2.0,0.0,8.0,0.0,0.0,0.0,8.0,0.0,8.0,-0.372183474877191,1.0,-0.07226528939098219,-0.6297116574664209,-0.5391378877852647,1.0,-0.49427865865085624,-0.11645995196660362,-0.5343300120253188,0.8718360860367359,-0.7149250687084184,1.0
h2yD5h,LN_4,0.0,0.0,0.0,6.0,0.0,0.0,0.0,0.0,0.0,0.0,0.0,7.0,-0.372183474877191,-0.07042794210135112,-0.3403316117387277,0.11086502760073727,-0.5391378877852647,-0.0856074180814502,-0.49427865865085624,-0.11645995196660362,-0.5343300120253188,-0.15347522566937716,-0.7149250687084184,0.8591304699773017
h2yD5h,LN_5,0.0,0.0,2.0,7.0,1.0,0.0,0.0,0.0,0.0,1.0,1.0,0.0,-0.372183474877191,-0.07042794210135112,0.19580103295676335,0.2960091988675268,-0.319261046673084,-0.0856074180814502,-0.49427865865085624,-0.11645995196660362,-0.5343300120253188,-0.02531131170611304,-0.5243778388519275,-0.12695624018158644
h2yD5h,LN_6,0.0,0.0,2.0,8.0,1.0,0.0,0.0,0.0,0.0,0.0,0.0,0.0,-0.372183474877191,-0.07042794210135112,0.19580103295676335,0.48115337013431636,-0.319261046673084,-0.0856074180814502,-0.49427865865085624,-0.11645995196660362,-0.5343300120253188,-0.15347522566937716,-0.7149250687084184,-0.12695624018158644
h2yD5h,LN_8,0.0,0.0,1.0,7.0,1.0,0.0,0.0,0.0,0.0,0.0,0.0,2.0,-0.372183474877191,-0.07042794210135112,-0.07226528939098219,0.2960091988675268,-0.319261046673084,-0.0856074180814502,-0.49427865865085624,-0.11645995196660362,-0.5343300120253188,-0.15347522566937716,-0.7149250687084184,0.15478281986381015
h2yD5h,LP_1,1.0,0.0,3.0,7.0,2.0,0.0,4.0,0.0,4.0,0.0,5.0,0.0,-0.20458854664791576,-0.07042794210135112,0.4638673553045089,0.2960091988675268,-0.09938420556090331,-0.0856074180814502,0.25286067067457185,-0.11645995196660362,0.14759443776371173,-0.15347522566937716,0.23781108057403633,-0.12695624018158644
h2yD5h,LP_2,1.0,0.0,1.0,7.0,3.0,0.0,7.0,0.0,8.0,0.0,9.0,0.0,-0.20458854664791576,-0.07042794210135112,-0.07226528939098219,0.2960091988675268,0.12049263555127737,-0.0856074180814502,0.813215167668643,-0.11645995196660362,0.8295188875527424,-0.15347522566937716,1.0,-0.12695624018158644
h2yD5h,LP_3,1.0,0.0,0.0,8.0,3.0,0.0,7.0,0.0,8.0,0.0,9.0,0.0,-0.20458854664791576,-0.07042794210135112,-0.3403316117387277,0.48115337013431636,0.12049263555127737,-0.0856074180814502,0.813215167668643,-0.11645995196660362,0.8295188875527424,-0.15347522566937716,1.0,-0.12695624018158644
h2yD5h,LP_4,2.0,0.0,0.0,8.0,3.0,0.0,4.0,0.0,7.0,0.0,7.0,0.0,-0.03699361841864054,-0.07042794210135112,-0.3403316117387277,0.48115337013431636,0.12049263555127737,-0.0856074180814502,0.25286067067457185,-0.11645995196660362,0.6590377751054847,-0.15347522566937716,0.6189055402870182,-0.12695624018158644
h2yD5h,LP_5,2.0,0.0,1.0,5.0,4.0,0.0,6.0,0.0,8.0,0.0,8.0,0.0,-0.03699361841864054,-0.07042794210135112,-0.07226528939098219,-0.07427914366605227,0.34036947666345807,-0.0856074180814502,0.6264303353372859,-0.11645995196660362,0.8295188875527424,-0.15347522566937716,0.809452770143509,-0.12695624018158644
h2yD5h,LP_6,0.0,0.0,2.0,8.0,1.0,0.0,0.0,0.0,1.0,0.0,4.0,0.0,-0.372183474877191,-0.07042794210135112,0.19580103295676335,0.48115337013431636,-0.319261046673084,-0.0856074180814502,-0.49427865865085624,-0.11645995196660362,-0.3638488995780612,-0.15347522566937716,0.047263850717545366,-0.12695624018158644
h2yD5h,LP_7,0.0,0.0,3.0,7.0,4.0,0.0,3.0,0.0,2.0,1.0,4.0,0.0,-0.372183474877191,-0.07042794210135112,0.4638673553045089,0.2960091988675268,0.34036947666345807,-0.0856074180814502,0.06607583834321483,-0.11645995196660362,-0.19336778713080355,-0.02531131170611304,0.047263850717545366,-0.12695624018158644
h2yD5h,LP_8,8.0,0.0,0.0,7.0,7.0,0.0,7.0,0.0,9.0,0.0,9.0,0.0,0.9685759509570109,-0.07042794210135112,-0.3403316117387277,0.2960091988675268,1.0,-0.0856074180814502,0.813215167668643,-0.11645995196660362,1.0,-0.15347522566937716,1.0,-0.12695624018158644
GHft8,HP_1_H,8.0,1.0,5.0,4.0,7.0,1.0,7.0,1.0,7.0,1.0,7.0,1.0,0.8015410310408079,-0.0625078796462143,0.4210679748955309,-0.029575239938443597,0.6024300946749285,-0.16645515850917228,0.618344900750799,-0.2964140591507108,0.6029212592141098,-0.24482433506188322,0.5774809959261438,-0.20317127155679351
WYuvqk,HP_1_L,3.0,0.0,1.0,1.0,0.0,0.0,2.0,0.0,3.0,0.0,3.0,0.0,0.20133944942415166,-0.12443806922505966,-0.28046356462643895,-0.07917419841218366,-0.2855371235602332,-0.14463182932368918,0.17907650660036872,-0.10719480710457972,0.20539945662894632,-0.3493210857809744,0.17025378302385555,-0.2757626851538219
XPI3pA,HP_1_L,6.0,0.0,0.0,6.0,6.0,0.0,4.0,0.0,6.0,0.0,4.0,0.0,0.4543772623676095,-0.11862377367702366,-0.14547783526414204,0.4172984956011816,0.42177521451680977,-0.13693264134084734,0.3364400995398878,-0.1119116780272067,0.4425811053573858,-0.20515945371345912,0.1678190575457191,-0.20790279809333487
h2yD5h,HP_1_L,3.0,0.0,2.0,8.0,7.0,0.0,4.0,0.0,5.0,0.0,8.0,0.0,0.1306013098106347,-0.07042794210135112,0.19580103295676335,0.48115337013431636,1.0,-0.0856074180814502,0.25286067067457185,-0.11645995196660362,0.31807555021096934,-0.15347522566937716,0.809452770143509,-0.12695624018158644
GHft8,HP_1_L,4.324324324324325,0.0,2.0,4.918918918918919,4.54054054054054,0.0,3.918918918918919,0.10810810810810811,4.756756756756757,0.2702702702702703,5.216216216216216,0.0,0.0720702262178312,-0.1953213646019911,-0.013131043932821019,0.1596439933475407,0.1135265624508539,-0.3122620533228188,0.030389747853381232,-0.44094670763710764,0.1575491580623682,-0.3583725007600956,0.20063972202243416,-0.3535676805013927
WYuvqk,HP_1_H,7.0,0.46153846153846156,0.7692307692307693,3.9615384615384617,4.961538461538462,0.34615384615384615,5.269230769230769,0.34615384615384615,6.230769230769231,0.8076923076923077,5.961538461538462,0.5384615384615384,0.8171740908320347,-0.05956664215438315,-0.3297121632659174,0.7390058707840073,0.6256402881939981,-0.0951044905548757,0.8500235925519906,-0.043696151804089485,0.7188336538840887,-0.21309155308193373,0.6617188500020333,-0.18989404288385311
XPI3pA,HP_1_H,7.0,0.46153846153846156,0.7692307692307693,3.9615384615384617,4.961538461538462,0.34615384615384615,5.269230769230769,0.34615384615384615,6.230769230769231,0.8076923076923077,5.961538461538462,0.5384615384615384,0.636251508245073,-0.054087786734118445,0.16659144677897358,0.021360293894292236,0.2216204810803208,-0.08773844051359914,0.6171769805037814,-0.06380011503564488,0.48545948186835614,-0.010479849652054167,0.5759077889415685,-0.11498719824000142
h2yD5h,HP_1_H,7.0,0.46153846153846156,0.7692307692307693,3.9615384615384617,4.961538461538462,0.34615384615384615,5.269230769230769,0.34615384615384615,6.230769230769231,0.8076923076923077,5.961538461538462,0.5384615384615384,0.8009810227277356,0.0001497244108258784,-0.13412674839430808,-0.2665442445969491,0.5517895161944011,-0.03863402018369514,0.4899337270951404,-0.06815158866035637,0.5278984578383634,-0.04995821823750998,0.4210295708206622,-0.05110341632321043
GHft8,HP_3_H,9.0,0.0,0.0,9.0,9.0,0.0,9.0,0.0,9.0,0.0,9.0,0.0,1.0,-0.1953213646019911,-0.30259705648505564,1.0,1.0,-0.3122620533228188,1.0,-0.4584658165445496,1.0,-0.40042737694461866,1.0,-0.3535676805013927
WYuvqk,HP_3_L,3.0,0.0,0.0,1.0,3.0,0.0,3.0,0.0,3.0,0.0,3.0,0.0,0.20133944942415166,-0.12443806922505966,-0.49387415873084545,-0.07917419841218366,0.265407357965581,-0.14463182932368918,0.3843073799502766,-0.10719480710457972,0.20539945662894632,-0.3493210857809744,0.17025378302385555,-0.2757626851538219
XPI3pA,HP_3_H,9.0,0.0,0.0,9.0,9.0,0.0,6.0,0.0,9.0,0.0,8.0,0.0,1.0,-0.11862377367702366,-0.14547783526414204,1.0,1.0,-0.13693264134084734,0.778813366513296,-0.1119116780272067,1.0,-0.20515945371345912,1.0,-0.20790279809333487
h2yD5h,HP_3_L,6.0,0.0,1.0,6.0,3.0,0.0,4.0,0.0,5.0,0.0,6.0,0.0,0.6333860944984604,-0.07042794210135112,-0.07226528939098219,0.11086502760073727,0.12049263555127737,-0.0856074180814502,0.25286067067457185,-0.11645995196660362,0.31807555021096934,-0.15347522566937716,0.42835831043052724,-0.12695624018158644
GHft8,HP_3_L,4.0,0.03225806451612903,2.129032258064516,4.161290322580645,3.6774193548387095,0.16129032258064516,3.129032258064516,0.0967741935483871,4.193548387096774,0.2903225806451613,4.516129032258065,0.03225806451612903,0.007705155204039094,-0.19103705863567572,0.0055441826834521655,0.0036368645756997154,-0.05804894159091632,-0.28874481222384357,-0.12034238811862231,-0.442783388409662,0.04573012295003811,-0.35525230026898574,0.05273965215699994,-0.34871618343866373
WYuvqk,HP_3_H,8.1875,0.1875,0.15625,4.90625,5.59375,0.40625,5.46875,0.0625,7.21875,0.46875,7.21875,0.40625,1.0,-0.09808405197759733,-0.460528753402032,1.0,0.7417447742847746,-0.08650599424084558,0.8909710985328615,-0.09572977211976898,0.8758436650982728,-0.27025930341099547,0.8703521535974774,-0.21097786129835436
XPI3pA,HP_3_L,4.0,0.03225806451612903,2.129032258064516,4.161290322580645,3.6774193548387095,0.16129032258064516,3.129032258064516,0.0967741935483871,4.193548387096774,0.2903225806451613,4.516129032258065,0.03225806451612903,0.09062877061268251,-0.11411319394445502,0.7182494034229328,0.06015886387287355,-0.025882683921789235,-0.11401061228155607,0.14379367682566163,-0.0984611335349421,0.10693101826075786,-0.13518245317525823,0.27519724366885223,-0.20233642575189092
h2yD5h,HP_3_H,8.1875,0.1875,0.15625,4.90625,5.59375,0.40625,5.46875,0.0625,7.21875,0.46875,7.21875,0.40625,1.0,-0.04175576508077922,-0.29844624887189247,-0.0916364097223138,0.690798192185996,-0.030478916382001557,0.5272008931612525,-0.10773760859186454,0.6963305184533223,-0.09339839099909711,0.6605877468181256,-0.06972799360986526
GHft8,HP_7_L,7.0,0.0,8.0,7.0,7.0,0.0,7.0,0.0,7.0,0.0,7.0,0.0,0.6030820620816156,-0.1953213646019911,0.8552669937238827,0.5881699040246225,0.6024300946749285,-0.3122620533228188,0.618344900750799,-0.4584658165445496,0.6029212592141098,-0.40042737694461866,0.5774809959261438,-0.3535676805013927
WYuvqk,HP_7_H,8.0,0.0,0.0,4.0,4.0,0.0,6.0,0.0,8.0,0.0,8.0,0.0,0.9711327511840054,-0.12443806922505966,-0.49387415873084545,0.7496315859683734,0.4490555184741858,-0.14463182932368918,1.0,-0.10719480710457972,1.0,-0.3493210857809744,1.0,-0.2757626851538219
XPI3pA,HP_7_H,8.0,0.0,0.0,8.0,8.0,0.0,6.0,0.0,8.0,0.0,6.0,0.0,0.8181257541225365,-0.11862377367702366,-0.14547783526414204,0.8057661652003939,0.8072584048389365,-0.13693264134084734,0.778813366513296,-0.1119116780272067,0.8141937017857953,-0.20515945371345912,0.5839095287728595,-0.20790279809333487
h2yD5h,HP_7_L,4.0,0.0,1.0,5.0,2.0,0.0,7.0,0.0,7.0,0.0,7.0,0.0,0.2981962380399099,-0.07042794210135112,-0.07226528939098219,-0.07427914366605227,-0.09938420556090331,-0.0856074180814502,0.813215167668643,-0.11645995196660362,0.6590377751054847,-0.15347522566937716,0.6189055402870182,-0.12695624018158644
GHft8,HP_7_H,7.724137931034483,0.13793103448275862,0.41379310344827586,4.758620689655173,5.620689655172414,0.1724137931034483,5.724137931034483,0.20689655172413793,7.413793103448276,0.27586206896551724,6.9655172413793105,0.20689655172413793,0.7467937292589618,-0.1770022632287805,-0.24270753664666225,0.12663617577635478,0.3282439530714308,-0.2871229335273625,0.37487526847113634,-0.4249378667389278,0.6850754814456732,-0.35750239987351917,0.5701961855110773,-0.3224511820990618
WYuvqk,HP_7_L,4.588235294117647,0.029411764705882353,2.823529411764706,4.617647058823529,4.205882352941177,0.058823529411764705,3.7058823529411766,0.058823529411764705,4.823529411764706,0.29411764705882354,5.4411764705882355,0.11764705882352941,0.4458620276302228,-0.12030410573526165,0.10869693050512588,0.9202680709878998,0.4868654338730162,-0.13621541881395616,0.5291762317266822,-0.09640418594240491,0.49519494891721294,-0.2997136929213798,0.5753651713122084,-0.25700146919567746
XPI3pA,HP_7_L,4.588235294117647,0.029411764705882353,2.823529411764706,4.617647058823529,4.205882352941177,0.058823529411764705,3.7058823529411766,0.058823529411764705,4.823529411764706,0.29411764705882354,5.4411764705882355,0.11764705882352941,0.19761362112883746,-0.1145111862737993,1.0,0.1487987827899613,0.07597411731607832,-0.12857284250745876,0.27138520733791605,-0.10373585686524195,0.22398546039949782,-0.13426772114207916,0.4676489559299821,-0.18760191073042168
h2yD5h,HP_7_H,7.724137931034483,0.13793103448275862,0.41379310344827586,4.758620689655173,5.620689655172414,0.1724137931034483,5.724137931034483,0.20689655172413793,7.413793103448276,0.27586206896551724,6.9655172413793105,0.20689655172413793,0.9223428673075555,-0.04933576590230972,-0.22940761628448822,-0.11896911604079455,0.6967215984659577,-0.06221070648486722,0.5749034850389806,-0.08758598769160526,0.72958168370435,-0.11811966319675259,0.6123349461540358,-0.09781082017689025
GHft8,HN_2_H,0.0,6.0,0.0,0.0,0.0,9.0,0.0,9.0,0.0,9.0,0.0,7.0,-0.7861307206327296,0.6015595451326696,-0.30259705648505564,-0.8532354318891985,-0.7890645739628221,1.0,-0.7174479466214045,1.0,-0.7868543335365057,1.0,-0.9013355183323528,0.6992071821108017
WYuvqk,HN_2_L,0.0,0.0,4.0,0.0,0.0,0.0,1.0,1.0,0.0,1.0,0.0,1.0,-0.26053653163176066,-0.12443806922505966,0.3597682176867806,-0.3554427932057027,-0.2855371235602332,-0.14463182932368918,-0.02615436674953913,0.07624575265239207,-0.27136086939368587,-0.1806559500583526,-0.3275939471618311,-0.11629234950959415
XPI3pA,HN_2_H,0.0,0.0,0.0,0.0,0.0,2.0,0.0,4.0,0.0,0.0,0.0,0.0,-0.6368682128971714,-0.11862377367702366,-0.14547783526414204,-0.7481045131964551,-0.7346743564495709,0.1473005189943645,-0.5483064344069286,0.44404416098639665,-0.6722566839278427,-0.20515945371345912,-0.6643618849085617,-0.20790279809333487
h2yD5h,HN_2_H,0.0,0.0,0.0,3.0,1.0,0.0,0.0,6.0,0.0,1.0,0.0,0.0,-0.372183474877191,-0.07042794210135112,-0.3403316117387277,-0.4445674861996314,-0.319261046673084,-0.0856074180814502,-0.49427865865085624,0.7208850120083491,-0.5343300120253188,-0.02531131170611304,-0.7149250687084184,-0.12695624018158644
GHft8,HN_2_L,0.5714285714285714,0.14285714285714285,2.5714285714285716,2.5714285714285716,0.8571428571428571,2.0,0.2857142857142857,1.1428571428571428,0.2857142857142857,2.857142857142857,0.5714285714285714,0.42857142857142855,-0.6727255955131913,-0.17634800960830868,0.06957353108210318,-0.3237395942065703,-0.6186774716806486,-0.02064826369552576,-0.6629257895858044,-0.2732638080944481,-0.7301287991385214,0.04415274272033967,-0.7806158028826796,-0.28911207666799305
WYuvqk,HN_2_H,1.7142857142857142,1.0178571428571428,0.42857142857142855,1.0535714285714286,1.6428571428571428,2.3035714285714284,1.8392857142857142,6.035714285714286,1.0,4.0,1.25,1.0,0.0033926004001892276,0.018626595832593,-0.40241247554324266,-0.0643740951196737,0.016170568703903133,0.1849608179592481,0.14609297338341923,1.0,-0.11244076071947515,0.32533945710951284,-0.120157392917795,-0.11629234950959415
XPI3pA,HN_2_L,0.5714285714285714,0.14285714285714285,2.5714285714285716,2.5714285714285716,0.8571428571428571,2.0,0.2857142857142857,1.1428571428571428,0.2857142857142857,2.857142857142857,0.5714285714285714,0.42857142857142855,-0.5329400723957638,-0.0986483491470768,0.8977251932799873,-0.2486460808546108,-0.5694672748829451,0.1473005189943645,-0.48511025341072744,0.04693284740525139,-0.6191691701523555,0.4835030912656604,-0.5454788931293788,-0.13394956555700824
h2yD5h,HN_2_L,0.5714285714285714,0.14285714285714285,2.5714285714285716,2.5714285714285716,0.8571428571428571,2.0,0.2857142857142857,1.1428571428571428,0.2857142857142857,2.857142857142857,0.5714285714285714,0.42857142857142855,-0.2764149444604623,-0.048582473895201095,0.3489817885840466,-0.5239149881711126,-0.3506720239748241,0.18579443643891233,-0.44091156369903994,0.043034326885768304,-0.48562112275467384,0.21270738565423464,-0.6060409373618522,-0.06658358445757288
GHft8,HN_3_H,0.0,5.0,0.0,0.0,0.0,9.0,0.0,9.0,0.0,9.0,0.0,7.0,-0.7861307206327296,0.4687460601768928,-0.30259705648505564,-0.8532354318891985,-0.7890645739628221,1.0,-0.7174479466214045,1.0,-0.7868543335365057,1.0,-0.9013355183323528,0.6992071821108017
WYuvqk,HN_3_L,0.0,0.0,2.0,0.0,0.0,0.0,0.0,3.0,0.0,3.0,0.0,0.0,-0.26053653163176066,-0.12443806922505966,-0.06705297052203245,-0.3554427932057027,-0.2855371235602332,-0.14463182932368918,-0.23138524009944697,0.4431268721663357,-0.27136086939368587,0.156674321386891,-0.3275939471618311,-0.2757626851538219
XPI3pA,HN_3_H,0.0,0.0,0.0,0.0,0.0,0.0,0.0,4.0,0.0,1.0,0.0,0.0,-0.6368682128971714,-0.11862377367702366,-0.14547783526414204,-0.7481045131964551,-0.7346743564495709,-0.13693264134084734,-0.5483064344069286,0.44404416098639665,-0.6722566839278427,0.03587243702923272,-0.6643618849085617,-0.20790279809333487
h2yD5h,HN_3_H,0.0,1.0,0.0,1.0,1.0,1.0,0.0,8.0,0.0,2.0,0.0,0.0,-0.372183474877191,0.08249033534169903,-0.3403316117387277,-0.8148558287332105,-0.319261046673084,0.05009350917873107,-0.49427865865085624,1.0,-0.5343300120253188,0.1028526022571511,-0.7149250687084184,-0.12695624018158644
GHft8,HN_3_L,0.5714285714285714,0.5714285714285714,1.0,1.7142857142857142,1.1428571428571428,0.7142857142857143,1.1428571428571428,1.2857142857142858,0.2857142857142857,1.4285714285714286,0.8571428571428571,0.0,-0.6727255955131913,-0.1194279446272615,-0.15786405020893832,-0.5002382067674463,-0.5618817709199241,-0.20811427131307128,-0.49935931847900394,-0.2501135570381854,-0.7301287991385214,-0.17813731711213948,-0.720255945157843,-0.3535676805013927
WYuvqk,HN_3_H,1.4821428571428572,0.9464285714285714,0.42857142857142855,1.0178571428571428,1.6785714285714286,1.9642857142857142,1.8928571428571428,6.035714285714286,0.9464285714285714,3.4642857142857144,1.1428571428571428,0.9821428571428571,-0.03234780289580396,0.008586970214512116,-0.40241247554324266,-0.07424083064801369,0.022729431579210462,0.13641616448346663,0.15708748445573573,1.0,-0.1209543379698793,0.23498313440096544,-0.13793766899585524,-0.11914003407466965
XPI3pA,HN_3_L,0.5714285714285714,0.5714285714285714,1.0,1.7142857142857142,1.1428571428571428,0.7142857142857143,1.1428571428571428,1.2857142857142858,0.2857142857142857,1.4285714285714286,0.8571428571428571,0.0,-0.5329400723957638,-0.03872207555723626,0.26021223139190824,-0.4151322249685589,-0.5143982476940698,-0.03542079836398596,-0.29552171042212394,0.06678841308430868,-0.6191691701523555,0.13917181877610066,-0.4860373972397873,-0.20790279809333487
h2yD5h,HN_3_L,0.5714285714285714,0.5714285714285714,1.0,1.7142857142857142,1.1428571428571428,0.7142857142857143,1.1428571428571428,1.2857142857142858,0.2857142857142857,1.4285714285714286,0.8571428571428571,0.0,-0.2764149444604623,0.016953930723248963,-0.07226528939098219,-0.682609992114075,-0.28785006937134394,0.011321815675822142,-0.28081027884359105,0.06297111174231482,-0.48562112275467384,0.029616079992428736,-0.551598871688569,-0.12695624018158644
GHft8,LN_7_N,0.0,1.0,0.0,0.0,0.0,0.0,0.0,9.0,0.0,6.0,0.0,9.0,-0.7861307206327296,-0.0625078796462143,-0.30259705648505564,-0.8532354318891985,-0.7890645739628221,-0.3122620533228188,-0.7174479466214045,1.0,-0.7868543335365057,0.5331908743517938,-0.9013355183323528,1.0
WYuvqk,LN_7_N,0.0,0.0,6.0,1.0,0.0,0.0,0.0,0.0,0.0,5.0,0.0,5.0,-0.26053653163176066,-0.12443806922505966,0.7865894058955936,-0.07917419841218366,-0.2855371235602332,-0.14463182932368918,-0.23138524009944697,-0.10719480710457972,-0.27136086939368587,0.49400459283213466,-0.3275939471618311,0.5215889930673168
XPI3pA,LN_7_N,0.0,0.0,0.0,4.0,4.0,0.0,1.0,0.0,1.0,0.0,1.0,3.0,-0.6368682128971714,-0.11862377367702366,-0.14547783526414204,0.028830826001969366,0.03629202419468287,-0.13693264134084734,-0.3271198009202245,-0.1119116780272067,-0.48645038571363786,-0.20515945371345912,-0.45631664929499155,0.3097698296609515
h2yD5h,LN_7_N,0.0,0.0,4.0,6.0,3.0,0.0,0.0,0.0,0.0,0.0,0.0,4.0,-0.372183474877191,-0.07042794210135112,0.7319336776522545,0.11086502760073727,0.12049263555127737,-0.0856074180814502,-0.49427865865085624,-0.11645995196660362,-0.5343300120253188,-0.15347522566937716,-0.7149250687084184,0.43652187990920677
GHft8,LN_7_P,2.3333333333333335,0.0,2.3333333333333335,4.333333333333333,5.0,1.3333333333333333,0.6666666666666666,0.6666666666666666,2.6666666666666665,1.6666666666666667,3.0,2.6666666666666665,-0.3230597930612812,-0.1953213646019911,0.035113291492551435,0.039063109390785916,0.20486018934985686,-0.11785286023795678,-0.5902295802050042,-0.35043131161532376,-0.2574160124886522,-0.14108897380672628,-0.2675570122215685,0.047489410017538425
WYuvqk,LN_7_P,2.3333333333333335,0.0,2.3333333333333335,4.333333333333333,5.0,1.3333333333333333,0.6666666666666666,0.6666666666666666,2.6666666666666665,1.6666666666666667,3.0,2.6666666666666665,0.09870034252283784,-0.12443806922505966,0.004083894179436414,0.8417211175662129,0.6327036789827906,0.046140142230259015,-0.09456465786617509,0.015098899400068132,0.15242608707087607,-0.0682125262432714,0.17025378302385555,0.1494915432307854
XPI3pA,LN_7_P,2.3333333333333335,0.0,2.3333333333333335,4.333333333333333,5.0,1.3333333333333333,0.6666666666666666,0.6666666666666666,2.6666666666666665,1.6666666666666667,3.0,2.6666666666666665,-0.2124949725164233,-0.11862377367702366,0.801132320266642,0.09357543760183802,0.22903361935574632,0.052556132215960547,-0.4008486787491259,-0.019252371524939485,-0.17677322202329668,0.1965603641910273,-0.040226178067851115,0.2522506487993641
h2yD5h,LN_7_P,2.3333333333333335,0.0,2.3333333333333335,4.333333333333333,5.0,1.3333333333333333,0.6666666666666666,0.6666666666666666,2.6666666666666665,1.6666666666666667,3.0,2.6666666666666665,0.018871357657784565,-0.07042794210135112,0.2851564737393453,-0.19770859117724537,0.5602463177756387,0.09532715159879149,-0.36975543709661823,-0.023421622636053338,-0.07971371216596515,0.06013129760272973,-0.14328337913894557,0.24869583987894234
7yqP3,HN_1,0.0,1.0,0.0,0.0,0.0,9.0,0.0,2.0,0.0,6.0,0.0,7.0,-0.2870753344346567,0.2123387225314334,-0.09755942092714108,-0.30768196193182323,-0.3039395037748183,1.0,-0.24405559972427093,0.21985486574653013,-0.4323133297645189,0.7167711031702235,-0.4121709200561707,0.8469414314726074
7yqP3,HN_4,1.0,0.0,0.0,0.0,0.0,0.0,0.0,0.0,0.0,0.0,0.0,0.0,-0.12987529358767574,-0.05021503662475543,-0.09755942092714108,-0.30768196193182323,-0.3039395037748183,-0.09672476820775638,-0.24405559972427093,-0.09220318795485781,-0.4323133297645189,-0.1329155873191058,-0.4121709200561707,-0.22446854821914078
7yqP3,HN_5,1.0,0.0,0.0,0.0,0.0,0.0,0.0,1.0,0.0,0.0,0.0,0.0,-0.12987529358767574,-0.05021503662475543,-0.09755942092714108,-0.30768196193182323,-0.3039395037748183,-0.09672476820775638,-0.24405559972427093,0.06382583889583616,-0.4323133297645189,-0.1329155873191058,-0.4121709200561707,-0.22446854821914078
7yqP3,HN_6,1.0,0.0,0.0,0.0,0.0,9.0,0.0,7.0,0.0,8.0,0.0,8.0,-0.12987529358767574,-0.05021503662475543,-0.09755942092714108,-0.30768196193182323,-0.3039395037748183,1.0,-0.24405559972427093,1.0,-0.4323133297645189,1.0,-0.4121709200561707,1.0
7yqP3,HN_7,0.0,0.0,0.0,0.0,0.0,1.0,0.0,1.0,0.0,3.0,1.0,4.0,-0.2870753344346567,-0.05021503662475543,-0.09755942092714108,-0.30768196193182323,-0.3039395037748183,0.0251335393708832,-0.24405559972427093,0.06382583889583616,-0.4323133297645189,0.2919277579255589,-0.23564955504914933,0.3877657258904296
7yqP3,HN_8,0.0,0.0,0.0,0.0,0.0,0.0,0.0,0.0,0.0,2.0,0.0,3.0,-0.2870753344346567,-0.05021503662475543,-0.09755942092714108,-0.30768196193182323,-0.3039395037748183,-0.09672476820775638,-0.24405559972427093,-0.09220318795485781,-0.4323133297645189,0.15031330951067065,-0.4121709200561707,0.234707157363037
7yqP3,HP_2,1.0,0.0,2.0,0.0,0.0,0.0,0.0,0.0,0.0,0.0,1.0,0.0,-0.12987529358767574,-0.05021503662475543,0.45122028953642945,-0.30768196193182323,-0.3039395037748183,-0.09672476820775638,-0.24405559972427093,-0.09220318795485781,-0.4323133297645189,-0.1329155873191058,-0.23564955504914933,-0.22446854821914078
7yqP3,HP_4,7.0,0.0,0.0,4.0,3.0,0.0,5.0,0.0,8.0,0.0,8.0,0.0,0.8133249514942101,-0.05021503662475543,-0.09755942092714108,0.43956487345779005,0.3953800066295535,-0.09672476820775638,0.44708640012254625,-0.09220318795485781,0.840854074470609,-0.1329155873191058,1.0,-0.22446854821914078
7yqP3,HP_5,2.0,0.0,0.0,1.0,0.0,0.0,0.0,0.0,2.0,0.0,0.0,0.0,0.02732474725930522,-0.05021503662475543,-0.09755942092714108,-0.12087025308441993,-0.3039395037748183,-0.09672476820775638,-0.24405559972427093,-0.09220318795485781,-0.11402147870573696,-0.1329155873191058,-0.4121709200561707,-0.22446854821914078
7yqP3,HP_6,2.0,0.0,0.0,2.0,1.0,0.0,1.0,0.0,3.0,0.0,1.0,0.0,0.02732474725930522,-0.05021503662475543,-0.09755942092714108,0.0659414557629834,-0.07083300030669437,-0.09672476820775638,-0.1058271997549075,-0.09220318795485781,0.045124446823654026,-0.1329155873191058,-0.23564955504914933,-0.22446854821914078
7yqP3,HP_8,1.0,0.0,0.0,7.0,2.0,0.0,7.0,0.0,9.0,0.0,8.0,0.0,-0.12987529358767574,-0.05021503662475543,-0.09755942092714108,1.0,0.16227350316142958,-0.09672476820775638,0.7235432000612732,-0.09220318795485781,1.0,-0.1329155873191058,1.0,-0.22446854821914078
7yqP3,LN_1,0.0,0.0,4.0,0.0,0.0,0.0,0.0,0.0,0.0,0.0,0.0,0.0,-0.2870753344346567,-0.05021503662475543,1.0,-0.30768196193182323,-0.3039395037748183,-0.09672476820775638,-0.24405559972427093,-0.09220318795485781,-0.4323133297645189,-0.1329155873191058,-0.4121709200561707,-0.22446854821914078
7yqP3,LN_2,0.0,0.0,0.0,0.0,0.0,0.0,0.0,0.0,0.0,0.0,0.0,3.0,-0.2870753344346567,-0.05021503662475543,-0.09755942092714108,-0.30768196193182323,-0.3039395037748183,-0.09672476820775638,-0.24405559972427093,-0.09220318795485781,-0.4323133297645189,-0.1329155873191058,-0.4121709200561707,0.234707157363037
7yqP3,LN_3,0.0,4.0,0.0,0.0,0.0,1.0,0.0,0.0,0.0,5.0,0.0,7.0,-0.2870753344346567,1.0,-0.09755942092714108,-0.30768196193182323,-0.3039395037748183,0.0251335393708832,-0.24405559972427093,-0.09220318795485781,-0.4323133297645189,0.5751566547553353,-0.4121709200561707,0.8469414314726074
7yqP3,LN_4,1.0,0.0,0.0,0.0,0.0,0.0,0.0,0.0,0.0,0.0,0.0,2.0,-0.12987529358767574,-0.05021503662475543,-0.09755942092714108,-0.30768196193182323,-0.3039395037748183,-0.09672476820775638,-0.24405559972427093,-0.09220318795485781,-0.4323133297645189,-0.1329155873191058,-0.4121709200561707,0.08164858883564441
7yqP3,LN_5,0.0,0.0,0.0,0.0,0.0,0.0,0.0,0.0,1.0,0.0,1.0,2.0,-0.2870753344346567,-0.05021503662475543,-0.09755942092714108,-0.30768196193182323,-0.3039395037748183,-0.09672476820775638,-0.24405559972427093,-0.09220318795485781,-0.2731674042351279,-0.1329155873191058,-0.23564955504914933,0.08164858883564441
7yqP3,LN_6,0.0,0.0,0.0,0.0,0.0,0.0,0.0,0.0,0.0,1.0,0.0,4.0,-0.2870753344346567,-0.05021503662475543,-0.09755942092714108,-0.30768196193182323,-0.3039395037748183,-0.09672476820775638,-0.24405559972427093,-0.09220318795485781,-0.4323133297645189,0.008698861095782417,-0.4121709200561707,0.3877657258904296
7yqP3,LN_8,0.0,0.0,0.0,0.0,0.0,0.0,0.0,0.0,0.0,1.0,0.0,6.0,-0.2870753344346567,-0.05021503662475543,-0.09755942092714108,-0.30768196193182323,-0.3039395037748183,-0.09672476820775638,-0.24405559972427093,-0.09220318795485781,-0.4323133297645189,0.008698861095782417,-0.4121709200561707,0.6938828629452148
7yqP3,LP_1,5.0,0.0,0.0,6.0,5.0,0.0,8.0,0.0,8.0,0.0,8.0,0.0,0.49892486980024814,-0.05021503662475543,-0.09755942092714108,0.8131882911525967,0.8615930135658014,-0.09672476820775638,0.8617716000306366,-0.09220318795485781,0.840854074470609,-0.1329155873191058,1.0,-0.22446854821914078
7yqP3,LP_2,0.0,0.0,0.0,0.0,0.0,0.0,1.0,0.0,4.0,0.0,4.0,0.0,-0.2870753344346567,-0.05021503662475543,-0.09755942092714108,-0.30768196193182323,-0.3039395037748183,-0.09672476820775638,-0.1058271997549075,-0.09220318795485781,0.20427037235304502,-0.1329155873191058,0.2939145399719147,-0.22446854821914078
7yqP3,LP_3,0.0,0.0,0.0,1.0,1.0,0.0,1.0,0.0,4.0,0.0,3.0,0.0,-0.2870753344346567,-0.05021503662475543,-0.09755942092714108,-0.12087025308441993,-0.07083300030669437,-0.09672476820775638,-0.1058271997549075,-0.09220318795485781,0.20427037235304502,-0.1329155873191058,0.11739317496489336,-0.22446854821914078
7yqP3,LP_4,2.0,0.0,0.0,3.0,2.0,0.0,2.0,0.0,5.0,0.0,3.0,0.0,0.02732474725930522,-0.05021503662475543,-0.09755942092714108,0.2527531646103867,0.16227350316142958,-0.09672476820775638,0.03240120021445595,-0.09220318795485781,0.363416297882436,-0.1329155873191058,0.11739317496489336,-0.22446854821914078
7yqP3,LP_5,3.0,0.0,0.0,4.0,3.0,0.0,2.0,0.0,7.0,0.0,4.0,0.0,0.1845247881062862,-0.05021503662475543,-0.09755942092714108,0.43956487345779005,0.3953800066295535,-0.09672476820775638,0.03240120021445595,-0.09220318795485781,0.681708148941218,-0.1329155873191058,0.2939145399719147,-0.22446854821914078
7yqP3,LP_6,0.0,0.0,0.0,2.0,0.0,0.0,0.0,0.0,1.0,0.0,1.0,0.0,-0.2870753344346567,-0.05021503662475543,-0.09755942092714108,0.0659414557629834,-0.3039395037748183,-0.09672476820775638,-0.24405559972427093,-0.09220318795485781,-0.2731674042351279,-0.1329155873191058,-0.23564955504914933,-0.22446854821914078
7yqP3,LP_7,1.0,0.0,0.0,1.0,1.0,0.0,4.0,0.0,5.0,0.0,5.0,0.0,-0.12987529358767574,-0.05021503662475543,-0.09755942092714108,-0.12087025308441993,-0.07083300030669437,-0.09672476820775638,0.3088580001531828,-0.09220318795485781,0.363416297882436,-0.1329155873191058,0.47043590497893606,-0.22446854821914078
7yqP3,LP_8,3.0,0.0,0.0,3.0,3.0,0.0,3.0,0.0,6.0,0.0,4.0,0.0,0.1845247881062862,-0.05021503662475543,-0.09755942092714108,0.2527531646103867,0.3953800066295535,-0.09672476820775638,0.1706296001838194,-0.09220318795485781,0.522562223411827,-0.1329155873191058,0.2939145399719147,-0.22446854821914078
G5XzoP,HN_1,5.0,7.0,0.0,1.0,0.0,5.0,5.0,9.0,0.0,9.0,0.0,6.0,0.04280821917808211,1.0,-0.2771526482396714,-0.5563192739599976,-0.52855752721902,1.0,0.2733079092063081,1.0,-0.6704867627931224,1.0,-0.6754173433948955,0.6899568190726124
G5XzoP,HN_4,6.0,0.0,1.0,5.0,5.0,0.0,5.0,0.0,5.0,0.0,5.0,0.0,0.2513698630136985,-0.12400388297240982,-0.13524679843526344,0.48122690868000084,0.3206410990137688,-0.07179610689094756,0.2733079092063081,-0.19473921815939108,0.4561205888580531,-0.2921568921003788,0.2553700696022686,-0.24017272370955053
G5XzoP,HN_5,4.0,3.0,1.0,1.0,0.0,0.0,4.0,5.0,0.0,8.0,0.0,7.0,-0.16575342465753432,0.3577120668729087,-0.13524679843526344,-0.5563192739599976,-0.52855752721902,-0.07179610689094756,0.018646327365046466,0.4690047919291595,-0.6704867627931224,0.8564270119888467,-0.6754173433948955,0.8449784095363062
G5XzoP,HN_6,6.0,1.0,2.0,1.0,1.0,1.0,6.0,2.0,0.0,4.0,0.0,1.0,0.2513698630136985,0.036568100309363014,0.006659051369144488,-0.5563192739599976,-0.3587178019724623,0.14256311448724193,0.5279694910475697,0.07075838587602916,-0.6704867627931224,0.28213505994423405,-0.6754173433948955,-0.08515113324585671
G5XzoP,HN_7,0.0,1.0,6.0,0.0,0.0,0.0,2.0,2.0,0.0,3.0,0.0,1.0,-1.0,0.036568100309363014,0.5742824505867762,-0.8157058196199971,-0.52855752721902,-0.07179610689094756,-0.49067683631747677,0.07075838587602916,-0.6704867627931224,0.13856207193308082,-0.6754173433948955,-0.08515113324585671
G5XzoP,HN_8,6.0,1.0,0.0,1.0,1.0,0.0,3.0,0.0,1.0,2.0,1.0,1.0,0.2513698630136985,0.036568100309363014,-0.2771526482396714,-0.5563192739599976,-0.3587178019724623,-0.07179610689094756,-0.23601525447621516,-0.19473921815939108,-0.4451652924628873,-0.005010916078072393,-0.4892598607954627,-0.08515113324585671
G5XzoP,HP_2,7.0,0.0,1.0,6.0,7.0,0.0,6.0,0.0,7.0,0.0,8.0,0.0,0.45993150684931494,-0.12400388297240982,-0.13524679843526344,0.7406134543400004,0.6603205495068843,-0.07179610689094756,0.5279694910475697,-0.19473921815939108,0.9067635295185235,-0.2921568921003788,0.8138425174005671,-0.24017272370955053
G5XzoP,HP_4,8.0,0.0,0.0,7.0,8.0,0.0,7.0,0.0,7.0,0.0,9.0,0.0,0.6684931506849314,-0.12400388297240982,-0.2771526482396714,1.0,0.8301602747534422,-0.07179610689094756,0.7826310728888313,-0.19473921815939108,0.9067635295185235,-0.2921568921003788,1.0,-0.24017272370955053
G5XzoP,HP_5,8.0,0.0,1.0,4.0,4.0,0.0,6.0,0.0,6.0,0.0,7.0,0.0,0.6684931506849314,-0.12400388297240982,-0.13524679843526344,0.22184036302000124,0.15080137376721103,-0.07179610689094756,0.5279694910475697,-0.19473921815939108,0.6814420591882883,-0.2921568921003788,0.6276850348011342,-0.24017272370955053
G5XzoP,HP_6,4.0,0.0,4.0,3.0,4.0,0.0,4.0,0.0,5.0,0.0,5.0,0.0,-0.16575342465753432,-0.12400388297240982,0.2904707509779603,-0.03754618263999837,0.15080137376721103,-0.07179610689094756,0.018646327365046466,-0.19473921815939108,0.4561205888580531,-0.2921568921003788,0.2553700696022686,-0.24017272370955053
G5XzoP,HP_8,8.0,0.0,0.0,4.0,5.0,0.0,5.0,0.0,6.0,0.0,7.0,0.0,0.6684931506849314,-0.12400388297240982,-0.2771526482396714,0.22184036302000124,0.3206410990137688,-0.07179610689094756,0.2733079092063081,-0.19473921815939108,0.6814420591882883,-0.2921568921003788,0.6276850348011342,-0.24017272370955053
G5XzoP,LN_1,0.0,0.0,9.0,0.0,0.0,0.0,0.0,0.0,0.0,3.0,0.0,0.0,-1.0,-0.12400388297240982,1.0,-0.8157058196199971,-0.52855752721902,-0.07179610689094756,-1.0,-0.19473921815939108,-0.6704867627931224,0.13856207193308082,-0.6754173433948955,-0.24017272370955053
G5XzoP,LN_2,4.0,1.0,0.0,3.0,1.0,0.0,4.0,1.0,0.0,3.0,1.0,2.0,-0.16575342465753432,0.036568100309363014,-0.2771526482396714,-0.03754618263999837,-0.3587178019724623,-0.07179610689094756,0.018646327365046466,-0.06199041614168096,-0.6704867627931224,0.13856207193308082,-0.4892598607954627,0.06987045721783709
G5XzoP,LN_3,2.0,7.0,0.0,1.0,0.0,2.0,4.0,7.0,0.0,8.0,0.0,7.0,-0.5828767123287671,1.0,-0.2771526482396714,-0.5563192739599976,-0.52855752721902,0.35692233586543143,0.018646327365046466,0.7345023959645798,-0.6704867627931224,0.8564270119888467,-0.6754173433948955,0.8449784095363062
G5XzoP,LN_4,7.0,1.0,0.0,4.0,4.0,0.0,2.0,1.0,1.0,0.0,4.0,4.0,0.45993150684931494,0.036568100309363014,-0.2771526482396714,0.22184036302000124,0.15080137376721103,-0.07179610689094756,-0.49067683631747677,-0.06199041614168096,-0.4451652924628873,-0.2921568921003788,0.0692125870028358,0.3799136381452247
G5XzoP,LN_5,5.0,1.0,1.0,3.0,2.0,0.0,4.0,1.0,0.0,3.0,0.0,6.0,0.04280821917808211,0.036568100309363014,-0.13524679843526344,-0.03754618263999837,-0.1888780767259045,-0.07179610689094756,0.018646327365046466,-0.06199041614168096,-0.6704867627931224,0.13856207193308082,-0.6754173433948955,0.6899568190726124
G5XzoP,LN_6,2.0,0.0,7.0,3.0,1.0,0.0,1.0,0.0,1.0,3.0,1.0,2.0,-0.5828767123287671,-0.12400388297240982,0.7161883003911841,-0.03754618263999837,-0.3587178019724623,-0.07179610689094756,-0.7453384181587384,-0.19473921815939108,-0.4451652924628873,0.13856207193308082,-0.4892598607954627,0.06987045721783709
G5XzoP,LN_8,6.0,2.0,0.0,5.0,2.0,0.0,3.0,3.0,0.0,6.0,1.0,7.0,0.2513698630136985,0.19714008359113583,-0.2771526482396714,0.48122690868000084,-0.1888780767259045,-0.07179610689094756,-0.23601525447621516,0.20350718789373928,-0.6704867627931224,0.5692810359665404,-0.4892598607954627,0.8449784095363062
G5XzoP,LP_1,4.0,0.0,4.0,4.0,5.0,0.0,4.0,0.0,4.0,0.0,5.0,0.0,-0.16575342465753432,-0.12400388297240982,0.2904707509779603,0.22184036302000124,0.3206410990137688,-0.07179610689094756,0.018646327365046466,-0.19473921815939108,0.23079911852781804,-0.2921568921003788,0.2553700696022686,-0.24017272370955053
G5XzoP,LP_2,7.0,0.0,1.0,5.0,6.0,0.0,6.0,0.0,7.0,0.0,8.0,0.0,0.45993150684931494,-0.12400388297240982,-0.13524679843526344,0.48122690868000084,0.4904808242603266,-0.07179610689094756,0.5279694910475697,-0.19473921815939108,0.9067635295185235,-0.2921568921003788,0.8138425174005671,-0.24017272370955053
G5XzoP,LP_3,3.0,0.0,7.0,2.0,2.0,0.0,0.0,0.0,2.0,1.0,3.0,1.0,-0.3743150684931507,-0.12400388297240982,0.7161883003911841,-0.29693272829999795,-0.1888780767259045,-0.07179610689094756,-1.0,-0.19473921815939108,-0.2198438221326522,-0.1485839040892256,-0.11694489559659703,-0.08515113324585671
G5XzoP,LP_4,6.0,0.0,0.0,6.0,8.0,0.0,5.0,0.0,7.0,0.0,8.0,0.0,0.2513698630136985,-0.12400388297240982,-0.2771526482396714,0.7406134543400004,0.8301602747534422,-0.07179610689094756,0.2733079092063081,-0.19473921815939108,0.9067635295185235,-0.2921568921003788,0.8138425174005671,-0.24017272370955053
G5XzoP,LP_5,8.0,0.0,0.0,6.0,9.0,0.0,6.0,0.0,7.0,0.0,9.0,0.0,0.6684931506849314,-0.12400388297240982,-0.2771526482396714,0.7406134543400004,1.0,-0.07179610689094756,0.5279694910475697,-0.19473921815939108,0.9067635295185235,-0.2921568921003788,1.0,-0.24017272370955053
G5XzoP,LP_6,1.0,0.0,8.0,2.0,1.0,0.0,1.0,0.0,1.0,1.0,3.0,0.0,-0.7914383561643836,-0.12400388297240982,0.8580941501955921,-0.29693272829999795,-0.3587178019724623,-0.07179610689094756,-0.7453384181587384,-0.19473921815939108,-0.4451652924628873,-0.1485839040892256,-0.11694489559659703,-0.24017272370955053
G5XzoP,LP_7,4.0,0.0,1.0,3.0,3.0,0.0,4.0,0.0,5.0,0.0,5.0,1.0,-0.16575342465753432,-0.12400388297240982,-0.13524679843526344,-0.03754618263999837,-0.01903835147934673,-0.07179610689094756,0.018646327365046466,-0.19473921815939108,0.4561205888580531,-0.2921568921003788,0.2553700696022686,-0.08515113324585671
G5XzoP,LP_8,6.0,0.0,3.0,6.0,7.0,0.0,6.0,0.0,6.0,0.0,7.0,0.0,0.2513698630136985,-0.12400388297240982,0.14856490117355242,0.7406134543400004,0.6603205495068843,-0.07179610689094756,0.5279694910475697,-0.19473921815939108,0.6814420591882883,-0.2921568921003788,0.6276850348011342,-0.24017272370955053
NMy2s,HN_1,0.0,6.0,2.0,0.0,0.0,9.0,0.0,8.0,0.0,9.0,0.0,6.0,-1.0,0.8370665422231417,0.42486407831386674,-1.0,-0.970316686519066,1.0,-0.7456122849123109,0.8655538564429501,-0.9107418701472096,1.0,-0.9498522310637632,0.5489700912114021
NMy2s,HN_4,9.0,0.0,0.0,2.0,6.0,2.0,4.0,1.0,6.0,1.0,6.0,0.0,0.995463528447254,-0.1405342044380079,-0.15027184337226646,-0.5563776938452674,0.34322777116031133,0.028247554379669897,0.1271938575438445,-0.07556914845639903,0.36308604328426347,-0.32639356917167217,0.35004925631207895,-0.3530897263657938
NMy2s,HN_5,1.0,4.0,0.0,0.0,0.0,5.0,0.0,7.0,0.0,7.0,0.0,5.0,-0.7782818301725273,0.5111996266694251,-0.15027184337226646,-1.0,-0.970316686519066,0.44471288821695426,-0.7456122849123109,0.7311077128859003,-0.9107418701472096,0.668401607707082,-0.9498522310637632,0.3986267882818694
NMy2s,HN_6,0.0,3.0,0.0,0.0,0.0,8.0,0.0,3.0,0.0,9.0,0.0,8.0,-1.0,0.3482661688925669,-0.15027184337226646,-1.0,-0.970316686519066,0.8611782220542386,-0.7456122849123109,0.1933231386577007,-0.9107418701472096,1.0,-0.9498522310637632,0.8496566970704673
NMy2s,HN_7,1.0,1.0,0.0,0.0,0.0,6.0,0.0,6.0,0.0,5.0,0.0,4.0,-0.7782818301725273,0.022399253338850372,-0.15027184337226646,-1.0,-0.970316686519066,0.5835346661627157,-0.7456122849123109,0.5966615693288504,-0.9107418701472096,0.33680321541416386,-0.9498522310637632,0.2482834853523368
NMy2s,HN_8,1.0,3.0,0.0,1.0,0.0,4.0,0.0,4.0,0.0,7.0,1.0,4.0,-0.7782818301725273,0.3482661688925669,-0.15027184337226646,-0.7781888469226337,-0.970316686519066,0.3058911102711928,-0.7456122849123109,0.3277692822147506,-0.9107418701472096,0.668401607707082,-0.7332019831677895,0.2482834853523368
NMy2s,HP_2,9.0,0.0,0.0,9.0,9.0,0.0,8.0,0.0,9.0,0.0,8.0,0.0,0.995463528447254,-0.1405342044380079,-0.15027184337226646,0.9963003776962968,1.0,-0.24939600151185298,1.0,-0.2100152920134489,1.0,-0.49219276531813116,0.7833497521040264,-0.3530897263657938
NMy2s,HP_4,7.0,0.0,0.0,7.0,8.0,0.0,6.0,0.0,8.0,0.0,9.0,0.0,0.5520271887923087,-0.1405342044380079,-0.15027184337226646,0.5526780715415641,0.7810759237201038,-0.24939600151185298,0.5635969287719222,-0.2100152920134489,0.7876953477614211,-0.49219276531813116,1.0,-0.3530897263657938
NMy2s,HP_5,9.0,0.0,0.0,9.0,9.0,0.0,7.0,0.0,9.0,0.0,8.0,0.0,0.995463528447254,-0.1405342044380079,-0.15027184337226646,0.9963003776962968,1.0,-0.24939600151185298,0.781798464385961,-0.2100152920134489,1.0,-0.49219276531813116,0.7833497521040264,-0.3530897263657938
NMy2s,HP_6,9.0,0.0,0.0,9.0,9.0,0.0,8.0,0.0,9.0,0.0,9.0,0.0,0.995463528447254,-0.1405342044380079,-0.15027184337226646,0.9963003776962968,1.0,-0.24939600151185298,1.0,-0.2100152920134489,1.0,-0.49219276531813116,1.0,-0.3530897263657938
NMy2s,HP_8,9.0,0.0,0.0,7.0,9.0,0.0,7.0,0.0,9.0,0.0,9.0,0.0,0.995463528447254,-0.1405342044380079,-0.15027184337226646,0.5526780715415641,1.0,-0.24939600151185298,0.781798464385961,-0.2100152920134489,1.0,-0.49219276531813116,1.0,-0.3530897263657938
NMy2s,LN_1,0.0,0.0,4.0,2.0,1.0,0.0,0.0,0.0,0.0,3.0,1.0,1.0,-1.0,-0.1405342044380079,1.0,-0.5563776938452674,-0.7513926102391697,-0.24939600151185298,-0.7456122849123109,-0.2100152920134489,-0.9107418701472096,0.0052048231212458535,-0.7332019831677895,-0.20274642343626112
NMy2s,LN_2,0.0,1.0,0.0,0.0,0.0,6.0,0.0,3.0,0.0,6.0,0.0,8.0,-1.0,0.022399253338850372,-0.15027184337226646,-1.0,-0.970316686519066,0.5835346661627157,-0.7456122849123109,0.1933231386577007,-0.9107418701472096,0.5026024115606229,-0.9498522310637632,0.8496566970704673
NMy2s,LN_3,0.0,7.0,0.0,1.0,0.0,7.0,0.0,4.0,0.0,9.0,0.0,8.0,-1.0,1.0,-0.15027184337226646,-0.7781888469226337,-0.970316686519066,0.7223564441084771,-0.7456122849123109,0.3277692822147506,-0.9107418701472096,1.0,-0.9498522310637632,0.8496566970704673
NMy2s,LN_4,0.0,0.0,0.0,1.0,0.0,0.0,0.0,0.0,0.0,8.0,0.0,9.0,-1.0,-0.1405342044380079,-0.15027184337226646,-0.7781888469226337,-0.970316686519066,-0.24939600151185298,-0.7456122849123109,-0.2100152920134489,-0.9107418701472096,0.834200803853541,-0.9498522310637632,1.0
NMy2s,LN_5,4.0,0.0,0.0,4.0,2.0,0.0,1.0,0.0,1.0,6.0,2.0,7.0,-0.11312732069010929,-0.1405342044380079,-0.15027184337226646,-0.11275538769053477,-0.5324685339592735,-0.24939600151185298,-0.527410749298272,-0.2100152920134489,-0.6984372179086308,0.5026024115606229,-0.5165517352718157,0.6993133941409347
NMy2s,LN_6,1.0,0.0,0.0,0.0,0.0,0.0,0.0,0.0,0.0,7.0,1.0,8.0,-0.7782818301725273,-0.1405342044380079,-0.15027184337226646,-1.0,-0.970316686519066,-0.24939600151185298,-0.7456122849123109,-0.2100152920134489,-0.9107418701472096,0.668401607707082,-0.7332019831677895,0.8496566970704673
NMy2s,LN_8,0.0,1.0,0.0,1.0,0.0,1.0,0.0,0.0,0.0,8.0,0.0,8.0,-1.0,0.022399253338850372,-0.15027184337226646,-0.7781888469226337,-0.970316686519066,-0.11057422356609153,-0.7456122849123109,-0.2100152920134489,-0.9107418701472096,0.834200803853541,-0.9498522310637632,0.8496566970704673
NMy2s,LP_1,9.0,0.0,0.0,9.0,9.0,0.0,7.0,0.0,9.0,0.0,9.0,0.0,0.995463528447254,-0.1405342044380079,-0.15027184337226646,0.9963003776962968,1.0,-0.24939600151185298,0.781798464385961,-0.2100152920134489,1.0,-0.49219276531813116,1.0,-0.3530897263657938
NMy2s,LP_2,8.0,0.0,0.0,9.0,9.0,0.0,7.0,0.0,9.0,0.0,9.0,0.0,0.7737453586197814,-0.1405342044380079,-0.15027184337226646,0.9963003776962968,1.0,-0.24939600151185298,0.781798464385961,-0.2100152920134489,1.0,-0.49219276531813116,1.0,-0.3530897263657938
NMy2s,LP_3,8.0,0.0,0.0,9.0,9.0,0.0,6.0,0.0,9.0,0.0,7.0,1.0,0.7737453586197814,-0.1405342044380079,-0.15027184337226646,0.9963003776962968,1.0,-0.24939600151185298,0.5635969287719222,-0.2100152920134489,1.0,-0.49219276531813116,0.5666995042080526,-0.20274642343626112
NMy2s,LP_4,9.0,0.0,0.0,9.0,9.0,0.0,7.0,0.0,8.0,0.0,8.0,0.0,0.995463528447254,-0.1405342044380079,-0.15027184337226646,0.9963003776962968,1.0,-0.24939600151185298,0.781798464385961,-0.2100152920134489,0.7876953477614211,-0.49219276531813116,0.7833497521040264,-0.3530897263657938
NMy2s,LP_5,9.0,0.0,0.0,9.0,9.0,0.0,8.0,0.0,9.0,0.0,9.0,0.0,0.995463528447254,-0.1405342044380079,-0.15027184337226646,0.9963003776962968,1.0,-0.24939600151185298,1.0,-0.2100152920134489,1.0,-0.49219276531813116,1.0,-0.3530897263657938
NMy2s,LP_6,7.0,0.0,1.0,9.0,9.0,0.0,5.0,1.0,7.0,0.0,7.0,0.0,0.5520271887923087,-0.1405342044380079,0.13729611747080017,0.9963003776962968,1.0,-0.24939600151185298,0.3453953931578833,-0.07556914845639903,0.5753906955228423,-0.49219276531813116,0.5666995042080526,-0.3530897263657938
NMy2s,LP_7,7.0,0.0,0.0,9.0,9.0,0.0,7.0,0.0,9.0,0.0,9.0,0.0,0.5520271887923087,-0.1405342044380079,-0.15027184337226646,0.9963003776962968,1.0,-0.24939600151185298,0.781798464385961,-0.2100152920134489,1.0,-0.49219276531813116,1.0,-0.3530897263657938
NMy2s,LP_8,9.0,0.0,0.0,9.0,9.0,0.0,6.0,0.0,9.0,0.0,9.0,0.0,0.995463528447254,-0.1405342044380079,-0.15027184337226646,0.9963003776962968,1.0,-0.24939600151185298,0.5635969287719222,-0.2100152920134489,1.0,-0.49219276531813116,1.0,-0.3530897263657938
Xd3foP9,HN_1,0.0,9.0,0.0,0.0,0.0,9.0,0.0,8.0,0.0,8.0,0.0,7.0,-0.6161711636453272,1.0,-0.1361473957356583,-0.7915750420745896,-0.7576665299171161,1.0,-0.5987300330226965,0.87275694608238,-0.7721302650181089,0.8462739071967823,-0.8446810204407409,0.6969151426396992
Xd3foP9,HN_4,9.0,0.0,0.0,7.0,6.0,0.0,5.0,0.0,6.0,0.0,5.0,2.0,1.0,-0.09187019979082349,-0.1361473957356583,0.7760531197406763,0.41411115669429466,-0.07637793013935215,0.4004762376164889,-0.14518748525858063,0.40928991166063033,-0.3835348352289593,0.18014176869300408,-0.060797000761052634
Xd3foP9,HN_5,6.0,0.0,0.0,1.0,0.0,2.0,3.0,0.0,0.0,3.0,2.0,2.0,0.46127627878489097,-0.09187019979082349,-0.1361473957356583,-0.5676281618152659,-0.7576665299171161,0.16281716544717054,0.0007937293608147478,-0.14518748525858063,-0.7721302650181089,0.0776434431806938,-0.4347519047872429,-0.060797000761052634
Xd3foP9,HN_6,0.0,3.0,0.0,0.0,0.0,0.0,0.0,0.0,0.0,7.0,0.0,8.0,-0.6161711636453272,0.2720865334727843,-0.1361473957356583,-0.7915750420745896,-0.7576665299171161,-0.07637793013935215,-0.5987300330226965,-0.14518748525858063,-0.7721302650181089,0.6925478143935646,-0.8446810204407409,0.8484575713198497
Xd3foP9,HN_7,0.0,1.0,0.0,0.0,0.0,0.0,0.0,3.0,0.0,5.0,0.0,3.0,-0.6161711636453272,0.029448711297045772,-0.1361473957356583,-0.7915750420745896,-0.7576665299171161,-0.07637793013935215,-0.5987300330226965,0.23654167649427957,-0.7721302650181089,0.3850956287871292,-0.8446810204407409,0.09074542791909773
Xd3foP9,HN_8,9.0,0.0,0.0,3.0,4.0,0.0,5.0,0.0,5.0,6.0,6.0,3.0,1.0,-0.09187019979082349,-0.1361473957356583,-0.1197344012966185,0.023518594490491058,-0.07637793013935215,0.4004762376164889,-0.14518748525858063,0.21238654888084044,0.5388217215903469,0.3851063265197531,0.09074542791909773
Xd3foP9,HP_2,8.0,0.0,0.0,8.0,7.0,0.0,6.0,0.0,8.0,0.0,8.0,0.0,0.8204254262616303,-0.09187019979082349,-0.1361473957356583,1.0,0.6094074377961964,-0.07637793013935215,0.6003174917443259,-0.14518748525858063,0.8030966372202102,-0.3835348352289593,0.7950354421732511,-0.3638818581213534
Xd3foP9,HP_4,3.0,0.0,0.0,4.0,7.0,0.0,5.0,0.0,8.0,0.0,8.0,0.0,-0.07744744243021813,-0.09187019979082349,-0.1361473957356583,0.1042124789627052,0.6094074377961964,-0.07637793013935215,0.4004762376164889,-0.14518748525858063,0.8030966372202102,-0.3835348352289593,0.7950354421732511,-0.3638818581213534
Xd3foP9,HP_5,9.0,0.0,0.0,6.0,7.0,0.0,7.0,0.0,8.0,0.0,7.0,1.0,1.0,-0.09187019979082349,-0.1361473957356583,0.5521062394813526,0.6094074377961964,-0.07637793013935215,0.800158745872163,-0.14518748525858063,0.8030966372202102,-0.3835348352289593,0.590070884346502,-0.212339429441203
Xd3foP9,HP_6,7.0,0.0,0.0,5.0,7.0,0.0,6.0,0.0,7.0,0.0,7.0,0.0,0.6408508525232607,-0.09187019979082349,-0.1361473957356583,0.3281593592220289,0.6094074377961964,-0.07637793013935215,0.6003174917443259,-0.14518748525858063,0.6061932744404201,-0.3835348352289593,0.590070884346502,-0.3638818581213534
Xd3foP9,HP_8,9.0,0.0,0.0,7.0,9.0,0.0,8.0,0.0,9.0,0.0,9.0,0.0,1.0,-0.09187019979082349,-0.1361473957356583,0.7760531197406763,1.0,-0.07637793013935215,1.0,-0.14518748525858063,1.0,-0.3835348352289593,1.0,-0.3638818581213534
Xd3foP9,LN_1,0.0,0.0,0.0,1.0,0.0,0.0,0.0,0.0,0.0,0.0,0.0,0.0,-0.6161711636453272,-0.09187019979082349,-0.1361473957356583,-0.5676281618152659,-0.7576665299171161,-0.07637793013935215,-0.5987300330226965,-0.14518748525858063,-0.7721302650181089,-0.3835348352289593,-0.8446810204407409,-0.3638818581213534
Xd3foP9,LN_2,0.0,2.0,0.0,0.0,0.0,1.0,0.0,3.0,0.0,8.0,0.0,9.0,-0.6161711636453272,0.15076762238491503,-0.1361473957356583,-0.7915750420745896,-0.7576665299171161,0.04321961765390919,-0.5987300330226965,0.23654167649427957,-0.7721302650181089,0.8462739071967823,-0.8446810204407409,1.0
Xd3foP9,LN_3,0.0,9.0,0.0,1.0,0.0,8.0,0.0,8.0,0.0,7.0,0.0,9.0,-0.6161711636453272,1.0,-0.1361473957356583,-0.5676281618152659,-0.7576665299171161,0.8804024522067386,-0.5987300330226965,0.87275694608238,-0.7721302650181089,0.6925478143935646,-0.8446810204407409,1.0
Xd3foP9,LN_4,0.0,1.0,0.0,1.0,0.0,0.0,0.0,0.0,0.0,7.0,0.0,9.0,-0.6161711636453272,0.029448711297045772,-0.1361473957356583,-0.5676281618152659,-0.7576665299171161,-0.07637793013935215,-0.5987300330226965,-0.14518748525858063,-0.7721302650181089,0.6925478143935646,-0.8446810204407409,1.0
Xd3foP9,LN_5,0.0,1.0,0.0,0.0,0.0,0.0,0.0,0.0,0.0,9.0,0.0,9.0,-0.6161711636453272,0.029448711297045772,-0.1361473957356583,-0.7915750420745896,-0.7576665299171161,-0.07637793013935215,-0.5987300330226965,-0.14518748525858063,-0.7721302650181089,1.0,-0.8446810204407409,1.0
Xd3foP9,LN_6,0.0,0.0,0.0,0.0,0.0,0.0,0.0,0.0,0.0,9.0,0.0,9.0,-0.6161711636453272,-0.09187019979082349,-0.1361473957356583,-0.7915750420745896,-0.7576665299171161,-0.07637793013935215,-0.5987300330226965,-0.14518748525858063,-0.7721302650181089,1.0,-0.8446810204407409,1.0
Xd3foP9,LN_8,0.0,0.0,0.0,1.0,2.0,0.0,0.0,0.0,1.0,1.0,2.0,7.0,-0.6161711636453272,-0.09187019979082349,-0.1361473957356583,-0.5676281618152659,-0.3670739677133125,-0.07637793013935215,-0.5987300330226965,-0.14518748525858063,-0.5752269022383191,-0.22980874242574162,-0.4347519047872429,0.6969151426396992
Xd3foP9,LP_1,7.0,0.0,0.0,8.0,9.0,0.0,8.0,0.0,9.0,0.0,9.0,0.0,0.6408508525232607,-0.09187019979082349,-0.1361473957356583,1.0,1.0,-0.07637793013935215,1.0,-0.14518748525858063,1.0,-0.3835348352289593,1.0,-0.3638818581213534
Xd3foP9,LP_2,3.0,0.0,0.0,6.0,8.0,0.0,5.0,0.0,8.0,0.0,8.0,0.0,-0.07744744243021813,-0.09187019979082349,-0.1361473957356583,0.5521062394813526,0.8047037188980982,-0.07637793013935215,0.4004762376164889,-0.14518748525858063,0.8030966372202102,-0.3835348352289593,0.7950354421732511,-0.3638818581213534
Xd3foP9,LP_3,5.0,0.0,0.0,5.0,6.0,0.0,4.0,0.0,9.0,0.0,8.0,0.0,0.28170170504652126,-0.09187019979082349,-0.1361473957356583,0.3281593592220289,0.41411115669429466,-0.07637793013935215,0.2006349834886518,-0.14518748525858063,1.0,-0.3835348352289593,0.7950354421732511,-0.3638818581213534
Xd3foP9,LP_4,3.0,0.0,0.0,7.0,8.0,0.0,5.0,0.0,8.0,0.0,8.0,0.0,-0.07744744243021813,-0.09187019979082349,-0.1361473957356583,0.7760531197406763,0.8047037188980982,-0.07637793013935215,0.4004762376164889,-0.14518748525858063,0.8030966372202102,-0.3835348352289593,0.7950354421732511,-0.3638818581213534
Xd3foP9,LP_5,4.0,0.0,0.0,6.0,7.0,0.0,7.0,0.0,9.0,0.0,8.0,0.0,0.10212713130815157,-0.09187019979082349,-0.1361473957356583,0.5521062394813526,0.6094074377961964,-0.07637793013935215,0.800158745872163,-0.14518748525858063,1.0,-0.3835348352289593,0.7950354421732511,-0.3638818581213534
Xd3foP9,LP_6,0.0,0.0,0.0,7.0,7.0,0.0,2.0,0.0,4.0,0.0,5.0,0.0,-0.6161711636453272,-0.09187019979082349,-0.1361473957356583,0.7760531197406763,0.6094074377961964,-0.07637793013935215,-0.1990475247670223,-0.14518748525858063,0.015483186101050574,-0.3835348352289593,0.18014176869300408,-0.3638818581213534
Xd3foP9,LP_7,0.0,0.0,0.0,2.0,3.0,0.0,1.0,0.0,6.0,1.0,5.0,0.0,-0.6161711636453272,-0.09187019979082349,-0.1361473957356583,-0.3436812815559422,-0.17177768661141074,-0.07637793013935215,-0.39888877889485935,-0.14518748525858063,0.40928991166063033,-0.22980874242574162,0.18014176869300408,-0.3638818581213534
Xd3foP9,LP_8,8.0,0.0,0.0,8.0,9.0,0.0,7.0,0.0,9.0,0.0,9.0,0.0,0.8204254262616303,-0.09187019979082349,-0.1361473957356583,1.0,1.0,-0.07637793013935215,0.800158745872163,-0.14518748525858063,1.0,-0.3835348352289593,1.0,-0.3638818581213534
gf5X,HN_1,0.0,5.0,0.0,0.0,0.0,5.0,0.0,6.0,0.0,5.0,0.0,2.0,-0.6501037538363597,0.8000723974898519,-0.2937570966918365,-0.48509275921603123,-0.6209318942738434,1.0,-0.342667537380031,1.0,-0.4726182107243131,1.0,-0.4286530035028481,0.18006639937557578
gf5X,HN_4,2.0,1.0,0.0,0.0,0.0,2.0,0.0,4.0,0.0,3.0,0.0,0.0,-0.2470249742732795,0.0003619874492595649,-0.2937570966918365,-0.48509275921603123,-0.6209318942738434,0.23739344854582917,-0.342667537380031,0.586226414350679,-0.4726182107243131,0.47591440932221857,-0.4286530035028481,-0.22990040093663633
gf5X,HN_5,4.0,0.0,0.0,0.0,0.0,1.0,1.0,2.0,1.0,0.0,0.0,0.0,0.15605380528980073,-0.19956561506088855,-0.2937570966918365,-0.48509275921603123,-0.6209318942738434,-0.01680873527222779,-0.11888961448335914,0.17245282870135792,-0.268619151230036,-0.3102139766944535,-0.4286530035028481,-0.22990040093663633
gf5X,HN_6,2.0,1.0,0.0,0.0,2.0,4.0,0.0,5.0,0.0,4.0,1.0,3.0,-0.2470249742732795,0.0003619874492595649,-0.2937570966918365,-0.48509275921603123,-0.08062126284922892,0.7457978161819431,-0.342667537380031,0.7931132071753395,-0.4726182107243131,0.7379572046611093,-0.23074436232496437,0.38504979953168184
gf5X,HN_7,0.0,3.0,1.0,0.0,0.0,2.0,0.0,3.0,0.0,2.0,0.0,0.0,-0.6501037538363597,0.4002171924695558,0.13749526887210903,-0.48509275921603123,-0.6209318942738434,0.23739344854582917,-0.342667537380031,0.37933962152601847,-0.4726182107243131,0.21387161398332788,-0.4286530035028481,-0.22990040093663633
gf5X,HN_8,4.0,0.0,0.0,0.0,3.0,0.0,3.0,0.0,0.0,0.0,2.0,0.0,0.15605380528980073,-0.19956561506088855,-0.2937570966918365,-0.48509275921603123,0.1895340528630783,-0.27101091909028474,0.3286662313099845,-0.2413207569479631,-0.4726182107243131,-0.3102139766944535,-0.03283572114708067,-0.22990040093663633
gf5X,HP_2,6.0,0.0,0.0,3.0,5.0,0.0,4.0,0.0,5.0,0.0,4.0,0.0,0.559132584852881,-0.19956561506088855,-0.2937570966918365,0.40596289631358756,0.7298446842876928,-0.27101091909028474,0.5524441542066564,-0.2413207569479631,0.5473770867470726,-0.3102139766944535,0.36298156120868674,-0.22990040093663633
gf5X,HP_4,5.0,0.0,0.0,1.0,4.0,0.0,0.0,0.0,5.0,0.0,3.0,0.0,0.35759319507134085,-0.19956561506088855,-0.2937570966918365,-0.18807420737282496,0.45968936857538556,-0.27101091909028474,-0.342667537380031,-0.2413207569479631,0.5473770867470726,-0.3102139766944535,0.16507292003080304,-0.22990040093663633
gf5X,HP_5,8.0,0.0,0.0,4.0,5.0,1.0,6.0,2.0,6.0,0.0,6.0,0.0,0.9622113644159612,-0.19956561506088855,-0.2937570966918365,0.7029814481567938,0.7298446842876928,-0.01680873527222779,1.0,0.17245282870135792,0.7513761462413497,-0.3102139766944535,0.7587988435644542,-0.22990040093663633
gf5X,HP_6,3.0,1.0,2.0,0.0,1.0,2.0,0.0,0.0,2.0,2.0,2.0,2.0,-0.04548558449173938,0.0003619874492595649,0.5687476344360545,-0.48509275921603123,-0.35077657856153616,0.23739344854582917,-0.342667537380031,-0.2413207569479631,-0.06462009173575882,0.21387161398332788,-0.03283572114708067,0.18006639937557578
gf5X,HP_8,4.0,0.0,0.0,0.0,0.0,0.0,0.0,0.0,3.0,0.0,1.0,0.0,0.15605380528980073,-0.19956561506088855,-0.2937570966918365,-0.48509275921603123,-0.6209318942738434,-0.27101091909028474,-0.342667537380031,-0.2413207569479631,0.13937896775851832,-0.3102139766944535,-0.23074436232496437,-0.22990040093663633
gf5X,LN_1,2.0,3.0,3.0,0.0,0.0,2.0,0.0,0.0,0.0,3.0,0.0,0.0,-0.2470249742732795,0.4002171924695558,1.0,-0.48509275921603123,-0.6209318942738434,0.23739344854582917,-0.342667537380031,-0.2413207569479631,-0.4726182107243131,0.47591440932221857,-0.4286530035028481,-0.22990040093663633
gf5X,LN_2,0.0,3.0,0.0,0.0,0.0,2.0,0.0,5.0,0.0,2.0,0.0,4.0,-0.6501037538363597,0.4002171924695558,-0.2937570966918365,-0.48509275921603123,-0.6209318942738434,0.23739344854582917,-0.342667537380031,0.7931132071753395,-0.4726182107243131,0.21387161398332788,-0.4286530035028481,0.5900331996877879
gf5X,LN_3,0.0,6.0,0.0,0.0,0.0,5.0,0.0,4.0,0.0,3.0,0.0,4.0,-0.6501037538363597,1.0,-0.2937570966918365,-0.48509275921603123,-0.6209318942738434,1.0,-0.342667537380031,0.586226414350679,-0.4726182107243131,0.47591440932221857,-0.4286530035028481,0.5900331996877879
gf5X,LN_4,0.0,4.0,0.0,0.0,0.0,0.0,0.0,0.0,0.0,0.0,3.0,4.0,-0.6501037538363597,0.6001447949797039,-0.2937570966918365,-0.48509275921603123,-0.6209318942738434,-0.27101091909028474,-0.342667537380031,-0.2413207569479631,-0.4726182107243131,-0.3102139766944535,0.16507292003080304,0.5900331996877879
gf5X,LN_5,2.0,0.0,3.0,0.0,0.0,0.0,0.0,0.0,0.0,1.0,0.0,1.0,-0.2470249742732795,-0.19956561506088855,1.0,-0.48509275921603123,-0.6209318942738434,-0.27101091909028474,-0.342667537380031,-0.2413207569479631,-0.4726182107243131,-0.048171181355562816,-0.4286530035028481,-0.024917000780530267
gf5X,LN_6,2.0,0.0,1.0,0.0,0.0,0.0,0.0,2.0,0.0,0.0,0.0,2.0,-0.2470249742732795,-0.19956561506088855,0.13749526887210903,-0.48509275921603123,-0.6209318942738434,-0.27101091909028474,-0.342667537380031,0.17245282870135792,-0.4726182107243131,-0.3102139766944535,-0.4286530035028481,0.18006639937557578
gf5X,LN_8,0.0,4.0,0.0,0.0,0.0,3.0,0.0,0.0,0.0,0.0,3.0,6.0,-0.6501037538363597,0.6001447949797039,-0.2937570966918365,-0.48509275921603123,-0.6209318942738434,0.49159563236388615,-0.342667537380031,-0.2413207569479631,-0.4726182107243131,-0.3102139766944535,0.16507292003080304,1.0
gf5X,LP_1,5.0,0.0,0.0,3.0,5.0,0.0,3.0,0.0,4.0,0.0,3.0,0.0,0.35759319507134085,-0.19956561506088855,-0.2937570966918365,0.40596289631358756,0.7298446842876928,-0.27101091909028474,0.3286662313099845,-0.2413207569479631,0.3433780272527955,-0.3102139766944535,0.16507292003080304,-0.22990040093663633
gf5X,LP_2,7.0,0.0,0.0,5.0,5.0,0.0,5.0,0.0,7.0,0.0,4.0,0.0,0.760671974634421,-0.19956561506088855,-0.2937570966918365,1.0,0.7298446842876928,-0.27101091909028474,0.7762220771033281,-0.2413207569479631,0.9553752057356268,-0.3102139766944535,0.36298156120868674,-0.22990040093663633
gf5X,LP_3,5.0,0.0,0.0,2.0,4.0,0.0,5.0,0.0,6.0,0.0,4.0,0.0,0.35759319507134085,-0.19956561506088855,-0.2937570966918365,0.1089443444703813,0.45968936857538556,-0.27101091909028474,0.7762220771033281,-0.2413207569479631,0.7513761462413497,-0.3102139766944535,0.36298156120868674,-0.22990040093663633
gf5X,LP_4,4.0,0.0,0.0,3.0,4.0,0.0,1.0,0.0,4.0,0.0,4.0,0.0,0.15605380528980073,-0.19956561506088855,-0.2937570966918365,0.40596289631358756,0.45968936857538556,-0.27101091909028474,-0.11888961448335914,-0.2413207569479631,0.3433780272527955,-0.3102139766944535,0.36298156120868674,-0.22990040093663633
gf5X,LP_5,5.0,0.0,0.0,5.0,6.0,0.0,4.0,0.0,7.0,0.0,5.0,4.0,0.35759319507134085,-0.19956561506088855,-0.2937570966918365,1.0,1.0,-0.27101091909028474,0.5524441542066564,-0.2413207569479631,0.9553752057356268,-0.3102139766944535,0.5608902023865704,0.5900331996877879
gf5X,LP_6,3.0,0.0,1.0,5.0,4.0,0.0,0.0,0.0,0.0,0.0,3.0,3.0,-0.04548558449173938,-0.19956561506088855,0.13749526887210903,1.0,0.45968936857538556,-0.27101091909028474,-0.342667537380031,-0.2413207569479631,-0.4726182107243131,-0.3102139766944535,0.16507292003080304,0.38504979953168184
gf5X,LP_7,6.0,0.0,0.0,3.0,5.0,0.0,4.0,0.0,6.0,0.0,5.0,0.0,0.559132584852881,-0.19956561506088855,-0.2937570966918365,0.40596289631358756,0.7298446842876928,-0.27101091909028474,0.5524441542066564,-0.2413207569479631,0.7513761462413497,-0.3102139766944535,0.5608902023865704,-0.22990040093663633
gf5X,LP_8,6.0,0.0,0.0,5.0,5.0,0.0,2.0,0.0,5.0,0.0,3.0,0.0,0.559132584852881,-0.19956561506088855,-0.2937570966918365,1.0,0.7298446842876928,-0.27101091909028474,0.10488830841331269,-0.2413207569479631,0.5473770867470726,-0.3102139766944535,0.16507292003080304,-0.22990040093663633
7yqP3,HP_1_L,3.0,0.0,0.0,1.0,0.0,0.0,4.0,0.0,4.0,0.0,1.0,0.0,0.1845247881062862,-0.05021503662475543,-0.09755942092714108,-0.12087025308441993,-0.3039395037748183,-0.09672476820775638,0.3088580001531828,-0.09220318795485781,0.20427037235304502,-0.1329155873191058,-0.23564955504914933,-0.22446854821914078
G5XzoP,HP_1_L,7.0,0.0,2.0,4.0,5.0,0.0,6.0,0.0,6.0,0.0,6.0,0.0,0.45993150684931494,-0.12400388297240982,0.006659051369144488,0.22184036302000124,0.3206410990137688,-0.07179610689094756,0.5279694910475697,-0.19473921815939108,0.6814420591882883,-0.2921568921003788,0.4415275522017014,-0.24017272370955053
NMy2s,HP_1_H,9.0,0.0,0.0,6.0,7.0,0.0,7.0,1.0,8.0,0.0,8.0,0.0,0.995463528447254,-0.1405342044380079,-0.15027184337226646,0.33086691846419786,0.5621518474402075,-0.24939600151185298,0.781798464385961,-0.07556914845639903,0.7876953477614211,-0.49219276531813116,0.7833497521040264,-0.3530897263657938
Xd3foP9,HP_1_H,7.0,0.0,0.0,4.0,6.0,0.0,5.0,0.0,6.0,0.0,7.0,1.0,0.6408508525232607,-0.09187019979082349,-0.1361473957356583,0.1042124789627052,0.41411115669429466,-0.07637793013935215,0.4004762376164889,-0.14518748525858063,0.40928991166063033,-0.3835348352289593,0.590070884346502,-0.212339429441203
gf5X,HP_1_H,1.0,3.0,2.0,0.0,0.0,4.0,0.0,0.0,0.0,5.0,0.0,0.0,-0.4485643640548196,0.4002171924695558,0.5687476344360545,-0.48509275921603123,-0.6209318942738434,0.7457978161819431,-0.342667537380031,-0.2413207569479631,-0.4726182107243131,1.0,-0.4286530035028481,-0.22990040093663633
7yqP3,HP_1_H,7.0,0.46153846153846156,0.7692307692307693,3.9615384615384617,4.961538461538462,0.34615384615384615,5.269230769230769,0.34615384615384615,6.230769230769231,0.8076923076923077,5.961538461538462,0.5384615384615384,0.8133249514942101,0.07096362144733173,0.11350969848192452,0.4323798077328899,0.8526273788170274,-0.054543046353611915,0.48430173857583636,-0.03819314019884836,0.5592882062263018,-0.01853468667631147,0.6401679867164566,-0.14205239593516017
G5XzoP,HP_1_H,7.0,0.46153846153846156,0.7692307692307693,3.9615384615384617,4.961538461538462,0.34615384615384615,5.269230769230769,0.34615384615384615,6.230769230769231,0.8076923076923077,5.961538461538462,0.5384615384615384,0.45993150684931494,-0.04989373684236081,-0.16799430223628067,0.2118639574176936,0.3141088018889012,0.0024051620476564953,0.3418706427789554,-0.14878770976864525,0.7334393215721886,-0.17619409409137043,0.4343676490248002,-0.15669955961371543
NMy2s,HP_1_L,4.324324324324325,0.0,2.0,4.918918918918919,4.54054054054054,0.0,3.918918918918919,0.10810810810810811,4.756756756756757,0.2702702702702703,5.216216216216216,0.0,-0.041218725070388366,-0.1405342044380079,0.42486407831386674,0.09107107729947761,0.023716957130192496,-0.24939600151185298,0.10950184114270618,-0.19548057379106515,0.09913971887954384,-0.44738217176503414,0.18024230525847787,-0.3530897263657938
Xd3foP9,HP_1_L,4.324324324324325,0.0,2.0,4.918918918918919,4.54054054054054,0.0,3.918918918918919,0.10810810810810811,4.756756756756757,0.2702702702702703,5.216216216216216,0.0,0.1603675336016769,-0.09187019979082349,0.6686236762437664,0.31000150406586763,0.12908415184287036,-0.07637793013935215,0.1844316385593677,-0.13143147942964872,0.1644911363127835,-0.341987242579441,0.2244584298447335,-0.3638818581213534
gf5X,HP_1_L,4.324324324324325,0.0,2.0,4.918918918918919,4.54054054054054,0.0,3.918918918918919,0.10810810810810811,4.756756756756757,0.2702702702702703,5.216216216216216,0.0,0.2214179317054354,-0.19956561506088855,0.5687476344360545,0.9759174147154158,0.6057192689604164,-0.27101091909028474,0.5342999982961154,-0.21895461718313494,0.4977556938971133,-0.2393915995758344,0.6036812599385453,-0.22990040093663633
7yqP3,HP_3_L,2.0,0.0,0.0,0.0,1.0,0.0,2.0,0.0,5.0,0.0,4.0,0.0,0.02732474725930522,-0.05021503662475543,-0.09755942092714108,-0.30768196193182323,-0.07083300030669437,-0.09672476820775638,0.03240120021445595,-0.09220318795485781,0.363416297882436,-0.1329155873191058,0.2939145399719147,-0.22446854821914078
G5XzoP,HP_3_H,6.0,0.0,0.0,3.0,4.0,0.0,5.0,0.0,5.0,0.0,7.0,0.0,0.2513698630136985,-0.12400388297240982,-0.2771526482396714,-0.03754618263999837,0.15080137376721103,-0.07179610689094756,0.2733079092063081,-0.19473921815939108,0.4561205888580531,-0.2921568921003788,0.6276850348011342,-0.24017272370955053
NMy2s,HP_3_H,9.0,0.0,0.0,7.0,8.0,0.0,8.0,0.0,9.0,0.0,9.0,0.0,0.995463528447254,-0.1405342044380079,-0.15027184337226646,0.5526780715415641,0.7810759237201038,-0.24939600151185298,1.0,-0.2100152920134489,1.0,-0.49219276531813116,1.0,-0.3530897263657938
Xd3foP9,HP_3_H,8.0,0.0,0.0,4.0,6.0,0.0,4.0,0.0,5.0,1.0,7.0,0.0,0.8204254262616303,-0.09187019979082349,-0.1361473957356583,0.1042124789627052,0.41411115669429466,-0.07637793013935215,0.2006349834886518,-0.14518748525858063,0.21238654888084044,-0.22980874242574162,0.590070884346502,-0.3638818581213534
gf5X,HP_3_L,4.0,0.0,1.0,0.0,0.0,2.0,0.0,0.0,2.0,0.0,1.0,0.0,0.15605380528980073,-0.19956561506088855,0.13749526887210903,-0.48509275921603123,-0.6209318942738434,0.23739344854582917,-0.342667537380031,-0.2413207569479631,-0.06462009173575882,-0.3102139766944535,-0.23074436232496437,-0.22990040093663633
7yqP3,HP_3_H,8.1875,0.1875,0.15625,4.90625,5.59375,0.40625,5.46875,0.0625,7.21875,0.46875,7.21875,0.40625,1.0,-0.0009862067829700244,-0.054686006047174635,0.6088629846007493,1.0,-0.04721983075393406,0.5118809626081854,-0.08245137377668943,0.7165213201507723,-0.06653381462462694,0.8620926835882646,-0.16228850475488754
G5XzoP,HP_3_L,4.0,0.03225806451612903,2.129032258064516,4.161290322580645,3.6774193548387095,0.16129032258064516,3.129032258064516,0.0967741935483871,4.193548387096774,0.2903225806451613,4.516129032258065,0.03225806451612903,-0.16575342465753432,-0.11882414157622359,0.0249694836019713,0.26367690264258176,0.09601436562316013,-0.03722203892672345,-0.20315569552895563,-0.1818925598996127,0.27440972568850863,-0.25047441171004403,0.16529386834447862,-0.23517202724297975
NMy2s,HP_3_L,4.0,0.03225806451612903,2.129032258064516,4.161290322580645,3.6774193548387095,0.16129032258064516,3.129032258064516,0.0967741935483871,4.193548387096774,0.2903225806451613,4.516129032258065,0.03225806451612903,-0.11312732069010929,-0.135278286445206,0.46196962164845595,-0.07697939525870152,-0.1652410511671896,-0.2270053921657624,-0.06285264121677003,-0.19700437489502473,-0.020432038178975806,-0.4440575148239979,0.02856824330515035,-0.34823994240032496
Xd3foP9,HP_3_L,4.0,0.03225806451612903,2.129032258064516,4.161290322580645,3.6774193548387095,0.16129032258064516,3.129032258064516,0.0967741935483871,4.193548387096774,0.2903225806451613,4.516129032258065,0.03225806451612903,0.10212713130815157,-0.08795668652992449,0.7205443905650195,0.1403329435206606,-0.03948020586496116,-0.057088003075922905,0.026579697635374343,-0.13287364133106902,0.05359351438100987,-0.33890467925383155,0.08096536974457723,-0.3589933926800582
gf5X,HP_3_H,8.1875,0.1875,0.15625,4.90625,5.59375,0.40625,5.46875,0.0625,7.21875,0.46875,7.21875,0.40625,1.0,-0.16207918959023576,-0.22637391457246997,0.9721545107646994,0.8902494029918752,-0.16774128191419913,0.881117978461143,-0.2283903323964218,1.0,-0.1873814163793485,1.0,-0.14662589462321823
7yqP3,HP_7_H,7.0,0.0,0.0,7.0,5.0,0.0,9.0,0.0,9.0,0.0,8.0,0.0,0.8133249514942101,-0.05021503662475543,-0.09755942092714108,1.0,0.8615930135658014,-0.09672476820775638,1.0,-0.09220318795485781,1.0,-0.1329155873191058,1.0,-0.22446854821914078
G5XzoP,HP_7_L,3.0,0.0,3.0,2.0,2.0,0.0,2.0,0.0,3.0,0.0,5.0,0.0,-0.3743150684931507,-0.12400388297240982,0.14856490117355242,-0.29693272829999795,-0.1888780767259045,-0.07179610689094756,-0.49067683631747677,-0.19473921815939108,0.005477648197582924,-0.2921568921003788,0.2553700696022686,-0.24017272370955053
NMy2s,HP_7_H,9.0,0.0,0.0,8.0,9.0,0.0,8.0,0.0,9.0,0.0,9.0,0.0,0.995463528447254,-0.1405342044380079,-0.15027184337226646,0.7744892246189304,1.0,-0.24939600151185298,1.0,-0.2100152920134489,1.0,-0.49219276531813116,1.0,-0.3530897263657938
Xd3foP9,HP_7_H,7.0,0.0,0.0,5.0,6.0,0.0,5.0,0.0,6.0,0.0,6.0,0.0,0.6408508525232607,-0.09187019979082349,-0.1361473957356583,0.3281593592220289,0.41411115669429466,-0.07637793013935215,0.4004762376164889,-0.14518748525858063,0.40928991166063033,-0.3835348352289593,0.3851063265197531,-0.3638818581213534
gf5X,HP_7_H,6.0,0.0,0.0,0.0,5.0,0.0,3.0,0.0,5.0,0.0,3.0,0.0,0.559132584852881,-0.19956561506088855,-0.2937570966918365,-0.48509275921603123,0.7298446842876928,-0.27101091909028474,0.3286662313099845,-0.2413207569479631,0.5473770867470726,-0.3102139766944535,0.16507292003080304,-0.22990040093663633
7yqP3,HP_7_L,4.588235294117647,0.029411764705882353,2.823529411764706,4.617647058823529,4.205882352941177,0.058823529411764705,3.7058823529411766,0.058823529411764705,4.823529411764706,0.29411764705882354,5.4411764705882355,0.11764705882352941,0.43419544121619713,-0.0424928672378087,0.6771884056096644,0.5549485759811861,0.6764790255175854,-0.0895566324678364,0.26820258839748773,-0.08302500990481698,0.335331722789014,-0.09126427896178572,0.5483129777761514,-0.2064616578041534
G5XzoP,HP_7_H,7.724137931034483,0.13793103448275862,0.41379310344827586,4.758620689655173,5.620689655172414,0.1724137931034483,5.724137931034483,0.20689655172413793,7.413793103448276,0.27586206896551724,6.9655172413793105,0.20689655172413793,0.610958904109589,-0.10185602320940665,-0.2184329862516405,0.41861636317586304,0.42605885951163225,-0.03483762044643213,0.45771802019480795,-0.16727394877641658,1.0,-0.25255055058006065,0.6212658112632228,-0.20809929119982076
NMy2s,HP_7_L,4.588235294117647,0.029411764705882353,2.823529411764706,4.617647058823529,4.205882352941177,0.058823529411764705,3.7058823529411766,0.058823529411764705,4.823529411764706,0.29411764705882354,5.4411764705882355,0.11764705882352941,0.01729513214958045,-0.13574204391515912,0.6616847519493334,0.024245618621956098,-0.04954777745950243,-0.241230014573867,0.06301693530442133,-0.20210669533362244,0.11331586418005297,-0.4434282958632903,0.22898000013491723,-0.33540227896231933
Xd3foP9,HP_7_L,4.588235294117647,0.029411764705882353,2.823529411764706,4.617647058823529,4.205882352941177,0.058823529411764705,3.7058823529411766,0.058823529411764705,4.823529411764706,0.29411764705882354,5.4411764705882355,0.11764705882352941,0.20775923350719253,-0.08830199652353322,1.0,0.24253261088758152,0.06372665236441205,-0.06934278026916031,0.14185814403928798,-0.13770259973401475,0.17763889662558335,-0.3383212785221306,0.2705673089106875,-0.3460533371001592
gf5X,HP_7_L,4.588235294117647,0.029411764705882353,2.823529411764706,4.617647058823529,4.205882352941177,0.058823529411764705,3.7058823529411766,0.058823529411764705,4.823529411764706,0.29411764705882354,5.4411764705882355,0.11764705882352941,0.274606387514236,-0.19368539145764888,0.9238966413710685,0.8864340831187739,0.5153095806338017,-0.25605784945392845,0.48662711806057646,-0.22915094560533603,0.5113772527186707,-0.2331425663006621,0.6482028382003427,-0.20578470680062386
7yqP3,HN_2_L,0.0,0.0,0.0,0.0,0.0,3.0,0.0,1.0,0.0,0.0,0.0,0.0,-0.2870753344346567,-0.05021503662475543,-0.09755942092714108,-0.30768196193182323,-0.3039395037748183,0.26885015452816236,-0.24405559972427093,0.06382583889583616,-0.4323133297645189,-0.1329155873191058,-0.4121709200561707,-0.22446854821914078
G5XzoP,HN_2_H,6.0,0.0,1.0,0.0,0.0,0.0,6.0,8.0,0.0,6.0,0.0,1.0,0.2513698630136985,-0.12400388297240982,-0.13524679843526344,-0.8157058196199971,-0.52855752721902,-0.07179610689094756,0.5279694910475697,0.8672511979822899,-0.6704867627931224,0.5692810359665404,-0.6754173433948955,-0.08515113324585671
NMy2s,HN_2_H,1.0,6.0,0.0,0.0,0.0,7.0,0.0,9.0,0.0,7.0,0.0,0.0,-0.7782818301725273,0.8370665422231417,-0.15027184337226646,-1.0,-0.970316686519066,0.7223564441084771,-0.7456122849123109,1.0,-0.9107418701472096,0.668401607707082,-0.9498522310637632,-0.3530897263657938
Xd3foP9,HN_2_H,1.0,1.0,0.0,0.0,0.0,0.0,1.0,8.0,0.0,4.0,0.0,0.0,-0.43659658990695754,0.029448711297045772,-0.1361473957356583,-0.7915750420745896,-0.7576665299171161,-0.07637793013935215,-0.39888877889485935,0.87275694608238,-0.7721302650181089,0.23136953598391152,-0.8446810204407409,-0.3638818581213534
gf5X,HN_2_H,3.0,0.0,0.0,0.0,0.0,0.0,0.0,3.0,0.0,3.0,0.0,0.0,-0.04548558449173938,-0.19956561506088855,-0.2937570966918365,-0.48509275921603123,-0.6209318942738434,-0.27101091909028474,-0.342667537380031,0.37933962152601847,-0.4726182107243131,0.47591440932221857,-0.4286530035028481,-0.22990040093663633
7yqP3,HN_2_H,1.7142857142857142,1.0178571428571428,0.42857142857142855,1.0535714285714286,1.6428571428571428,2.3035714285714284,1.8392857142857142,6.035714285714286,1.0,4.0,1.25,1.0,-0.017589550125546503,0.21702718251636535,0.0200362313150526,-0.11086248296759475,0.07902118049424244,0.1839845474644669,0.010185921647951098,0.8495434383939736,-0.2731674042351279,0.4335422063404471,-0.191519213797394,-0.07140997969174818
G5XzoP,HN_2_L,0.5714285714285714,0.14285714285714285,2.5714285714285716,2.5714285714285716,0.8571428571428571,2.0,0.2857142857142857,1.1428571428571428,0.2857142857142857,2.857142857142857,0.5714285714285714,0.42857142857142855,-0.8808219178082193,-0.10106502821787085,0.08774810840023477,-0.14871184506571244,-0.3829806198648277,0.35692233586543143,-0.9272395480453538,-0.04302630156772238,-0.6061091998416267,0.11805164507434465,-0.5690416390523624,-0.17373489922511032
NMy2s,HN_2_L,0.5714285714285714,0.14285714285714285,2.5714285714285716,2.5714285714285716,0.8571428571428571,2.0,0.2857142857142857,1.1428571428571428,0.2857142857142857,2.857142857142857,0.5714285714285714,0.42857142857142855,-0.8733039029557299,-0.11725799618417099,0.5891886273670477,-0.42962846351534373,-0.782667478279155,0.028247554379669897,-0.6832689890225856,-0.05636255651967763,-0.8500833980790443,-0.01848077632824828,-0.826052089408921,-0.2886568822531369
Xd3foP9,HN_2_L,0.5714285714285714,0.14285714285714285,2.5714285714285716,2.5714285714285716,0.8571428571428571,2.0,0.2857142857142857,1.1428571428571428,0.2857142857142857,2.857142857142857,0.5714285714285714,0.42857142857142855,-0.5135571215091159,-0.07453892677827074,0.8985582682378876,-0.21571163569347146,-0.5902697175440574,0.16281716544717054,-0.5416325318433144,0.0002331477901280024,-0.7158721613667404,0.05568257278023414,-0.7275584159683129,-0.29893510297271747
gf5X,HN_2_L,0.5714285714285714,0.14285714285714285,2.5714285714285716,2.5714285714285716,0.8571428571428571,2.0,0.2857142857142857,1.1428571428571428,0.2857142857142857,2.857142857142857,0.5714285714285714,0.42857142857142855,-0.5349383882469082,-0.17100452898801025,0.815177557615452,0.2786692312379278,-0.3893701950918657,0.23739344854582917,-0.2787309879809819,-0.0048787080054939575,-0.41433276515451967,0.4384797242738056,-0.31556235140120026,-0.14205037229830517
7yqP3,HN_3_H,2.0,0.0,0.0,0.0,0.0,2.0,0.0,1.0,0.0,1.0,0.0,0.0,0.02732474725930522,-0.05021503662475543,-0.09755942092714108,-0.30768196193182323,-0.3039395037748183,0.14699184694952278,-0.24405559972427093,0.06382583889583616,-0.4323133297645189,0.008698861095782417,-0.4121709200561707,-0.22446854821914078
G5XzoP,HN_3_H,5.0,0.0,2.0,1.0,0.0,0.0,6.0,5.0,0.0,4.0,0.0,0.0,0.04280821917808211,-0.12400388297240982,0.006659051369144488,-0.5563192739599976,-0.52855752721902,-0.07179610689094756,0.5279694910475697,0.4690047919291595,-0.6704867627931224,0.28213505994423405,-0.6754173433948955,-0.24017272370955053
NMy2s,HN_3_H,1.0,0.0,0.0,0.0,0.0,8.0,0.0,9.0,0.0,8.0,0.0,1.0,-0.7782818301725273,-0.1405342044380079,-0.15027184337226646,-1.0,-0.970316686519066,0.8611782220542386,-0.7456122849123109,1.0,-0.9107418701472096,0.834200803853541,-0.9498522310637632,-0.20274642343626112
Xd3foP9,HN_3_H,1.0,1.0,0.0,0.0,1.0,0.0,2.0,9.0,0.0,5.0,1.0,0.0,-0.43659658990695754,0.029448711297045772,-0.1361473957356583,-0.7915750420745896,-0.5623702488152144,-0.07637793013935215,-0.1990475247670223,1.0,-0.7721302650181089,0.3850956287871292,-0.6397164626139918,-0.3638818581213534
gf5X,HN_3_H,3.0,0.0,0.0,0.0,3.0,1.0,2.0,2.0,0.0,2.0,0.0,0.0,-0.04548558449173938,-0.19956561506088855,-0.2937570966918365,-0.48509275921603123,0.1895340528630783,-0.01680873527222779,0.10488830841331269,0.17245282870135792,-0.4726182107243131,0.21387161398332788,-0.4286530035028481,-0.22990040093663633
7yqP3,HN_3_L,0.5714285714285714,0.5714285714285714,1.0,1.7142857142857142,1.1428571428571428,0.7142857142857143,1.1428571428571428,1.2857142857142858,0.2857142857142857,1.4285714285714286,0.8571428571428571,0.0,-0.19724673966495332,0.09981568289306675,0.1768304343046442,0.012566681806582426,-0.03753207123981953,-0.009683119937299537,-0.08608028547356987,0.10840556085317732,-0.3868430653275501,0.06939076755930594,-0.2608668929072952,-0.22446854821914078
G5XzoP,HN_3_L,0.5714285714285714,0.5714285714285714,1.0,1.7142857142857142,1.1428571428571428,0.7142857142857143,1.1428571428571428,1.2857142857142858,0.2857142857142857,1.4285714285714286,0.8571428571428571,0.0,-0.8808219178082193,-0.03224846395425392,-0.13524679843526344,-0.3710431699171407,-0.3344549840800969,0.08131762266490208,-0.7089581921814153,-0.024062186993763772,-0.6061091998416267,-0.08705262351301708,-0.515853786881096,-0.24017272370955053
NMy2s,HN_3_L,0.5714285714285714,0.5714285714285714,1.0,1.7142857142857142,1.1428571428571428,0.7142857142857143,1.1428571428571428,1.2857142857142858,0.2857142857142857,1.4285714285714286,0.8571428571428571,0.0,-0.8733039029557299,-0.047429371422660314,0.13729611747080017,-0.6197523090102292,-0.7201177421991846,-0.15023758869345197,-0.4962391013534094,-0.0371559645829562,-0.8500833980790443,-0.25533677082318973,-0.7641520185815,-0.3530897263657938
Xd3foP9,HN_3_L,0.5714285714285714,0.5714285714285714,1.0,1.7142857142857142,1.1428571428571428,0.7142857142857143,1.1428571428571428,1.2857142857142858,0.2857142857142857,1.4285714285714286,0.8571428571428571,0.0,-0.5135571215091159,-0.02254510774061249,0.26623814025405407,-0.40766610448717755,-0.5344707800863712,0.009048889712977383,-0.3703400283051684,0.018410726921216602,-0.7158721613667404,-0.1639261312243626,-0.6689971137320988,-0.3638818581213534
gf5X,HN_3_L,0.5714285714285714,0.5714285714285714,1.0,1.7142857142857142,1.1428571428571428,0.7142857142857143,1.1428571428571428,1.2857142857142858,0.2857142857142857,1.4285714285714286,0.8571428571428571,0.0,-0.5349383882469082,-0.08532127076937535,0.13749526887210903,0.02408190108660805,-0.31218296203120655,-0.08943793064881549,-0.08692133978383461,0.02467654811231472,-0.41433276515451967,0.06413287378967607,-0.2590170253503763,-0.22990040093663633
7yqP3,LN_7_N,0.0,0.0,0.0,0.0,0.0,0.0,0.0,1.0,0.0,0.0,0.0,5.0,-0.2870753344346567,-0.05021503662475543,-0.09755942092714108,-0.30768196193182323,-0.3039395037748183,-0.09672476820775638,-0.24405559972427093,0.06382583889583616,-0.4323133297645189,-0.1329155873191058,-0.4121709200561707,0.5408242944178222
G5XzoP,LN_7_N,6.0,3.0,0.0,2.0,0.0,0.0,5.0,8.0,0.0,6.0,1.0,8.0,0.2513698630136985,0.3577120668729087,-0.2771526482396714,-0.29693272829999795,-0.52855752721902,-0.07179610689094756,0.2733079092063081,0.8672511979822899,-0.6704867627931224,0.5692810359665404,-0.4892598607954627,1.0
NMy2s,LN_7_N,0.0,0.0,0.0,3.0,0.0,1.0,0.0,0.0,0.0,6.0,0.0,8.0,-1.0,-0.1405342044380079,-0.15027184337226646,-0.3345665407679011,-0.970316686519066,-0.11057422356609153,-0.7456122849123109,-0.2100152920134489,-0.9107418701472096,0.5026024115606229,-0.9498522310637632,0.8496566970704673
Xd3foP9,LN_7_N,0.0,0.0,0.0,5.0,3.0,0.0,0.0,1.0,1.0,7.0,2.0,9.0,-0.6161711636453272,-0.09187019979082349,-0.1361473957356583,0.3281593592220289,-0.17177768661141074,-0.07637793013935215,-0.5987300330226965,-0.01794443134096057,-0.5752269022383191,0.6925478143935646,-0.4347519047872429,1.0
gf5X,LN_7_N,0.0,3.0,1.0,0.0,0.0,0.0,0.0,3.0,0.0,3.0,0.0,4.0,-0.6501037538363597,0.4002171924695558,0.13749526887210903,-0.48509275921603123,-0.6209318942738434,-0.27101091909028474,-0.342667537380031,0.37933962152601847,-0.4726182107243131,0.47591440932221857,-0.4286530035028481,0.5900331996877879
7yqP3,LN_7_P,2.3333333333333335,0.0,2.3333333333333335,4.333333333333333,5.0,1.3333333333333333,0.6666666666666666,0.6666666666666666,2.6666666666666665,1.6666666666666667,3.0,2.6666666666666665,0.07972476087496556,-0.05021503662475543,0.5426835746136912,0.5018354430735911,0.8615930135658014,0.06575297523042972,-0.15190333307802864,0.011816163278938167,-0.007924195019476325,0.10310849337237457,0.11739317496489336,0.18368763452057277
G5XzoP,LN_7_P,2.3333333333333335,0.0,2.3333333333333335,4.333333333333333,5.0,1.3333333333333333,0.6666666666666666,0.6666666666666666,2.6666666666666665,1.6666666666666667,3.0,2.6666666666666665,-0.5133561643835617,-0.12400388297240982,0.053961001303947154,0.3083025449066677,0.3206410990137688,0.21401618827997176,-0.8302256121058256,-0.106240016814251,-0.06962950857916214,-0.05286857874845678,-0.11694489559659703,0.17321818419363294
NMy2s,LN_7_P,2.3333333333333335,0.0,2.3333333333333335,4.333333333333333,5.0,1.3333333333333333,0.6666666666666666,0.6666666666666666,2.6666666666666665,1.6666666666666667,3.0,2.6666666666666665,-0.48265760373589706,-0.1405342044380079,0.5207200652615557,-0.03881833666474606,0.12430369488041512,-0.06430029758417107,-0.6001445945029518,-0.12038452964208234,-0.34459613084433277,-0.21586077174069948,-0.2999014873758421,0.04782574811295993
Xd3foP9,LN_7_P,2.3333333333333335,0.0,2.3333333333333335,4.333333333333333,5.0,1.3333333333333333,0.6666666666666666,0.6666666666666666,2.6666666666666665,1.6666666666666667,3.0,2.6666666666666665,-0.19716382492246456,-0.09187019979082349,0.8027521882403372,0.17886143904914636,0.21881487559239285,0.08308546691832963,-0.46550253027080507,-0.060358782646833926,-0.24705463093866928,-0.1273246805569298,-0.2297873469604939,0.040231285025714256
gf5X,LN_7_P,2.3333333333333335,0.0,2.3333333333333335,4.333333333333333,5.0,1.3333333333333333,0.6666666666666666,0.6666666666666666,2.6666666666666665,1.6666666666666667,3.0,2.6666666666666665,-0.17984517767943276,-0.19956561506088855,0.7124984229573698,0.8019876321045291,0.7298446842876928,0.06792532600045785,-0.19348225544891642,-0.10339622839818943,0.0713792812604259,0.126524015537031,0.16507292003080304,0.31672199947964647
A5feTy,HN_1,3.0,2.0,0.0,2.0,2.0,0.0,9.0,0.0,4.0,8.0,4.0,0.0,-0.29096425203192067,0.12929265819695662,-0.463064273621621,-0.6127298881167034,-0.558591152893101,-0.12861020384012214,1.0,-0.09125465178247412,-0.10530282602475323,0.8635524621127054,-0.1764837440479807,-0.11490296268226635
A5feTy,HN_4,9.0,0.0,6.0,7.0,8.0,0.0,8.0,0.0,9.0,0.0,8.0,0.0,1.0,-0.11948086803248435,0.512311908792793,0.35544539159153826,0.7656353884275957,-0.12861020384012214,0.7834049960378957,-0.09125465178247412,1.0,-0.22802784098565096,0.6470325119040387,-0.11490296268226635
A5feTy,HN_5,6.0,0.0,2.0,6.0,4.0,0.0,6.0,0.0,4.0,0.0,3.0,0.0,0.35451787398403967,-0.11948086803248435,-0.13793887948348305,0.16181033564988995,-0.11718230578620215,-0.12861020384012214,0.3502149881136873,-0.09125465178247412,-0.10530282602475323,-0.22802784098565096,-0.3823628080359855,-0.11490296268226635
A5feTy,HN_6,0.0,0.0,2.0,3.0,0.0,1.0,6.0,1.0,0.0,6.0,1.0,1.0,-0.936446378047881,-0.11948086803248435,-0.13793887948348305,-0.419094832175055,-1.0,-0.003209070080108573,0.3502149881136873,0.1815590111631444,-0.9895450868445558,0.5906573863381164,-0.7941209360119952,0.008975144282429893
A5feTy,HN_7,4.0,9.0,4.0,6.0,0.0,8.0,4.0,0.0,4.0,4.0,4.0,6.0,-0.07580354335993388,1.0,0.18718651465465494,0.16181033564988995,-1.0,0.8745988662399864,-0.08297501981052119,-0.09125465178247412,-0.10530282602475323,0.3177623105635272,-0.1764837440479807,0.6283656791059111
A5feTy,HN_8,8.0,0.0,0.0,2.0,6.0,0.0,9.0,0.0,4.0,5.0,7.0,0.0,0.7848392913280132,-0.11948086803248435,-0.463064273621621,-0.6127298881167034,0.3242265413206968,-0.12861020384012214,1.0,-0.09125465178247412,-0.10530282602475323,0.4542098484508218,0.4411534479160338,-0.11490296268226635
A5feTy,HP_2,8.0,0.0,0.0,8.0,9.0,0.0,6.0,0.0,8.0,0.0,8.0,0.0,0.7848392913280132,-0.11948086803248435,-0.463064273621621,0.5490804475331866,0.9863398119810451,-0.12861020384012214,0.3502149881136873,-0.09125465178247412,0.7789394347950493,-0.22802784098565096,0.6470325119040387,-0.11490296268226635
A5feTy,HP_4,7.0,0.0,4.0,7.0,8.0,0.0,6.0,0.0,9.0,0.0,9.0,0.0,0.5696785826560264,-0.11948086803248435,0.18718651465465494,0.35544539159153826,0.7656353884275957,-0.12861020384012214,0.3502149881136873,-0.09125465178247412,1.0,-0.22802784098565096,0.8529115758920435,-0.11490296268226635
A5feTy,HP_5,0.0,0.0,9.0,9.0,4.0,0.0,0.0,0.0,0.0,0.0,4.0,0.0,-0.936446378047881,-0.11948086803248435,1.0,0.742715503474835,-0.11718230578620215,-0.12861020384012214,-0.9493550356589382,-0.09125465178247412,-0.9895450868445558,-0.22802784098565096,-0.1764837440479807,-0.11490296268226635
A5feTy,HP_6,9.0,0.0,0.0,7.0,8.0,0.0,4.0,0.0,9.0,0.0,8.0,0.0,1.0,-0.11948086803248435,-0.463064273621621,0.35544539159153826,0.7656353884275957,-0.12861020384012214,-0.08297501981052119,-0.09125465178247412,1.0,-0.22802784098565096,0.6470325119040387,-0.11490296268226635
A5feTy,HP_8,0.0,0.0,8.0,8.0,2.0,0.0,0.0,0.0,1.0,0.0,3.0,0.0,-0.936446378047881,-0.11948086803248435,0.837437302930931,0.5490804475331866,-0.558591152893101,-0.12861020384012214,-0.9493550356589382,-0.09125465178247412,-0.7684845216396051,-0.22802784098565096,-0.3823628080359855,-0.11490296268226635
A5feTy,LN_1,0.0,0.0,9.0,7.0,0.0,1.0,0.0,0.0,0.0,0.0,0.0,0.0,-0.936446378047881,-0.11948086803248435,1.0,0.35544539159153826,-1.0,-0.003209070080108573,-0.9493550356589382,-0.09125465178247412,-0.9895450868445558,-0.22802784098565096,-1.0,-0.11490296268226635
A5feTy,LN_2,0.0,4.0,1.0,7.0,0.0,4.0,2.0,0.0,2.0,6.0,2.0,5.0,-0.936446378047881,0.37806618442639756,-0.30050157655255205,0.35544539159153826,-1.0,0.37299433119993214,-0.5161650277347297,-0.09125465178247412,-0.5474239564346545,0.5906573863381164,-0.5882418720239904,0.5044875721412149
A5feTy,LN_3,0.0,9.0,1.0,0.0,0.0,9.0,0.0,0.0,0.0,9.0,0.0,9.0,-0.936446378047881,1.0,-0.30050157655255205,-1.0,-1.0,1.0,-0.9493550356589382,-0.09125465178247412,-0.9895450868445558,1.0,-1.0,1.0
A5feTy,LN_4,0.0,7.0,1.0,2.0,0.0,7.0,0.0,0.0,0.0,5.0,0.0,9.0,-0.936446378047881,0.751226473770559,-0.30050157655255205,-0.6127298881167034,-1.0,0.7491977324799729,-0.9493550356589382,-0.09125465178247412,-0.9895450868445558,0.4542098484508218,-1.0,1.0
A5feTy,LN_5,8.0,0.0,1.0,4.0,7.0,0.0,5.0,0.0,5.0,3.0,6.0,0.0,0.7848392913280132,-0.11948086803248435,-0.30050157655255205,-0.2254597762334067,0.5449309648741463,-0.12861020384012214,0.13361998415158305,-0.09125465178247412,0.11575773918019742,0.1813147726762327,0.23527438392802896,-0.11490296268226635
A5feTy,LN_6,0.0,0.0,9.0,8.0,0.0,0.0,0.0,0.0,0.0,2.0,1.0,0.0,-0.936446378047881,-0.11948086803248435,1.0,0.5490804475331866,-1.0,-0.12861020384012214,-0.9493550356589382,-0.09125465178247412,-0.9895450868445558,0.044867234788938136,-0.7941209360119952,-0.11490296268226635
A5feTy,LN_8,0.0,0.0,7.0,3.0,7.0,0.0,1.0,0.0,0.0,7.0,1.0,0.0,-0.936446378047881,-0.11948086803248435,0.674874605861862,-0.419094832175055,0.5449309648741463,-0.12861020384012214,-0.7327600316968339,-0.09125465178247412,-0.9895450868445558,0.7271049242254108,-0.7941209360119952,-0.11490296268226635
A5feTy,LP_1,9.0,0.0,0.0,9.0,9.0,0.0,9.0,0.0,9.0,0.0,9.0,0.0,1.0,-0.11948086803248435,-0.463064273621621,0.742715503474835,0.9863398119810451,-0.12861020384012214,1.0,-0.09125465178247412,1.0,-0.22802784098565096,0.8529115758920435,-0.11490296268226635
A5feTy,LP_2,8.0,0.0,0.0,3.0,9.0,0.0,5.0,0.0,9.0,0.0,9.0,0.0,0.7848392913280132,-0.11948086803248435,-0.463064273621621,-0.419094832175055,0.9863398119810451,-0.12861020384012214,0.13361998415158305,-0.09125465178247412,1.0,-0.22802784098565096,0.8529115758920435,-0.11490296268226635
A5feTy,LP_3,0.0,0.0,9.0,8.0,4.0,0.0,0.0,0.0,4.0,0.0,6.0,0.0,-0.936446378047881,-0.11948086803248435,1.0,0.5490804475331866,-0.11718230578620215,-0.12861020384012214,-0.9493550356589382,-0.09125465178247412,-0.10530282602475323,-0.22802784098565096,0.23527438392802896,-0.11490296268226635
A5feTy,LP_4,9.0,0.0,0.0,7.0,9.0,0.0,9.0,0.0,9.0,0.0,9.0,0.0,1.0,-0.11948086803248435,-0.463064273621621,0.35544539159153826,0.9863398119810451,-0.12861020384012214,1.0,-0.09125465178247412,1.0,-0.22802784098565096,0.8529115758920435,-0.11490296268226635
A5feTy,LP_5,9.0,0.0,0.0,4.0,9.0,0.0,8.0,0.0,9.0,0.0,9.0,0.0,1.0,-0.11948086803248435,-0.463064273621621,-0.2254597762334067,0.9863398119810451,-0.12861020384012214,0.7834049960378957,-0.09125465178247412,1.0,-0.22802784098565096,0.8529115758920435,-0.11490296268226635
A5feTy,LP_6,4.0,0.0,9.0,8.0,4.0,0.0,4.0,0.0,4.0,0.0,4.0,0.0,-0.07580354335993388,-0.11948086803248435,1.0,0.5490804475331866,-0.11718230578620215,-0.12861020384012214,-0.08297501981052119,-0.09125465178247412,-0.10530282602475323,-0.22802784098565096,-0.1764837440479807,-0.11490296268226635
A5feTy,LP_7,4.0,0.0,1.0,3.0,9.0,0.0,8.0,0.0,9.0,0.0,9.0,0.0,-0.07580354335993388,-0.11948086803248435,-0.30050157655255205,-0.419094832175055,0.9863398119810451,-0.12861020384012214,0.7834049960378957,-0.09125465178247412,1.0,-0.22802784098565096,0.8529115758920435,-0.11490296268226635
A5feTy,LP_8,9.0,0.0,0.0,7.0,9.0,0.0,9.0,0.0,9.0,0.0,9.0,0.0,1.0,-0.11948086803248435,-0.463064273621621,0.35544539159153826,0.9863398119810451,-0.12861020384012214,1.0,-0.09125465178247412,1.0,-0.22802784098565096,0.8529115758920435,-0.11490296268226635
CVgs2,HN_1,0.0,4.0,0.0,0.0,0.0,3.0,0.0,6.0,0.0,7.0,0.0,5.0,-0.4918574201052661,0.7697929625729021,-0.2346134403055591,-1.0,-0.6840324914990653,1.0,-0.23975599403781353,0.6270552814964377,-0.26834831809132925,0.8416762196137157,-0.4827078692302643,0.527717327250606
CVgs2,HN_4,0.0,5.0,0.0,0.0,0.0,1.0,0.0,2.0,0.0,5.0,0.0,1.0,-0.4918574201052661,1.0,-0.2346134403055591,-1.0,-0.6840324914990653,0.21233163169492805,-0.23975599403781353,0.12979565682502142,-0.26834831809132925,0.5250286588411471,-0.4827078692302643,-0.10199290308191918
CVgs2,HN_5,0.0,1.0,0.0,0.0,0.0,0.0,0.0,5.0,0.0,7.0,0.0,0.0,-0.4918574201052661,0.07917185029160873,-0.2346134403055591,-1.0,-0.6840324914990653,-0.18150255245760796,-0.23975599403781353,0.5027403753285836,-0.26834831809132925,0.8416762196137157,-0.4827078692302643,-0.2594204606650505
CVgs2,HN_6,0.0,2.0,0.0,0.0,0.0,1.0,0.0,1.0,0.0,7.0,0.0,6.0,-0.4918574201052661,0.3093788877187065,-0.2346134403055591,-1.0,-0.6840324914990653,0.21233163169492805,-0.23975599403781353,0.005480750657167349,-0.26834831809132925,0.8416762196137157,-0.4827078692302643,0.6851448848337374
CVgs2,HN_7,0.0,2.0,3.0,6.0,0.0,1.0,0.0,0.0,0.0,2.0,0.0,2.0,-0.4918574201052661,0.3093788877187065,0.6913466399236102,0.9644695762605854,-0.6840324914990653,0.21233163169492805,-0.23975599403781353,-0.11883415551068674,-0.26834831809132925,0.05005731768229432,-0.4827078692302643,0.05543465450121213
CVgs2,HN_8,0.0,3.0,0.0,0.0,0.0,2.0,0.0,1.0,0.0,8.0,0.0,4.0,-0.4918574201052661,0.5395859251458043,-0.2346134403055591,-1.0,-0.6840324914990653,0.6061658158474641,-0.23975599403781353,0.005480750657167349,-0.26834831809132925,1.0,-0.4827078692302643,0.37028976966747473
CVgs2,HP_2,6.0,0.0,0.0,4.0,5.0,0.0,1.0,0.0,4.0,0.0,6.0,0.0,0.6014121396665321,-0.15103518713548908,-0.2346134403055591,0.3096463841737236,0.8212479478297081,-0.18150255245760796,-0.013057755128041908,-0.11883415551068674,0.43445940795061944,-0.26659024309027424,0.7496726974026826,-0.2594204606650505
CVgs2,HP_4,5.0,0.0,0.0,5.0,4.0,0.0,1.0,0.0,2.0,0.0,4.0,0.0,0.41920054637123233,-0.15103518713548908,-0.2346134403055591,0.6370579802171545,0.5201918599639535,-0.18150255245760796,-0.013057755128041908,-0.11883415551068674,0.0830555449296451,-0.26659024309027424,0.3388791751917003,-0.2594204606650505
CVgs2,HP_5,6.0,0.0,0.0,2.0,4.0,0.0,2.0,0.0,2.0,0.0,3.0,0.0,0.6014121396665321,-0.15103518713548908,-0.2346134403055591,-0.3451768079131382,0.5201918599639535,-0.18150255245760796,0.2136404837817297,-0.11883415551068674,0.0830555449296451,-0.26659024309027424,0.13348241408620912,-0.2594204606650505
CVgs2,HP_6,7.0,0.0,0.0,4.0,3.0,0.0,1.0,0.0,1.0,0.0,3.0,0.0,0.7836237329618316,-0.15103518713548908,-0.2346134403055591,0.3096463841737236,0.21913577209819876,-0.18150255245760796,-0.013057755128041908,-0.11883415551068674,-0.09264638658084207,-0.26659024309027424,0.13348241408620912,-0.2594204606650505
CVgs2,HP_8,6.0,0.0,1.0,4.0,1.0,0.0,1.0,0.0,2.0,0.0,6.0,0.0,0.6014121396665321,-0.15103518713548908,0.07403991977083067,0.3096463841737236,-0.3829764036333106,-0.18150255245760796,-0.013057755128041908,-0.11883415551068674,0.0830555449296451,-0.26659024309027424,0.7496726974026826,-0.2594204606650505
CVgs2,LN_1,0.0,0.0,0.0,4.0,2.0,0.0,0.0,0.0,0.0,0.0,1.0,2.0,-0.4918574201052661,-0.15103518713548908,-0.2346134403055591,0.3096463841737236,-0.08192031576755593,-0.18150255245760796,-0.23975599403781353,-0.11883415551068674,-0.26834831809132925,-0.26659024309027424,-0.27731110812477316,0.05543465450121213
CVgs2,LN_2,0.0,0.0,3.0,4.0,0.0,1.0,0.0,0.0,0.0,0.0,2.0,3.0,-0.4918574201052661,-0.15103518713548908,0.6913466399236102,0.3096463841737236,-0.6840324914990653,0.21233163169492805,-0.23975599403781353,-0.11883415551068674,-0.26834831809132925,-0.26659024309027424,-0.07191434701928202,0.21286221208434344
CVgs2,LN_3,0.0,3.0,0.0,0.0,0.0,1.0,0.0,1.0,0.0,5.0,0.0,7.0,-0.4918574201052661,0.5395859251458043,-0.2346134403055591,-1.0,-0.6840324914990653,0.21233163169492805,-0.23975599403781353,0.005480750657167349,-0.26834831809132925,0.5250286588411471,-0.4827078692302643,0.8425724424168687
CVgs2,LN_4,0.0,1.0,0.0,3.0,0.0,1.0,0.0,3.0,0.0,1.0,0.0,8.0,-0.4918574201052661,0.07917185029160873,-0.2346134403055591,-0.017765211869707292,-0.6840324914990653,0.21233163169492805,-0.23975599403781353,0.2541105629928755,-0.26834831809132925,-0.10826646270398996,-0.4827078692302643,1.0
CVgs2,LN_5,0.0,0.0,0.0,2.0,0.0,0.0,0.0,0.0,0.0,2.0,0.0,5.0,-0.4918574201052661,-0.15103518713548908,-0.2346134403055591,-0.3451768079131382,-0.6840324914990653,-0.18150255245760796,-0.23975599403781353,-0.11883415551068674,-0.26834831809132925,0.05005731768229432,-0.4827078692302643,0.527717327250606
CVgs2,LN_6,0.0,0.0,4.0,3.0,0.0,0.0,0.0,0.0,0.0,1.0,0.0,1.0,-0.4918574201052661,-0.15103518713548908,1.0,-0.017765211869707292,-0.6840324914990653,-0.18150255245760796,-0.23975599403781353,-0.11883415551068674,-0.26834831809132925,-0.10826646270398996,-0.4827078692302643,-0.10199290308191918
CVgs2,LN_8,0.0,0.0,0.0,4.0,1.0,0.0,0.0,0.0,0.0,3.0,0.0,4.0,-0.4918574201052661,-0.15103518713548908,-0.2346134403055591,0.3096463841737236,-0.3829764036333106,-0.18150255245760796,-0.23975599403781353,-0.11883415551068674,-0.26834831809132925,0.2083810980685786,-0.4827078692302643,0.37028976966747473
CVgs2,LP_1,4.0,0.0,0.0,4.0,3.0,0.0,2.0,0.0,2.0,0.0,2.0,0.0,0.23698895307593265,-0.15103518713548908,-0.2346134403055591,0.3096463841737236,0.21913577209819876,-0.18150255245760796,0.2136404837817297,-0.11883415551068674,0.0830555449296451,-0.26659024309027424,-0.07191434701928202,-0.2594204606650505
CVgs2,LP_2,5.0,0.0,0.0,4.0,5.0,0.0,2.0,0.0,2.0,0.0,2.0,0.0,0.41920054637123233,-0.15103518713548908,-0.2346134403055591,0.3096463841737236,0.8212479478297081,-0.18150255245760796,0.2136404837817297,-0.11883415551068674,0.0830555449296451,-0.26659024309027424,-0.07191434701928202,-0.2594204606650505
CVgs2,LP_3,4.0,0.0,0.0,4.0,4.0,0.0,2.0,0.0,3.0,0.0,5.0,0.0,0.23698895307593265,-0.15103518713548908,-0.2346134403055591,0.3096463841737236,0.5201918599639535,-0.18150255245760796,0.2136404837817297,-0.11883415551068674,0.25875747644013225,-0.26659024309027424,0.5442759362971914,-0.2594204606650505
CVgs2,LP_4,8.0,0.0,0.0,4.0,3.0,0.0,0.0,0.0,1.0,0.0,2.0,0.0,0.9658353262571313,-0.15103518713548908,-0.2346134403055591,0.3096463841737236,0.21913577209819876,-0.18150255245760796,-0.23975599403781353,-0.11883415551068674,-0.09264638658084207,-0.26659024309027424,-0.07191434701928202,-0.2594204606650505
CVgs2,LP_5,5.0,0.0,0.0,4.0,5.0,0.0,3.0,0.0,4.0,0.0,6.0,0.0,0.41920054637123233,-0.15103518713548908,-0.2346134403055591,0.3096463841737236,0.8212479478297081,-0.18150255245760796,0.4403387226915013,-0.11883415551068674,0.43445940795061944,-0.26659024309027424,0.7496726974026826,-0.2594204606650505
CVgs2,LP_6,0.0,0.0,2.0,4.0,4.0,0.0,0.0,0.0,0.0,0.0,2.0,0.0,-0.4918574201052661,-0.15103518713548908,0.38269327984722046,0.3096463841737236,0.5201918599639535,-0.18150255245760796,-0.23975599403781353,-0.11883415551068674,-0.26834831809132925,-0.26659024309027424,-0.07191434701928202,-0.2594204606650505
CVgs2,LP_7,1.0,0.0,0.0,5.0,4.0,0.0,2.0,0.0,4.0,0.0,6.0,1.0,-0.30964582680996644,-0.15103518713548908,-0.2346134403055591,0.6370579802171545,0.5201918599639535,-0.18150255245760796,0.2136404837817297,-0.11883415551068674,0.43445940795061944,-0.26659024309027424,0.7496726974026826,-0.10199290308191918
CVgs2,LP_8,6.0,0.0,0.0,4.0,3.0,0.0,2.0,0.0,3.0,0.0,7.0,0.0,0.6014121396665321,-0.15103518713548908,-0.2346134403055591,0.3096463841737236,0.21913577209819876,-0.18150255245760796,0.2136404837817297,-0.11883415551068674,0.25875747644013225,-0.26659024309027424,0.9550694585081738,-0.2594204606650505
Dwf5T,HN_1,1.0,4.0,0.0,2.0,1.0,7.0,2.0,8.0,1.0,6.0,1.0,3.0,-0.32976832997430894,0.5048301741500171,-0.2656634425791229,-0.17864387993404152,-0.3536610611004472,1.0,0.12215313295375316,1.0,-0.3818931168173533,1.0,-0.2859673930609395,0.12895599033567942
Dwf5T,HN_4,0.0,7.0,0.0,0.0,0.0,5.0,0.0,0.0,0.0,6.0,0.0,2.0,-0.49598937122109754,1.0,-0.2656634425791229,-0.5153992742009106,-0.5228686937380032,0.6541245352678309,-0.3167703005693703,-0.1938373359244229,-0.5546297564195224,1.0,-0.44671331719355695,-0.01621801127504068
Dwf5T,HN_5,2.0,0.0,6.0,2.0,0.0,0.0,0.0,0.0,0.0,0.0,0.0,0.0,-0.1635472887275203,-0.1553962603166268,1.0,-0.17864387993404152,-0.5228686937380032,-0.21056412656259188,-0.3167703005693703,-0.1938373359244229,-0.5546297564195224,-0.4504471105195746,-0.44671331719355695,-0.3065660144964809
Dwf5T,HN_6,0.0,3.0,0.0,0.0,0.0,5.0,0.0,3.0,0.0,4.0,0.0,6.0,-0.49598937122109754,0.33977356553335614,-0.2656634425791229,-0.5153992742009106,-0.5228686937380032,0.6541245352678309,-0.3167703005693703,0.2538516650472357,-0.5546297564195224,0.5165176298268085,-0.44671331719355695,0.5644779951678397
Dwf5T,HN_7,0.0,7.0,0.0,1.0,0.0,6.0,0.0,3.0,0.0,5.0,0.0,3.0,-0.49598937122109754,1.0,-0.2656634425791229,-0.34702157706747605,-0.5228686937380032,0.8270622676339154,-0.3167703005693703,0.2538516650472357,-0.5546297564195224,0.7582588149134042,-0.44671331719355695,0.12895599033567942
Dwf5T,HN_8,0.0,0.0,0.0,0.0,0.0,0.0,0.0,2.0,0.0,5.0,0.0,7.0,-0.49598937122109754,-0.1553962603166268,-0.2656634425791229,-0.5153992742009106,-0.5228686937380032,-0.21056412656259188,-0.3167703005693703,0.10462199805668283,-0.5546297564195224,0.7582588149134042,-0.44671331719355695,0.7096519967785598
Dwf5T,HP_2,6.0,0.0,2.0,7.0,9.0,0.0,1.0,0.0,8.0,0.0,8.0,0.0,0.5013368762596342,-0.1553962603166268,0.15622437161391806,0.663244605733131,1.0,-0.21056412656259188,-0.09730858380780856,-0.1938373359244229,0.8272633603978309,-0.4504471105195746,0.8392540758673825,-0.3065660144964809
Dwf5T,HP_4,6.0,0.0,0.0,1.0,4.0,3.0,1.0,0.0,3.0,5.0,6.0,0.0,0.5013368762596342,-0.1553962603166268,-0.2656634425791229,-0.34702157706747605,0.1539618368122205,0.3082490705356618,-0.09730858380780856,-0.1938373359244229,-0.03641983761301498,0.7582588149134042,0.5177622276021477,-0.3065660144964809
Dwf5T,HP_5,9.0,0.0,0.0,2.0,4.0,0.0,3.0,1.0,8.0,0.0,6.0,0.0,1.0,-0.1553962603166268,-0.2656634425791229,-0.17864387993404152,0.1539618368122205,-0.21056412656259188,0.34161484971531486,-0.04460766893387004,0.8272633603978309,-0.4504471105195746,0.5177622276021477,-0.3065660144964809
Dwf5T,HP_6,4.0,0.0,0.0,1.0,6.0,0.0,2.0,0.0,6.0,1.0,4.0,0.0,0.16889479376605696,-0.1553962603166268,-0.2656634425791229,-0.34702157706747605,0.4923771020873323,-0.21056412656259188,0.12215313295375316,-0.1938373359244229,0.4817900811934925,-0.2087059254329788,0.1962703793369128,-0.3065660144964809
Dwf5T,HP_8,5.0,3.0,1.0,1.0,3.0,4.0,0.0,0.0,4.0,0.0,3.0,0.0,0.3351158350128456,0.33977356553335614,-0.05471953548260241,-0.34702157706747605,-0.0152457958253354,0.4811868029017463,-0.3167703005693703,-0.1938373359244229,0.13631680198915416,-0.4504471105195746,0.03552445520429537,-0.3065660144964809
Dwf5T,LN_1,0.0,0.0,1.0,4.0,0.0,0.0,0.0,0.0,0.0,0.0,0.0,2.0,-0.49598937122109754,-0.1553962603166268,-0.05471953548260241,0.15811151433282747,-0.5228686937380032,-0.21056412656259188,-0.3167703005693703,-0.1938373359244229,-0.5546297564195224,-0.4504471105195746,-0.44671331719355695,-0.01621801127504068
Dwf5T,LN_2,0.0,0.0,1.0,3.0,0.0,0.0,0.0,2.0,0.0,5.0,0.0,7.0,-0.49598937122109754,-0.1553962603166268,-0.05471953548260241,-0.010266182800607022,-0.5228686937380032,-0.21056412656259188,-0.3167703005693703,0.10462199805668283,-0.5546297564195224,0.7582588149134042,-0.44671331719355695,0.7096519967785598
Dwf5T,LN_3,0.0,5.0,2.0,0.0,0.0,6.0,0.0,3.0,0.0,4.0,0.0,8.0,-0.49598937122109754,0.669886782766678,0.15622437161391806,-0.5153992742009106,-0.5228686937380032,0.8270622676339154,-0.3167703005693703,0.2538516650472357,-0.5546297564195224,0.5165176298268085,-0.44671331719355695,0.8548259983892799
Dwf5T,LN_4,0.0,0.0,0.0,0.0,5.0,0.0,1.0,5.0,5.0,2.0,6.0,9.0,-0.49598937122109754,-0.1553962603166268,-0.2656634425791229,-0.5153992742009106,0.3231694694497764,-0.21056412656259188,-0.09730858380780856,0.5523109990283414,0.3090534415913233,0.03303525965361697,0.5177622276021477,1.0
Dwf5T,LN_5,8.0,4.0,0.0,8.0,3.0,6.0,6.0,1.0,5.0,5.0,4.0,7.0,0.8337789587532114,0.5048301741500171,-0.2656634425791229,0.8316223028665655,-0.0152457958253354,0.8270622676339154,1.0,-0.04460766893387004,0.3090534415913233,0.7582588149134042,0.1962703793369128,0.7096519967785598
Dwf5T,LN_6,0.0,0.0,0.0,0.0,0.0,0.0,0.0,1.0,0.0,2.0,0.0,8.0,-0.49598937122109754,-0.1553962603166268,-0.2656634425791229,-0.5153992742009106,-0.5228686937380032,-0.21056412656259188,-0.3167703005693703,-0.04460766893387004,-0.5546297564195224,0.03303525965361697,-0.44671331719355695,0.8548259983892799
Dwf5T,LN_8,0.0,0.0,4.0,1.0,0.0,0.0,0.0,0.0,0.0,2.0,0.0,3.0,-0.49598937122109754,-0.1553962603166268,0.5781121858069591,-0.34702157706747605,-0.5228686937380032,-0.21056412656259188,-0.3167703005693703,-0.1938373359244229,-0.5546297564195224,0.03303525965361697,-0.44671331719355695,0.12895599033567942
Dwf5T,LP_1,6.0,0.0,2.0,8.0,9.0,0.0,2.0,0.0,9.0,1.0,6.0,0.0,0.5013368762596342,-0.1553962603166268,0.15622437161391806,0.8316223028665655,1.0,-0.21056412656259188,0.12215313295375316,-0.1938373359244229,1.0,-0.2087059254329788,0.5177622276021477,-0.3065660144964809
Dwf5T,LP_2,8.0,0.0,1.0,9.0,7.0,0.0,5.0,0.0,7.0,2.0,7.0,0.0,0.8337789587532114,-0.1553962603166268,-0.05471953548260241,1.0,0.6615847347248882,-0.21056412656259188,0.7805382832384383,-0.1938373359244229,0.6545267207956617,0.03303525965361697,0.6785081517347651,-0.3065660144964809
Dwf5T,LP_3,0.0,0.0,2.0,5.0,6.0,0.0,0.0,0.0,4.0,2.0,3.0,1.0,-0.49598937122109754,-0.1553962603166268,0.15622437161391806,0.326489211466262,0.4923771020873323,-0.21056412656259188,-0.3167703005693703,-0.1938373359244229,0.13631680198915416,0.03303525965361697,0.03552445520429537,-0.16139201288576077
Dwf5T,LP_4,9.0,0.0,2.0,9.0,9.0,0.0,2.0,0.0,9.0,0.0,9.0,0.0,1.0,-0.1553962603166268,0.15622437161391806,1.0,1.0,-0.21056412656259188,0.12215313295375316,-0.1938373359244229,1.0,-0.4504471105195746,1.0,-0.3065660144964809
Dwf5T,LP_5,0.0,0.0,2.0,4.0,5.0,0.0,0.0,0.0,3.0,0.0,1.0,0.0,-0.49598937122109754,-0.1553962603166268,0.15622437161391806,0.15811151433282747,0.3231694694497764,-0.21056412656259188,-0.3167703005693703,-0.1938373359244229,-0.03641983761301498,-0.4504471105195746,-0.2859673930609395,-0.3065660144964809
Dwf5T,LP_6,0.0,0.0,2.0,4.0,2.0,0.0,0.0,4.0,1.0,0.0,1.0,3.0,-0.49598937122109754,-0.1553962603166268,0.15622437161391806,0.15811151433282747,-0.1844534284628913,-0.21056412656259188,-0.3167703005693703,0.4030813320377885,-0.3818931168173533,-0.4504471105195746,-0.2859673930609395,0.12895599033567942
Dwf5T,LP_7,0.0,0.0,2.0,7.0,9.0,0.0,0.0,0.0,8.0,0.0,3.0,2.0,-0.49598937122109754,-0.1553962603166268,0.15622437161391806,0.663244605733131,1.0,-0.21056412656259188,-0.3167703005693703,-0.1938373359244229,0.8272633603978309,-0.4504471105195746,0.03552445520429537,-0.01621801127504068
Dwf5T,LP_8,3.0,0.0,2.0,4.0,1.0,0.0,0.0,0.0,1.0,0.0,0.0,3.0,0.002673752519268324,-0.1553962603166268,0.15622437161391806,0.15811151433282747,-0.3536610611004472,-0.21056412656259188,-0.3167703005693703,-0.1938373359244229,-0.3818931168173533,-0.4504471105195746,-0.44671331719355695,0.12895599033567942
ERqc8,HN_1,0.0,9.0,0.0,1.0,1.0,9.0,0.0,0.0,0.0,9.0,0.0,0.0,-0.608968066856865,1.0,-0.08806695321298653,-0.8272971969488072,-0.19120320274988079,1.0,-0.8178501045499817,-0.061821432559030276,-0.6721787249112585,1.0,-0.8146958159387797,-0.19080953098442113
ERqc8,HN_4,0.0,1.0,0.0,2.0,1.0,8.0,0.0,0.0,0.0,7.0,0.0,9.0,-0.608968066856865,-0.012493824788291679,-0.08806695321298653,-0.6545943938976144,-0.19120320274988079,0.8625548835860564,-0.8178501045499817,-0.061821432559030276,-0.6721787249112585,0.6963846724131963,-0.8146958159387797,1.0
ERqc8,HN_5,0.0,9.0,0.0,1.0,0.0,4.0,0.0,0.0,0.0,8.0,0.0,0.0,-0.608968066856865,1.0,-0.08806695321298653,-0.8272971969488072,-0.42944384329985696,0.31277441793028166,-0.8178501045499817,-0.061821432559030276,-0.6721787249112585,0.8481923362065982,-0.8146958159387797,-0.19080953098442113
ERqc8,HN_6,0.0,1.0,0.0,3.0,0.0,9.0,0.0,0.0,0.0,7.0,0.0,0.0,-0.608968066856865,-0.012493824788291679,-0.08806695321298653,-0.48189159084642164,-0.42944384329985696,1.0,-0.8178501045499817,-0.061821432559030276,-0.6721787249112585,0.6963846724131963,-0.8146958159387797,-0.19080953098442113
ERqc8,HN_7,0.0,5.0,0.0,4.0,0.0,5.0,0.0,0.0,0.0,6.0,0.0,2.0,-0.608968066856865,0.4937530876058542,-0.08806695321298653,-0.3091887877952288,-0.42944384329985696,0.45021953434422535,-0.8178501045499817,-0.061821432559030276,-0.6721787249112585,0.5445770086197945,-0.8146958159387797,0.07381480923433913
ERqc8,HN_8,0.0,0.0,1.0,6.0,0.0,0.0,0.0,0.0,4.0,3.0,3.0,1.0,-0.608968066856865,-0.13905555288682814,0.06737118296029726,0.03621681830715677,-0.42944384329985696,-0.23700604772549302,-0.8178501045499817,-0.061821432559030276,0.07101181949374524,0.08915401723958906,-0.20979721062585316,-0.058497360875041
ERqc8,HP_2,4.0,0.0,0.0,8.0,1.0,0.0,4.0,0.0,4.0,0.0,7.0,0.0,0.10612885174618612,-0.13905555288682814,-0.08806695321298653,0.38162242440954236,-0.19120320274988079,-0.23700604772549302,0.45245478778615,-0.061821432559030276,0.07101181949374524,-0.36626897414061643,0.5967342631247157,-0.19080953098442113
ERqc8,HP_4,4.0,0.0,1.0,7.0,1.0,0.0,4.0,0.0,4.0,0.0,4.0,0.0,0.10612885174618612,-0.13905555288682814,0.06737118296029726,0.20891962135834957,-0.19120320274988079,-0.23700604772549302,0.45245478778615,-0.061821432559030276,0.07101181949374524,-0.36626897414061643,-0.008164342188210964,-0.19080953098442113
ERqc8,HP_5,4.0,0.0,1.0,6.0,0.0,0.0,4.0,0.0,4.0,0.0,4.0,0.0,0.10612885174618612,-0.13905555288682814,0.06737118296029726,0.03621681830715677,-0.42944384329985696,-0.23700604772549302,0.45245478778615,-0.061821432559030276,0.07101181949374524,-0.36626897414061643,-0.008164342188210964,-0.19080953098442113
ERqc8,HP_6,7.0,0.0,1.0,9.0,5.0,0.0,5.0,0.0,6.0,0.0,7.0,0.0,0.6424515406984744,-0.13905555288682814,0.06737118296029726,0.5543252274607352,0.7617593594500238,-0.23700604772549302,0.7700310108701829,-0.061821432559030276,0.4426070916962471,-0.36626897414061643,0.5967342631247157,-0.19080953098442113
ERqc8,HP_8,4.0,0.0,2.0,7.0,1.0,0.0,4.0,0.0,4.0,0.0,4.0,0.0,0.10612885174618612,-0.13905555288682814,0.22280931913358104,0.20891962135834957,-0.19120320274988079,-0.23700604772549302,0.45245478778615,-0.061821432559030276,0.07101181949374524,-0.36626897414061643,-0.008164342188210964,-0.19080953098442113
ERqc8,LN_1,4.0,0.0,1.0,7.0,1.0,0.0,4.0,0.0,4.0,0.0,4.0,0.0,0.10612885174618612,-0.13905555288682814,0.06737118296029726,0.20891962135834957,-0.19120320274988079,-0.23700604772549302,0.45245478778615,-0.061821432559030276,0.07101181949374524,-0.36626897414061643,-0.008164342188210964,-0.19080953098442113
ERqc8,LN_2,0.0,0.0,0.0,7.0,1.0,0.0,0.0,0.0,0.0,3.0,0.0,7.0,-0.608968066856865,-0.13905555288682814,-0.08806695321298653,0.20891962135834957,-0.19120320274988079,-0.23700604772549302,-0.8178501045499817,-0.061821432559030276,-0.6721787249112585,0.08915401723958906,-0.8146958159387797,0.7353756597812398
ERqc8,LN_3,0.0,9.0,0.0,0.0,0.0,9.0,0.0,0.0,0.0,9.0,0.0,9.0,-0.608968066856865,1.0,-0.08806695321298653,-1.0,-0.42944384329985696,1.0,-0.8178501045499817,-0.061821432559030276,-0.6721787249112585,1.0,-0.8146958159387797,1.0
ERqc8,LN_4,5.0,0.0,0.0,8.0,2.0,0.0,4.0,0.0,4.0,0.0,7.0,2.0,0.2849030813969489,-0.13905555288682814,-0.08806695321298653,0.38162242440954236,0.04703743780009537,-0.23700604772549302,0.45245478778615,-0.061821432559030276,0.07101181949374524,-0.36626897414061643,0.5967342631247157,0.07381480923433913
ERqc8,LN_5,4.0,0.0,1.0,7.0,1.0,0.0,4.0,0.0,4.0,4.0,4.0,4.0,0.10612885174618612,-0.13905555288682814,0.06737118296029726,0.20891962135834957,-0.19120320274988079,-0.23700604772549302,0.45245478778615,-0.061821432559030276,0.07101181949374524,0.2409616810329909,-0.008164342188210964,0.3384391494530994
ERqc8,LN_6,2.0,0.0,7.0,9.0,0.0,0.0,0.0,0.0,4.0,0.0,4.0,0.0,-0.25141960755533943,-0.13905555288682814,1.0,0.5543252274607352,-0.42944384329985696,-0.23700604772549302,-0.8178501045499817,-0.061821432559030276,0.07101181949374524,-0.36626897414061643,-0.008164342188210964,-0.19080953098442113
ERqc8,LN_8,0.0,0.0,0.0,4.0,0.0,0.0,0.0,0.0,0.0,6.0,0.0,7.0,-0.608968066856865,-0.13905555288682814,-0.08806695321298653,-0.3091887877952288,-0.42944384329985696,-0.23700604772549302,-0.8178501045499817,-0.061821432559030276,-0.6721787249112585,0.5445770086197945,-0.8146958159387797,0.7353756597812398
ERqc8,LP_1,6.0,0.0,0.0,8.0,0.0,0.0,4.0,0.0,6.0,0.0,7.0,0.0,0.46367731104771165,-0.13905555288682814,-0.08806695321298653,0.38162242440954236,-0.42944384329985696,-0.23700604772549302,0.45245478778615,-0.061821432559030276,0.4426070916962471,-0.36626897414061643,0.5967342631247157,-0.19080953098442113
ERqc8,LP_2,6.0,0.0,0.0,8.0,1.0,0.0,4.0,0.0,7.0,0.0,7.0,0.0,0.46367731104771165,-0.13905555288682814,-0.08806695321298653,0.38162242440954236,-0.19120320274988079,-0.23700604772549302,0.45245478778615,-0.061821432559030276,0.628404727797498,-0.36626897414061643,0.5967342631247157,-0.19080953098442113
ERqc8,LP_3,5.0,0.0,0.0,7.0,1.0,0.0,4.0,0.0,6.0,0.0,7.0,0.0,0.2849030813969489,-0.13905555288682814,-0.08806695321298653,0.20891962135834957,-0.19120320274988079,-0.23700604772549302,0.45245478778615,-0.061821432559030276,0.4426070916962471,-0.36626897414061643,0.5967342631247157,-0.19080953098442113
ERqc8,LP_4,8.0,0.0,1.0,8.0,3.0,0.0,4.0,0.0,8.0,0.0,8.0,0.0,0.8212257703492373,-0.13905555288682814,0.06737118296029726,0.38162242440954236,0.2852780783500715,-0.23700604772549302,0.45245478778615,-0.061821432559030276,0.8142023638987491,-0.36626897414061643,0.7983671315623578,-0.19080953098442113
ERqc8,LP_5,7.0,0.0,0.0,8.0,2.0,0.0,4.0,0.0,6.0,0.0,8.0,0.0,0.6424515406984744,-0.13905555288682814,-0.08806695321298653,0.38162242440954236,0.04703743780009537,-0.23700604772549302,0.45245478778615,-0.061821432559030276,0.4426070916962471,-0.36626897414061643,0.7983671315623578,-0.19080953098442113
ERqc8,LP_6,6.0,0.0,0.0,9.0,5.0,0.0,3.0,0.0,6.0,0.0,7.0,0.0,0.46367731104771165,-0.13905555288682814,-0.08806695321298653,0.5543252274607352,0.7617593594500238,-0.23700604772549302,0.13487856470211707,-0.061821432559030276,0.4426070916962471,-0.36626897414061643,0.5967342631247157,-0.19080953098442113
ERqc8,LP_7,9.0,0.0,0.0,8.0,3.0,0.0,5.0,0.0,9.0,0.0,9.0,0.0,1.0,-0.13905555288682814,-0.08806695321298653,0.38162242440954236,0.2852780783500715,-0.23700604772549302,0.7700310108701829,-0.061821432559030276,1.0,-0.36626897414061643,1.0,-0.19080953098442113
ERqc8,LP_8,6.0,0.0,0.0,9.0,6.0,0.0,5.0,0.0,9.0,0.0,9.0,0.0,0.46367731104771165,-0.13905555288682814,-0.08806695321298653,0.5543252274607352,1.0,-0.23700604772549302,0.7700310108701829,-0.061821432559030276,1.0,-0.36626897414061643,1.0,-0.19080953098442113
G4dLl,HN_1,2.0,9.0,1.0,0.0,3.0,9.0,3.0,9.0,0.0,5.0,0.0,9.0,-0.46618069651161065,1.0,-0.3093022736773276,-0.8694844427965821,-0.4296470714564284,1.0,-0.0643422132364532,1.0,-0.8195083026735583,0.39687160836413143,-0.9689653536548547,1.0
G4dLl,HN_4,3.0,6.0,1.0,2.0,3.0,6.0,2.0,6.0,2.0,5.0,2.0,7.0,-0.25672631129566625,0.5715393953750038,-0.3093022736773276,-0.45404345550845276,-0.4296470714564284,0.5785384494151707,-0.3304277665455665,0.5397200040997469,-0.41517312430165654,0.39687160836413143,-0.5314174972871092,0.6715372291023136
G4dLl,HN_5,5.0,8.0,3.0,2.0,5.0,5.0,4.0,6.0,3.0,6.0,2.0,6.0,0.16218245913622248,0.8571797984583346,0.21441863579360343,-0.45404345550845276,0.10268232851757178,0.4380512658868943,0.2017433400726601,0.5397200040997469,-0.21300553511570558,0.5979144055760877,-0.5314174972871092,0.5073058436534703
G4dLl,HN_6,3.0,5.0,1.0,2.0,4.0,5.0,3.0,4.0,1.0,7.0,2.0,7.0,-0.25672631129566625,0.4287191938333383,-0.3093022736773276,-0.45404345550845276,-0.16348237146942832,0.4380512658868943,-0.0643422132364532,0.2328666734995781,-0.6173407134876074,0.7989572027880438,-0.5314174972871092,0.6715372291023136
G4dLl,HN_7,2.0,4.0,0.0,0.0,1.0,3.0,2.0,9.0,0.0,7.0,1.0,8.0,-0.46618069651161065,0.28589899229167287,-0.5711627284127931,-0.8694844427965821,-0.9619764714304285,0.15707689883034143,-0.3304277665455665,1.0,-0.8195083026735583,0.7989572027880438,-0.7501914254709819,0.8357686145511568
G4dLl,HN_8,2.0,5.0,1.0,3.0,2.0,5.0,1.0,4.0,2.0,5.0,2.0,6.0,-0.46618069651161065,0.4287191938333383,-0.3093022736773276,-0.2463229618643881,-0.6958117714434285,0.4380512658868943,-0.5965133198546798,0.2328666734995781,-0.41517312430165654,0.39687160836413143,-0.5314174972871092,0.5073058436534703
G4dLl,HP_2,6.0,1.0,5.0,6.0,6.0,0.0,6.0,2.0,6.0,2.0,8.0,0.0,0.3716368443521669,-0.14256161233332343,0.7381395452645345,0.37683851906780597,0.36884702850457185,-0.26438465175448783,0.7339144466908867,-0.0739866571005907,0.3934972324421472,-0.20625678327173716,0.7812260718161272,-0.47808246903958895
G4dLl,HP_4,2.0,0.0,4.0,6.0,4.0,1.0,1.0,0.0,5.0,3.0,7.0,0.0,-0.46618069651161065,-0.28538181387498884,0.47627909052906897,0.37683851906780597,-0.16348237146942832,-0.12389746822621142,-0.5965133198546798,-0.3808399877007595,0.19132964325619628,-0.00521398605978096,0.5624521436322545,-0.47808246903958895
G4dLl,HP_5,4.0,2.0,4.0,5.0,6.0,1.0,3.0,2.0,6.0,2.0,8.0,1.0,-0.047271926079721895,0.0002585892083419877,0.47627909052906897,0.16911802542374127,0.36884702850457185,-0.12389746822621142,-0.0643422132364532,-0.0739866571005907,0.3934972324421472,-0.20625678327173716,0.7812260718161272,-0.3138510835907457
G4dLl,HP_6,8.0,0.0,3.0,7.0,7.0,1.0,4.0,0.0,8.0,2.0,7.0,0.0,0.7905456147840556,-0.28538181387498884,0.21441863579360343,0.5845590127118706,0.635011728491572,-0.12389746822621142,0.2017433400726601,-0.3808399877007595,0.7978324108140491,-0.20625678327173716,0.5624521436322545,-0.47808246903958895
G4dLl,HP_8,7.0,2.0,4.0,7.0,8.0,2.0,3.0,0.0,7.0,1.0,8.0,0.0,0.5810912295681112,0.0002585892083419877,0.47627909052906897,0.5845590127118706,0.901176428478572,0.016589715302065,-0.0643422132364532,-0.3808399877007595,0.5956648216280981,-0.40729958048369336,0.7812260718161272,-0.47808246903958895
G4dLl,LN_1,3.0,0.0,6.0,6.0,4.0,1.0,1.0,1.0,1.0,3.0,2.0,0.0,-0.25672631129566625,-0.28538181387498884,1.0,0.37683851906780597,-0.16348237146942832,-0.12389746822621142,-0.5965133198546798,-0.2274133224006751,-0.6173407134876074,-0.00521398605978096,-0.5314174972871092,-0.47808246903958895
G4dLl,LN_2,2.0,0.0,1.0,3.0,3.0,1.0,1.0,2.0,1.0,4.0,1.0,5.0,-0.46618069651161065,-0.28538181387498884,-0.3093022736773276,-0.2463229618643881,-0.4296470714564284,-0.12389746822621142,-0.5965133198546798,-0.0739866571005907,-0.6173407134876074,0.19582881115217524,-0.7501914254709819,0.3430744582046271
G4dLl,LN_3,1.0,9.0,1.0,1.0,1.0,9.0,1.0,7.0,0.0,8.0,0.0,9.0,-0.675635081727555,1.0,-0.3093022736773276,-0.6617639491525175,-0.9619764714304285,1.0,-0.5965133198546798,0.6931466693998312,-0.8195083026735583,1.0,-0.9689653536548547,1.0
G4dLl,LN_4,0.0,3.0,2.0,2.0,3.0,1.0,2.0,4.0,0.0,7.0,1.0,9.0,-0.8850894669434994,0.1430787907500074,-0.04744181894186208,-0.45404345550845276,-0.4296470714564284,-0.12389746822621142,-0.3304277665455665,0.2328666734995781,-0.8195083026735583,0.7989572027880438,-0.7501914254709819,1.0
G4dLl,LN_5,3.0,5.0,2.0,4.0,4.0,5.0,2.0,2.0,3.0,6.0,3.0,6.0,-0.25672631129566625,0.4287191938333383,-0.04744181894186208,-0.03860246822032342,-0.16348237146942832,0.4380512658868943,-0.3304277665455665,-0.0739866571005907,-0.21300553511570558,0.5979144055760877,-0.31264356910323643,0.5073058436534703
G4dLl,LN_6,3.0,0.0,3.0,5.0,6.0,2.0,3.0,3.0,2.0,6.0,2.0,7.0,-0.25672631129566625,-0.28538181387498884,0.21441863579360343,0.16911802542374127,0.36884702850457185,0.016589715302065,-0.0643422132364532,0.07944000819949369,-0.41517312430165654,0.5979144055760877,-0.5314174972871092,0.6715372291023136
G4dLl,LN_8,3.0,5.0,2.0,3.0,4.0,1.0,3.0,3.0,1.0,5.0,1.0,7.0,-0.25672631129566625,0.4287191938333383,-0.04744181894186208,-0.2463229618643881,-0.16348237146942832,-0.12389746822621142,-0.0643422132364532,0.07944000819949369,-0.6173407134876074,0.39687160836413143,-0.7501914254709819,0.6715372291023136
G4dLl,LP_1,8.0,0.0,1.0,7.0,7.0,0.0,6.0,1.0,8.0,1.0,8.0,1.0,0.7905456147840556,-0.28538181387498884,-0.3093022736773276,0.5845590127118706,0.635011728491572,-0.26438465175448783,0.7339144466908867,-0.2274133224006751,0.7978324108140491,-0.40729958048369336,0.7812260718161272,-0.3138510835907457
G4dLl,LP_2,7.0,0.0,1.0,7.0,7.0,0.0,6.0,0.0,8.0,1.0,8.0,2.0,0.5810912295681112,-0.28538181387498884,-0.3093022736773276,0.5845590127118706,0.635011728491572,-0.26438465175448783,0.7339144466908867,-0.3808399877007595,0.7978324108140491,-0.40729958048369336,0.7812260718161272,-0.1496196981419025
G4dLl,LP_3,7.0,0.0,1.0,7.0,7.0,0.0,5.0,1.0,8.0,1.0,8.0,1.0,0.5810912295681112,-0.28538181387498884,-0.3093022736773276,0.5845590127118706,0.635011728491572,-0.26438465175448783,0.4678288933817734,-0.2274133224006751,0.7978324108140491,-0.40729958048369336,0.7812260718161272,-0.3138510835907457
G4dLl,LP_4,6.0,0.0,3.0,7.0,7.0,0.0,7.0,2.0,8.0,1.0,7.0,1.0,0.3716368443521669,-0.28538181387498884,0.21441863579360343,0.5845590127118706,0.635011728491572,-0.26438465175448783,1.0,-0.0739866571005907,0.7978324108140491,-0.40729958048369336,0.5624521436322545,-0.3138510835907457
G4dLl,LP_5,5.0,0.0,2.0,6.0,8.0,0.0,4.0,0.0,8.0,1.0,9.0,1.0,0.16218245913622248,-0.28538181387498884,-0.04744181894186208,0.37683851906780597,0.901176428478572,-0.26438465175448783,0.2017433400726601,-0.3808399877007595,0.7978324108140491,-0.40729958048369336,1.0,-0.3138510835907457
G4dLl,LP_6,6.0,0.0,3.0,9.0,7.0,0.0,3.0,1.0,9.0,1.0,8.0,2.0,0.3716368443521669,-0.28538181387498884,0.21441863579360343,1.0,0.635011728491572,-0.26438465175448783,-0.0643422132364532,-0.2274133224006751,1.0,-0.40729958048369336,0.7812260718161272,-0.1496196981419025
G4dLl,LP_7,5.0,0.0,5.0,6.0,7.0,0.0,4.0,0.0,6.0,1.0,7.0,1.0,0.16218245913622248,-0.28538181387498884,0.7381395452645345,0.37683851906780597,0.635011728491572,-0.26438465175448783,0.2017433400726601,-0.3808399877007595,0.3934972324421472,-0.40729958048369336,0.5624521436322545,-0.3138510835907457
G4dLl,LP_8,8.0,0.0,1.0,7.0,8.0,0.0,6.0,2.0,8.0,1.0,9.0,0.0,0.7905456147840556,-0.28538181387498884,-0.3093022736773276,0.5845590127118706,0.901176428478572,-0.26438465175448783,0.7339144466908867,-0.0739866571005907,0.7978324108140491,-0.40729958048369336,1.0,-0.47808246903958895
Gr33d,HN_1,0.0,5.0,0.0,0.0,0.0,0.0,0.0,9.0,0.0,9.0,0.0,5.0,-0.5213545356931549,0.6632011643004557,-0.26781201879710753,-1.0,-1.0,-0.13060376374971805,-0.40232811688548653,1.0,-0.5838921389817238,1.0,-0.7708440423140331,0.4018742092609992
Gr33d,HN_4,1.0,4.0,0.0,0.0,0.0,0.0,1.0,6.0,1.0,7.0,1.0,4.0,-0.35231514283835996,0.49480174645068364,-0.26781201879710753,-1.0,-1.0,-0.13060376374971805,-0.22703710227480073,0.5903037656736074,-0.40790412353931005,0.6980217349304303,-0.5740835931680295,0.252342761576249
Gr33d,HN_5,0.0,3.0,5.0,2.0,2.0,0.0,0.0,6.0,0.0,6.0,0.0,5.0,-0.5213545356931549,0.32640232860091156,0.5245704929510846,-0.5968180393573398,-0.5783859501223361,-0.13060376374971805,-0.40232811688548653,0.5903037656736074,-0.5838921389817238,0.5470326023956453,-0.7708440423140331,0.4018742092609992
Gr33d,HN_6,0.0,0.0,1.0,4.0,4.0,0.0,0.0,0.0,0.0,3.0,0.0,4.0,-0.5213545356931549,-0.17879592494840477,-0.1093355164474691,-0.19363607871467964,-0.1567719002446722,-0.13060376374971805,-0.40232811688548653,-0.2290887029791778,-0.5838921389817238,0.09406520479129067,-0.7708440423140331,0.252342761576249
Gr33d,HN_7,0.0,2.0,0.0,1.0,1.0,0.0,0.0,9.0,0.0,9.0,0.0,9.0,-0.5213545356931549,0.15800291075113948,-0.26781201879710753,-0.79840901967867,-0.789192975061168,-0.13060376374971805,-0.40232811688548653,1.0,-0.5838921389817238,1.0,-0.7708440423140331,1.0
Gr33d,HN_8,3.0,7.0,1.0,6.0,6.0,7.0,0.0,0.0,1.0,7.0,2.0,7.0,-0.014236357128769955,1.0,-0.1093355164474691,0.20954588192798054,0.26484214963299174,1.0,-0.40232811688548653,-0.2290887029791778,-0.40790412353931005,0.6980217349304303,-0.37732314402202577,0.7009371046304996
Gr33d,HP_2,2.0,0.0,8.0,7.0,7.0,0.0,2.0,0.0,3.0,0.0,6.0,0.0,-0.18327574998356494,-0.17879592494840477,1.0,0.4111368622493106,0.47564917457182365,-0.13060376374971805,-0.051746087664114905,-0.2290887029791778,-0.0559280926544825,-0.35890219281306396,0.409718652561989,-0.3457830291627518
Gr33d,HP_4,8.0,0.0,0.0,9.0,7.0,0.0,5.0,0.0,8.0,0.0,7.0,0.0,0.830960607145205,-0.17879592494840477,-0.26781201879710753,0.8143188228919708,0.47564917457182365,-0.13060376374971805,0.47412695616794254,-0.2290887029791778,0.8240119845575863,-0.35890219281306396,0.6064791017079927,-0.3457830291627518
Gr33d,HP_5,9.0,0.0,0.0,5.0,6.0,0.0,6.0,0.0,9.0,0.0,8.0,0.0,1.0,-0.17879592494840477,-0.26781201879710753,0.00795490160665045,0.26484214963299174,-0.13060376374971805,0.6494179707786284,-0.2290887029791778,1.0,-0.35890219281306396,0.8032395508539963,-0.3457830291627518
Gr33d,HP_6,6.0,0.0,0.0,8.0,8.0,0.0,4.0,0.0,6.0,0.0,6.0,0.0,0.49288182143561504,-0.17879592494840477,-0.26781201879710753,0.6127278425706407,0.6864561995106556,-0.13060376374971805,0.29883594155725673,-0.2290887029791778,0.4720359536727588,-0.35890219281306396,0.409718652561989,-0.3457830291627518
Gr33d,HP_8,6.0,0.0,2.0,7.0,7.0,0.0,2.0,0.0,3.0,0.0,5.0,0.0,0.49288182143561504,-0.17879592494840477,0.04914098590216934,0.4111368622493106,0.47564917457182365,-0.13060376374971805,-0.051746087664114905,-0.2290887029791778,-0.0559280926544825,-0.35890219281306396,0.21295820341598531,-0.3457830291627518
Gr33d,LN_1,0.0,7.0,8.0,5.0,5.0,7.0,0.0,0.0,0.0,4.0,1.0,7.0,-0.5213545356931549,1.0,1.0,0.00795490160665045,0.05403512469415976,1.0,-0.40232811688548653,-0.2290887029791778,-0.5838921389817238,0.24505433732607554,-0.5740835931680295,0.7009371046304996
Gr33d,LN_2,0.0,0.0,0.0,3.0,3.0,0.0,0.0,4.0,0.0,8.0,0.0,9.0,-0.5213545356931549,-0.17879592494840477,-0.26781201879710753,-0.39522705903600974,-0.36757892518350416,-0.13060376374971805,-0.40232811688548653,0.31717294278934566,-0.5838921389817238,0.8490108674652151,-0.7708440423140331,1.0
Gr33d,LN_3,0.0,7.0,2.0,4.0,4.0,3.0,0.0,7.0,0.0,6.0,0.0,6.0,-0.5213545356931549,1.0,0.04914098590216934,-0.19363607871467964,-0.1567719002446722,0.35394070642873254,-0.40232811688548653,0.7268691771157383,-0.5838921389817238,0.5470326023956453,-0.7708440423140331,0.5514056569457494
Gr33d,LN_4,0.0,1.0,0.0,4.0,4.0,0.0,0.0,4.0,0.0,8.0,0.0,9.0,-0.5213545356931549,-0.010396507098632643,-0.26781201879710753,-0.19363607871467964,-0.1567719002446722,-0.13060376374971805,-0.40232811688548653,0.31717294278934566,-0.5838921389817238,0.8490108674652151,-0.7708440423140331,1.0
Gr33d,LN_5,8.0,0.0,0.0,8.0,8.0,0.0,1.0,0.0,3.0,0.0,5.0,0.0,0.830960607145205,-0.17879592494840477,-0.26781201879710753,0.6127278425706407,0.6864561995106556,-0.13060376374971805,-0.22703710227480073,-0.2290887029791778,-0.0559280926544825,-0.35890219281306396,0.21295820341598531,-0.3457830291627518
Gr33d,LN_6,0.0,0.0,5.0,8.0,5.0,0.0,0.0,0.0,0.0,0.0,1.0,0.0,-0.5213545356931549,-0.17879592494840477,0.5245704929510846,0.6127278425706407,0.05403512469415976,-0.13060376374971805,-0.40232811688548653,-0.2290887029791778,-0.5838921389817238,-0.35890219281306396,-0.5740835931680295,-0.3457830291627518
Gr33d,LN_8,0.0,0.0,0.0,2.0,2.0,1.0,0.0,0.0,0.0,8.0,0.0,8.0,-0.5213545356931549,-0.17879592494840477,-0.26781201879710753,-0.5968180393573398,-0.5783859501223361,0.030911059643098825,-0.40232811688548653,-0.2290887029791778,-0.5838921389817238,0.8490108674652151,-0.7708440423140331,0.8504685523152498
Gr33d,LP_1,4.0,0.0,4.0,8.0,7.0,0.0,5.0,0.0,7.0,0.0,8.0,0.0,0.15480303572602505,-0.17879592494840477,0.3660939906014462,0.6127278425706407,0.47564917457182365,-0.13060376374971805,0.47412695616794254,-0.2290887029791778,0.6480239691151726,-0.35890219281306396,0.8032395508539963,-0.3457830291627518
Gr33d,LP_2,2.0,0.0,1.0,7.0,7.0,0.0,2.0,0.0,7.0,0.0,7.0,0.0,-0.18327574998356494,-0.17879592494840477,-0.1093355164474691,0.4111368622493106,0.47564917457182365,-0.13060376374971805,-0.051746087664114905,-0.2290887029791778,0.6480239691151726,-0.35890219281306396,0.6064791017079927,-0.3457830291627518
Gr33d,LP_3,9.0,0.0,0.0,8.0,7.0,0.0,7.0,0.0,9.0,0.0,8.0,0.0,1.0,-0.17879592494840477,-0.26781201879710753,0.6127278425706407,0.47564917457182365,-0.13060376374971805,0.8247089853893141,-0.2290887029791778,1.0,-0.35890219281306396,0.8032395508539963,-0.3457830291627518
Gr33d,LP_4,1.0,0.0,2.0,8.0,8.0,0.0,2.0,0.0,7.0,0.0,7.0,0.0,-0.35231514283835996,-0.17879592494840477,0.04914098590216934,0.6127278425706407,0.6864561995106556,-0.13060376374971805,-0.051746087664114905,-0.2290887029791778,0.6480239691151726,-0.35890219281306396,0.6064791017079927,-0.3457830291627518
Gr33d,LP_5,4.0,0.0,3.0,8.0,8.0,0.0,5.0,0.0,6.0,0.0,9.0,0.0,0.15480303572602505,-0.17879592494840477,0.20761748825180776,0.6127278425706407,0.6864561995106556,-0.13060376374971805,0.47412695616794254,-0.2290887029791778,0.4720359536727588,-0.35890219281306396,1.0,-0.3457830291627518
Gr33d,LP_6,0.0,0.0,2.0,9.0,9.0,0.0,1.0,0.0,1.0,0.0,6.0,0.0,-0.5213545356931549,-0.17879592494840477,0.04914098590216934,0.8143188228919708,0.8972632244494876,-0.13060376374971805,-0.22703710227480073,-0.2290887029791778,-0.40790412353931005,-0.35890219281306396,0.409718652561989,-0.3457830291627518
Gr33d,LP_7,9.0,0.0,0.0,5.0,6.0,1.0,6.0,0.0,9.0,1.0,9.0,1.0,1.0,-0.17879592494840477,-0.26781201879710753,0.00795490160665045,0.26484214963299174,0.030911059643098825,0.6494179707786284,-0.2290887029791778,1.0,-0.20791306027827908,1.0,-0.1962515814780016
Gr33d,LP_8,3.0,0.0,1.0,6.0,6.0,0.0,2.0,0.0,6.0,0.0,8.0,0.0,-0.014236357128769955,-0.17879592494840477,-0.1093355164474691,0.20954588192798054,0.26484214963299174,-0.13060376374971805,-0.051746087664114905,-0.2290887029791778,0.4720359536727588,-0.35890219281306396,0.8032395508539963,-0.3457830291627518
Hx7dO,HN_1,0.0,9.0,1.0,2.0,2.0,9.0,0.0,9.0,0.0,9.0,0.0,8.0,-0.9061021753272862,1.0,0.02008477240060741,-0.47011572732922796,-0.5043699340759603,1.0,-0.7737557835842983,1.0,-0.9659367701011111,1.0,-1.0,0.8313965117403586
Hx7dO,HN_4,0.0,7.0,1.0,1.0,1.0,7.0,0.0,9.0,0.0,7.0,0.0,8.0,-0.9061021753272862,0.7226973690514289,0.02008477240060741,-0.6801322598048319,-0.7521849670379801,0.7221077617234347,-0.7737557835842983,1.0,-0.9659367701011111,0.7008044594078956,-1.0,0.8313965117403586
Hx7dO,HN_5,5.0,0.0,0.0,5.0,5.0,0.0,2.0,2.0,2.0,1.0,6.0,1.0,0.15284347763231726,-0.24786183926856983,-0.2248940344992407,0.159933870097584,0.23907516481009922,-0.2505150722445435,-0.3795878316766765,0.03158394406516758,-0.5290619323008642,-0.19678216236841756,0.17341465974220371,-0.34882790607713143
Hx7dO,HN_6,0.0,8.0,2.0,1.0,1.0,9.0,0.0,8.0,0.0,9.0,0.0,6.0,-0.9061021753272862,0.8613486845257144,0.26506357930045554,-0.6801322598048319,-0.7521849670379801,1.0,-0.7737557835842983,0.8616548491521668,-0.9659367701011111,1.0,-1.0,0.4941895352210757
Hx7dO,HN_7,0.0,9.0,1.0,1.0,1.0,1.0,0.0,9.0,0.0,8.0,0.0,9.0,-0.9061021753272862,1.0,0.02008477240060741,-0.6801322598048319,-0.7521849670379801,-0.1115689531062609,-0.7737557835842983,1.0,-0.9659367701011111,0.8504022297039479,-1.0,1.0
Hx7dO,HN_8,1.0,7.0,1.0,2.0,2.0,4.0,0.0,2.0,1.0,7.0,1.0,8.0,-0.6943130447353655,0.7226973690514289,0.02008477240060741,-0.47011572732922796,-0.5043699340759603,0.3052694043085869,-0.7737557835842983,0.03158394406516758,-0.7474993512009876,0.7008044594078956,-0.8044308900429661,0.8313965117403586
Hx7dO,HP_2,8.0,0.0,0.0,5.0,5.0,0.0,8.0,0.0,9.0,0.0,9.0,0.0,0.7882108694080793,-0.24786183926856983,-0.2248940344992407,0.159933870097584,0.23907516481009922,-0.2505150722445435,0.8029160240461891,-0.24510635763049882,1.0,-0.34637993266446976,0.7601219896133056,-0.5174313943367729
Hx7dO,HP_4,9.0,0.0,0.0,6.0,6.0,0.0,9.0,0.0,9.0,0.0,9.0,0.0,1.0,-0.24786183926856983,-0.2248940344992407,0.369950402573188,0.48689019777211906,-0.2505150722445435,1.0,-0.24510635763049882,1.0,-0.34637993266446976,0.7601219896133056,-0.5174313943367729
Hx7dO,HP_5,9.0,0.0,0.0,2.0,2.0,0.0,9.0,0.0,9.0,0.0,9.0,0.0,1.0,-0.24786183926856983,-0.2248940344992407,-0.47011572732922796,-0.5043699340759603,-0.2505150722445435,1.0,-0.24510635763049882,1.0,-0.34637993266446976,0.7601219896133056,-0.5174313943367729
Hx7dO,HP_6,9.0,0.0,0.0,5.0,5.0,0.0,9.0,0.0,9.0,0.0,9.0,0.0,1.0,-0.24786183926856983,-0.2248940344992407,0.159933870097584,0.23907516481009922,-0.2505150722445435,1.0,-0.24510635763049882,1.0,-0.34637993266446976,0.7601219896133056,-0.5174313943367729
Hx7dO,HP_8,9.0,0.0,0.0,3.0,3.0,0.0,9.0,0.0,9.0,0.0,9.0,0.0,1.0,-0.24786183926856983,-0.2248940344992407,-0.260099194853624,-0.25655490111394047,-0.2505150722445435,1.0,-0.24510635763049882,1.0,-0.34637993266446976,0.7601219896133056,-0.5174313943367729
Hx7dO,LN_1,1.0,0.0,5.0,7.0,7.0,0.0,2.0,0.0,1.0,0.0,6.0,1.0,-0.6943130447353655,-0.24786183926856983,1.0,0.579966935048792,0.734705230734139,-0.2505150722445435,-0.3795878316766765,-0.24510635763049882,-0.7474993512009876,-0.34637993266446976,0.17341465974220371,-0.34882790607713143
Hx7dO,LN_2,0.0,0.0,1.0,3.0,3.0,1.0,0.0,0.0,0.0,2.0,1.0,8.0,-0.9061021753272862,-0.24786183926856983,0.02008477240060741,-0.260099194853624,-0.25655490111394047,-0.1115689531062609,-0.7737557835842983,-0.24510635763049882,-0.9659367701011111,-0.04718439207236536,-0.8044308900429661,0.8313965117403586
Hx7dO,LN_3,0.0,9.0,0.0,1.0,1.0,9.0,0.0,1.0,0.0,7.0,0.0,9.0,-0.9061021753272862,1.0,-0.2248940344992407,-0.6801322598048319,-0.7521849670379801,1.0,-0.7737557835842983,-0.10676120678266561,-0.9659367701011111,0.7008044594078956,-1.0,1.0
Hx7dO,LN_4,0.0,0.0,0.0,1.0,1.0,0.0,0.0,0.0,0.0,2.0,1.0,9.0,-0.9061021753272862,-0.24786183926856983,-0.2248940344992407,-0.6801322598048319,-0.7521849670379801,-0.2505150722445435,-0.7737557835842983,-0.24510635763049882,-0.9659367701011111,-0.04718439207236536,-0.8044308900429661,1.0
Hx7dO,LN_5,1.0,0.0,0.0,7.0,7.0,0.0,3.0,0.0,1.0,3.0,2.0,7.0,-0.6943130447353655,-0.24786183926856983,-0.2248940344992407,0.579966935048792,0.734705230734139,-0.2505150722445435,-0.18250385572286557,-0.24510635763049882,-0.7474993512009876,0.10241337822368682,-0.6088617800859321,0.6627930234807171
Hx7dO,LN_6,1.0,6.0,1.0,5.0,5.0,6.0,1.0,1.0,1.0,1.0,7.0,8.0,-0.6943130447353655,0.5840460535771433,0.02008477240060741,0.159933870097584,0.23907516481009922,0.5831616425851521,-0.5766718076304874,-0.10676120678266561,-0.7474993512009876,-0.19678216236841756,0.3689837696992377,0.8313965117403586
Hx7dO,LN_8,0.0,0.0,1.0,1.0,1.0,1.0,0.0,5.0,0.0,7.0,1.0,9.0,-0.9061021753272862,-0.24786183926856983,0.02008477240060741,-0.6801322598048319,-0.7521849670379801,-0.1115689531062609,-0.7737557835842983,0.4466193966086672,-0.9659367701011111,0.7008044594078956,-0.8044308900429661,1.0
Hx7dO,LP_1,8.0,0.0,0.0,8.0,8.0,0.0,9.0,0.0,9.0,0.0,9.0,0.0,0.7882108694080793,-0.24786183926856983,-0.2248940344992407,0.789983467524396,0.9825202636961587,-0.2505150722445435,1.0,-0.24510635763049882,1.0,-0.34637993266446976,0.7601219896133056,-0.5174313943367729
Hx7dO,LP_2,9.0,0.0,1.0,6.0,6.0,0.0,0.0,0.0,9.0,0.0,9.0,0.0,1.0,-0.24786183926856983,0.02008477240060741,0.369950402573188,0.48689019777211906,-0.2505150722445435,-0.7737557835842983,-0.24510635763049882,1.0,-0.34637993266446976,0.7601219896133056,-0.5174313943367729
Hx7dO,LP_3,9.0,0.0,1.0,8.0,8.0,0.0,9.0,0.0,9.0,0.0,9.0,0.0,1.0,-0.24786183926856983,0.02008477240060741,0.789983467524396,0.9825202636961587,-0.2505150722445435,1.0,-0.24510635763049882,1.0,-0.34637993266446976,0.7601219896133056,-0.5174313943367729
Hx7dO,LP_4,8.0,0.0,0.0,9.0,8.0,0.0,8.0,0.0,9.0,0.0,9.0,0.0,0.7882108694080793,-0.24786183926856983,-0.2248940344992407,1.0,0.9825202636961587,-0.2505150722445435,0.8029160240461891,-0.24510635763049882,1.0,-0.34637993266446976,0.7601219896133056,-0.5174313943367729
Hx7dO,LP_5,8.0,0.0,0.0,8.0,8.0,0.0,8.0,0.0,9.0,0.0,9.0,0.0,0.7882108694080793,-0.24786183926856983,-0.2248940344992407,0.789983467524396,0.9825202636961587,-0.2505150722445435,0.8029160240461891,-0.24510635763049882,1.0,-0.34637993266446976,0.7601219896133056,-0.5174313943367729
Hx7dO,LP_6,6.0,0.0,0.0,9.0,8.0,0.0,7.0,0.0,8.0,0.0,9.0,0.0,0.36463260822423793,-0.24786183926856983,-0.2248940344992407,1.0,0.9825202636961587,-0.2505150722445435,0.6058320480923781,-0.24510635763049882,0.7815625810998765,-0.34637993266446976,0.7601219896133056,-0.5174313943367729
Hx7dO,LP_7,7.0,0.0,1.0,7.0,3.0,0.0,8.0,0.0,9.0,0.0,9.0,0.0,0.5764217388161587,-0.24786183926856983,0.02008477240060741,0.579966935048792,-0.25655490111394047,-0.2505150722445435,0.8029160240461891,-0.24510635763049882,1.0,-0.34637993266446976,0.7601219896133056,-0.5174313943367729
Hx7dO,LP_8,7.0,0.0,3.0,8.0,8.0,0.0,7.0,0.0,8.0,0.0,8.0,0.0,0.5764217388161587,-0.24786183926856983,0.5100423862003036,0.789983467524396,0.9825202636961587,-0.2505150722445435,0.6058320480923781,-0.24510635763049882,0.7815625810998765,-0.34637993266446976,0.5645528796562717,-0.5174313943367729
Kgh4P3,HN_1,0.0,4.0,0.0,0.0,0.0,4.0,0.0,8.0,0.0,6.0,0.0,3.0,-0.7144975791907856,0.3731762835870503,-0.06359021564303162,-1.0,-1.0,0.29003460354174176,-0.624515887346902,0.8620654523425275,-0.8249946803584898,0.5273850594260676,-0.8203731750719158,-0.042687978357574825
Kgh4P3,HN_4,5.0,0.0,0.0,5.0,5.0,0.0,4.0,0.0,4.0,6.0,5.0,6.0,0.2380010759152064,-0.12828268954330943,-0.06359021564303162,0.024491396697711505,0.06838418127996065,-0.2779377136248649,0.18774205632654906,-0.24141092891725213,-0.013885933532494317,0.5273850594260676,0.19094525552359298,0.4786560108212126
Kgh4P3,HN_5,1.0,7.0,0.0,1.0,1.0,6.0,2.0,8.0,1.0,8.0,2.0,8.0,-0.5239978481695873,0.7492705134348201,-0.06359021564303162,-0.7951017206604577,-0.7863231637440079,0.574020762125045,-0.21838691551017644,0.8620654523425275,-0.6222174936519909,0.8424616864753558,-0.4158458028337123,0.8262186702737375
Kgh4P3,HN_6,0.0,9.0,0.0,0.0,0.0,9.0,0.0,9.0,0.0,9.0,0.0,9.0,-0.7144975791907856,1.0,-0.06359021564303162,-1.0,-1.0,1.0,-0.624515887346902,1.0,-0.8249946803584898,1.0,-0.8203731750719158,1.0
Kgh4P3,HN_7,0.0,0.0,0.0,1.0,0.0,9.0,0.0,0.0,0.0,9.0,0.0,9.0,-0.7144975791907856,-0.12828268954330943,-0.06359021564303162,-0.7951017206604577,-1.0,1.0,-0.624515887346902,-0.24141092891725213,-0.8249946803584898,1.0,-0.8203731750719158,1.0
Kgh4P3,HN_8,0.0,1.0,0.0,1.0,1.0,8.0,0.0,1.0,0.0,8.0,0.0,9.0,-0.7144975791907856,-0.0029179462607194944,-0.06359021564303162,-0.7951017206604577,-0.7863231637440079,0.8580069207083484,-0.624515887346902,-0.10347638125977966,-0.8249946803584898,0.8424616864753558,-0.8203731750719158,1.0
Kgh4P3,HP_2,9.0,0.0,0.0,9.0,9.0,0.0,7.0,0.0,9.0,0.0,8.0,0.0,1.0,-0.12828268954330943,-0.06359021564303162,0.8440845140558807,0.9230915263039292,-0.2779377136248649,0.7969355140816373,-0.24141092891725213,1.0,-0.4178448217217973,0.7977363138808983,-0.5640319675363623
Kgh4P3,HP_4,9.0,0.0,0.0,7.0,8.0,0.0,7.0,0.0,9.0,0.0,8.0,0.0,1.0,-0.12828268954330943,-0.06359021564303162,0.4342879553767961,0.709414690047937,-0.2779377136248649,0.7969355140816373,-0.24141092891725213,1.0,-0.4178448217217973,0.7977363138808983,-0.5640319675363623
Kgh4P3,HP_5,6.0,1.0,1.0,6.0,6.0,1.0,2.0,1.0,5.0,1.0,4.0,1.0,0.4285008069364048,-0.0029179462607194944,0.05458647498397191,0.2293896760372538,0.2820610175359528,-0.13594463433321324,-0.21838691551017644,-0.10347638125977966,0.18889125317400454,-0.2603065081971532,-0.011318430595508775,-0.3902506378100998
Kgh4P3,HP_6,8.0,0.0,0.0,8.0,8.0,0.0,3.0,0.0,7.0,0.0,5.0,0.0,0.8095002689788016,-0.12828268954330943,-0.06359021564303162,0.6391862347163384,0.709414690047937,-0.2779377136248649,-0.01532242959181369,-0.24141092891725213,0.5944456265870023,-0.4178448217217973,0.19094525552359298,-0.5640319675363623
Kgh4P3,HP_8,8.0,0.0,0.0,7.0,7.0,0.0,5.0,0.0,7.0,0.0,5.0,0.0,0.8095002689788016,-0.12828268954330943,-0.06359021564303162,0.4342879553767961,0.4957378537919449,-0.2779377136248649,0.39080654224491185,-0.24141092891725213,0.5944456265870023,-0.4178448217217973,0.19094525552359298,-0.5640319675363623
Kgh4P3,LN_1,0.0,3.0,9.0,2.0,2.0,3.0,0.0,0.0,0.0,7.0,0.0,7.0,-0.7144975791907856,0.2478115403044604,1.0,-0.5902034413209154,-0.5726463274880157,0.14804152425009007,-0.624515887346902,-0.24141092891725213,-0.8249946803584898,0.6849233729507117,-0.8203731750719158,0.6524373405474752
Kgh4P3,LN_2,0.0,1.0,0.0,1.0,1.0,1.0,0.0,8.0,0.0,6.0,0.0,7.0,-0.7144975791907856,-0.0029179462607194944,-0.06359021564303162,-0.7951017206604577,-0.7863231637440079,-0.13594463433321324,-0.624515887346902,0.8620654523425275,-0.8249946803584898,0.5273850594260676,-0.8203731750719158,0.6524373405474752
Kgh4P3,LN_3,0.0,6.0,0.0,5.0,2.0,8.0,0.0,7.0,0.0,7.0,2.0,8.0,-0.7144975791907856,0.6239057701522301,-0.06359021564303162,0.024491396697711505,-0.5726463274880157,0.8580069207083484,-0.624515887346902,0.724130904685055,-0.8249946803584898,0.6849233729507117,-0.4158458028337123,0.8262186702737375
Kgh4P3,LN_4,0.0,4.0,0.0,9.0,7.0,7.0,0.0,0.0,0.0,3.0,4.0,8.0,-0.7144975791907856,0.3731762835870503,-0.06359021564303162,0.8440845140558807,0.4957378537919449,0.7160138414166967,-0.624515887346902,-0.24141092891725213,-0.8249946803584898,0.05477011885213514,-0.011318430595508775,0.8262186702737375
Kgh4P3,LN_5,1.0,0.0,0.0,7.0,7.0,0.0,3.0,0.0,3.0,1.0,3.0,5.0,-0.5239978481695873,-0.12828268954330943,-0.06359021564303162,0.4342879553767961,0.4957378537919449,-0.2779377136248649,-0.01532242959181369,-0.24141092891725213,-0.21666312023899317,-0.2603065081971532,-0.21358211671461053,0.30487468109495014
Kgh4P3,LN_6,2.0,0.0,0.0,5.0,5.0,0.0,2.0,0.0,2.0,7.0,2.0,7.0,-0.33349811714838884,-0.12828268954330943,-0.06359021564303162,0.024491396697711505,0.06838418127996065,-0.2779377136248649,-0.21838691551017644,-0.24141092891725213,-0.41944030694549206,0.6849233729507117,-0.4158458028337123,0.6524373405474752
Kgh4P3,LN_8,0.0,0.0,0.0,4.0,4.0,0.0,0.0,4.0,0.0,1.0,0.0,9.0,-0.7144975791907856,-0.12828268954330943,-0.06359021564303162,-0.1804068826418308,-0.14529265497603147,-0.2779377136248649,-0.624515887346902,0.31032726171263775,-0.8249946803584898,-0.2603065081971532,-0.8203731750719158,1.0
Kgh4P3,LP_1,9.0,0.0,0.0,8.0,8.0,0.0,7.0,0.0,9.0,0.0,8.0,0.0,1.0,-0.12828268954330943,-0.06359021564303162,0.6391862347163384,0.709414690047937,-0.2779377136248649,0.7969355140816373,-0.24141092891725213,1.0,-0.4178448217217973,0.7977363138808983,-0.5640319675363623
Kgh4P3,LP_2,6.0,0.0,0.0,7.0,7.0,0.0,7.0,0.0,8.0,0.0,8.0,0.0,0.4285008069364048,-0.12828268954330943,-0.06359021564303162,0.4342879553767961,0.4957378537919449,-0.2779377136248649,0.7969355140816373,-0.24141092891725213,0.7972228132935011,-0.4178448217217973,0.7977363138808983,-0.5640319675363623
Kgh4P3,LP_3,7.0,0.0,0.0,7.0,7.0,0.0,5.0,0.0,7.0,0.0,7.0,0.0,0.6190005379576032,-0.12828268954330943,-0.06359021564303162,0.4342879553767961,0.4957378537919449,-0.2779377136248649,0.39080654224491185,-0.24141092891725213,0.5944456265870023,-0.4178448217217973,0.5954726277617964,-0.5640319675363623
Kgh4P3,LP_4,7.0,0.0,0.0,8.0,4.0,7.0,5.0,0.0,7.0,7.0,5.0,7.0,0.6190005379576032,-0.12828268954330943,-0.06359021564303162,0.6391862347163384,-0.14529265497603147,0.7160138414166967,0.39080654224491185,-0.24141092891725213,0.5944456265870023,0.6849233729507117,0.19094525552359298,0.6524373405474752
Kgh4P3,LP_5,8.0,0.0,0.0,8.0,8.0,0.0,6.0,0.0,8.0,0.0,7.0,0.0,0.8095002689788016,-0.12828268954330943,-0.06359021564303162,0.6391862347163384,0.709414690047937,-0.2779377136248649,0.5938710281632745,-0.24141092891725213,0.7972228132935011,-0.4178448217217973,0.5954726277617964,-0.5640319675363623
Kgh4P3,LP_6,1.0,0.0,0.0,7.0,7.0,0.0,5.0,0.0,7.0,0.0,6.0,0.0,-0.5239978481695873,-0.12828268954330943,-0.06359021564303162,0.4342879553767961,0.4957378537919449,-0.2779377136248649,0.39080654224491185,-0.24141092891725213,0.5944456265870023,-0.4178448217217973,0.3932089416426947,-0.5640319675363623
Kgh4P3,LP_7,5.0,0.0,0.0,6.0,6.0,0.0,7.0,0.0,8.0,0.0,9.0,0.0,0.2380010759152064,-0.12828268954330943,-0.06359021564303162,0.2293896760372538,0.2820610175359528,-0.2779377136248649,0.7969355140816373,-0.24141092891725213,0.7972228132935011,-0.4178448217217973,1.0,-0.5640319675363623
Kgh4P3,LP_8,7.0,0.0,0.0,7.0,7.0,0.0,3.0,0.0,7.0,0.0,7.0,0.0,0.6190005379576032,-0.12828268954330943,-0.06359021564303162,0.4342879553767961,0.4957378537919449,-0.2779377136248649,-0.01532242959181369,-0.24141092891725213,0.5944456265870023,-0.4178448217217973,0.5954726277617964,-0.5640319675363623
SI3pa2,HN_1,0.0,9.0,0.0,0.0,0.0,9.0,0.0,9.0,0.0,9.0,0.0,9.0,-0.7878814827166829,1.0,-0.15798409371529942,-1.0,-0.7789797641997144,1.0,-0.6699793208632145,1.0,-0.6899520573257566,1.0,-0.9523785738425673,1.0
SI3pa2,HN_4,0.0,4.0,0.0,0.0,0.0,0.0,0.0,1.0,0.0,9.0,0.0,9.0,-0.7878814827166829,0.41888966417977214,-0.15798409371529942,-1.0,-0.7789797641997144,-0.08442771668025545,-0.6699793208632145,-0.03567894461784688,-0.6899520573257566,1.0,-0.9523785738425673,1.0
SI3pa2,HN_5,0.0,1.0,0.0,0.0,0.0,9.0,0.0,9.0,0.0,9.0,0.0,6.0,-0.7878814827166829,0.07022346268763531,-0.15798409371529942,-1.0,-0.7789797641997144,1.0,-0.6699793208632145,1.0,-0.6899520573257566,1.0,-0.9523785738425673,0.5275426382586701
SI3pa2,HN_6,0.0,0.0,1.0,3.0,0.0,0.0,0.0,0.0,0.0,4.0,1.0,5.0,-0.7878814827166829,-0.04599860447641028,-0.013236082000887009,-0.4277189944351224,-0.7789797641997144,-0.08442771668025545,-0.6699793208632145,-0.16513881269507774,-0.6899520573257566,0.3066521822091941,-0.7354476211933932,0.3700568510115601
SI3pa2,HN_7,0.0,0.0,0.0,0.0,0.0,0.0,0.0,9.0,0.0,9.0,0.0,9.0,-0.7878814827166829,-0.04599860447641028,-0.15798409371529942,-1.0,-0.7789797641997144,-0.08442771668025545,-0.6699793208632145,1.0,-0.6899520573257566,1.0,-0.9523785738425673,1.0
SI3pa2,HN_8,0.0,0.0,0.0,6.0,1.0,4.0,0.0,0.0,0.0,7.0,0.0,8.0,-0.7878814827166829,-0.04599860447641028,-0.15798409371529942,0.14456201112975514,-0.5813153459553017,0.3975401573998581,-0.6699793208632145,-0.16513881269507774,-0.6899520573257566,0.7226608728836776,-0.9523785738425673,0.8425142127528901
SI3pa2,HP_2,9.0,0.0,0.0,9.0,9.0,0.0,9.0,0.0,9.0,0.0,9.0,0.0,1.0,-0.04599860447641028,-0.15798409371529942,0.7168430166946327,1.0,-0.08442771668025545,1.0,-0.16513881269507774,1.0,-0.24802607202345062,1.0,-0.41737208522398983
SI3pa2,HP_4,6.0,0.0,2.0,6.0,6.0,0.0,6.0,0.0,6.0,0.0,7.0,0.0,0.4040395057611057,-0.04599860447641028,0.1315119297135254,0.14456201112975514,0.40700674526676184,-0.08442771668025545,0.4433402263789285,-0.16513881269507774,0.4366826475580811,-0.24802607202345062,0.5661380947016517,-0.41737208522398983
SI3pa2,HP_5,6.0,0.0,3.0,6.0,6.0,0.0,6.0,0.0,6.0,0.0,6.0,0.0,0.4040395057611057,-0.04599860447641028,0.2762599414279378,0.14456201112975514,0.40700674526676184,-0.08442771668025545,0.4433402263789285,-0.16513881269507774,0.4366826475580811,-0.24802607202345062,0.34920714205247755,-0.41737208522398983
SI3pa2,HP_6,1.0,0.0,0.0,6.0,0.0,0.0,6.0,0.0,0.0,0.0,6.0,0.0,-0.5892279846370515,-0.04599860447641028,-0.15798409371529942,0.14456201112975514,-0.7789797641997144,-0.08442771668025545,0.4433402263789285,-0.16513881269507774,-0.6899520573257566,-0.24802607202345062,0.34920714205247755,-0.41737208522398983
SI3pa2,HP_8,8.0,0.0,3.0,8.0,4.0,0.0,6.0,0.0,6.0,0.0,8.0,0.0,0.8013465019203686,-0.04599860447641028,0.2762599414279378,0.5260826815063402,0.011677908777936417,-0.08442771668025545,0.4433402263789285,-0.16513881269507774,0.4366826475580811,-0.24802607202345062,0.7830690473508258,-0.41737208522398983
SI3pa2,LN_1,2.0,0.0,8.0,7.0,4.0,0.0,2.0,0.0,2.0,0.0,5.0,0.0,-0.39057448655742005,-0.04599860447641028,1.0,0.3353223463180477,0.011677908777936417,-0.08442771668025545,-0.29887280511583353,-0.16513881269507774,-0.3144071556978107,-0.24802607202345062,0.1322761894033034,-0.41737208522398983
SI3pa2,LN_2,0.0,0.0,1.0,7.0,0.0,0.0,0.0,0.0,0.0,8.0,2.0,7.0,-0.7878814827166829,-0.04599860447641028,-0.013236082000887009,0.3353223463180477,-0.7789797641997144,-0.08442771668025545,-0.6699793208632145,-0.16513881269507774,-0.6899520573257566,0.8613304364418388,-0.5185166685442191,0.68502842550578
SI3pa2,LN_3,0.0,0.0,0.0,3.0,0.0,0.0,0.0,0.0,0.0,1.0,0.0,8.0,-0.7878814827166829,-0.04599860447641028,-0.15798409371529942,-0.4277189944351224,-0.7789797641997144,-0.08442771668025545,-0.6699793208632145,-0.16513881269507774,-0.6899520573257566,-0.10935650846528942,-0.9523785738425673,0.8425142127528901
SI3pa2,LN_4,6.0,0.0,0.0,8.0,4.0,0.0,0.0,0.0,0.0,0.0,6.0,9.0,0.4040395057611057,-0.04599860447641028,-0.15798409371529942,0.5260826815063402,0.011677908777936417,-0.08442771668025545,-0.6699793208632145,-0.16513881269507774,-0.6899520573257566,-0.24802607202345062,0.34920714205247755,1.0
SI3pa2,LN_5,0.0,0.0,3.0,0.0,0.0,0.0,0.0,0.0,0.0,0.0,0.0,5.0,-0.7878814827166829,-0.04599860447641028,0.2762599414279378,-1.0,-0.7789797641997144,-0.08442771668025545,-0.6699793208632145,-0.16513881269507774,-0.6899520573257566,-0.24802607202345062,-0.9523785738425673,0.3700568510115601
SI3pa2,LN_6,0.0,0.0,2.0,7.0,1.0,0.0,0.0,0.0,0.0,0.0,0.0,7.0,-0.7878814827166829,-0.04599860447641028,0.1315119297135254,0.3353223463180477,-0.5813153459553017,-0.08442771668025545,-0.6699793208632145,-0.16513881269507774,-0.6899520573257566,-0.24802607202345062,-0.9523785738425673,0.68502842550578
SI3pa2,LN_8,0.0,0.0,0.0,3.0,0.0,0.0,0.0,0.0,0.0,0.0,0.0,5.0,-0.7878814827166829,-0.04599860447641028,-0.15798409371529942,-0.4277189944351224,-0.7789797641997144,-0.08442771668025545,-0.6699793208632145,-0.16513881269507774,-0.6899520573257566,-0.24802607202345062,-0.9523785738425673,0.3700568510115601
SI3pa2,LP_1,9.0,0.0,0.0,9.0,9.0,0.0,9.0,0.0,9.0,0.0,9.0,0.0,1.0,-0.04599860447641028,-0.15798409371529942,0.7168430166946327,1.0,-0.08442771668025545,1.0,-0.16513881269507774,1.0,-0.24802607202345062,1.0,-0.41737208522398983
SI3pa2,LP_2,9.0,0.0,0.0,9.0,9.0,0.0,9.0,0.0,9.0,0.0,9.0,0.0,1.0,-0.04599860447641028,-0.15798409371529942,0.7168430166946327,1.0,-0.08442771668025545,1.0,-0.16513881269507774,1.0,-0.24802607202345062,1.0,-0.41737208522398983
SI3pa2,LP_3,9.0,0.0,0.0,9.0,9.0,0.0,9.0,0.0,9.0,0.0,9.0,0.0,1.0,-0.04599860447641028,-0.15798409371529942,0.7168430166946327,1.0,-0.08442771668025545,1.0,-0.16513881269507774,1.0,-0.24802607202345062,1.0,-0.41737208522398983
SI3pa2,LP_4,5.0,0.0,3.0,5.0,5.0,0.0,5.0,0.0,5.0,0.0,5.0,0.0,0.20538600768147428,-0.04599860447641028,0.2762599414279378,-0.046198324058537375,0.20934232702234912,-0.08442771668025545,0.25778696850523797,-0.16513881269507774,0.24891019674410816,-0.24802607202345062,0.1322761894033034,-0.41737208522398983
SI3pa2,LP_5,9.0,0.0,0.0,9.0,9.0,0.0,9.0,0.0,9.0,0.0,9.0,0.0,1.0,-0.04599860447641028,-0.15798409371529942,0.7168430166946327,1.0,-0.08442771668025545,1.0,-0.16513881269507774,1.0,-0.24802607202345062,1.0,-0.41737208522398983
SI3pa2,LP_6,9.0,0.0,0.0,9.0,9.0,0.0,6.0,0.0,6.0,0.0,9.0,0.0,1.0,-0.04599860447641028,-0.15798409371529942,0.7168430166946327,1.0,-0.08442771668025545,0.4433402263789285,-0.16513881269507774,0.4366826475580811,-0.24802607202345062,1.0,-0.41737208522398983
SI3pa2,LP_7,9.0,0.0,0.0,9.0,9.0,0.0,8.0,0.0,8.0,0.0,9.0,0.0,1.0,-0.04599860447641028,-0.15798409371529942,0.7168430166946327,1.0,-0.08442771668025545,0.8144467421263095,-0.16513881269507774,0.812227549186027,-0.24802607202345062,1.0,-0.41737208522398983
SI3pa2,LP_8,9.0,0.0,0.0,9.0,9.0,0.0,9.0,0.0,9.0,0.0,9.0,0.0,1.0,-0.04599860447641028,-0.15798409371529942,0.7168430166946327,1.0,-0.08442771668025545,1.0,-0.16513881269507774,1.0,-0.24802607202345062,1.0,-0.41737208522398983
V9D5x,HN_1,0.0,7.0,0.0,0.0,0.0,9.0,0.0,9.0,0.0,9.0,0.0,8.0,-0.6339496229546162,0.8382705388579718,-0.26420757227577035,-1.0,-1.0,1.0,-0.7566438787353366,1.0,-0.6399402714398204,1.0,-0.7656870025253474,1.0
V9D5x,HN_4,0.0,3.0,2.0,1.0,0.0,2.0,0.0,5.0,0.0,7.0,0.0,3.0,-0.6339496229546162,0.19135269428985877,0.01672744378551193,-0.7125629010928632,-1.0,0.06131026311629372,-0.7566438787353366,0.4318335949564974,-0.6399402714398204,0.6622713605510325,-0.7656870025253474,0.10920080151526704
V9D5x,HN_5,0.0,7.0,0.0,0.0,0.0,4.0,0.0,6.0,0.0,7.0,0.0,7.0,-0.6339496229546162,0.8382705388579718,-0.26420757227577035,-1.0,-1.0,0.3295073307973526,-0.7566438787353366,0.573875196217373,-0.6399402714398204,0.6622713605510325,-0.7656870025253474,0.8218401603030534
V9D5x,HN_6,0.0,7.0,1.0,2.0,1.0,4.0,0.0,4.0,0.0,7.0,0.0,7.0,-0.6339496229546162,0.8382705388579718,-0.12374006424512922,-0.4251258021857265,-0.6878977768390455,0.3295073307973526,-0.7566438787353366,0.2897919936956218,-0.6399402714398204,0.6622713605510325,-0.7656870025253474,0.8218401603030534
V9D5x,HN_7,0.0,2.0,3.0,2.0,2.0,1.0,0.0,4.0,0.0,5.0,2.0,3.0,-0.6339496229546162,0.029623233147830514,0.1571949518161531,-0.4251258021857265,-0.375795553678091,-0.07278827072423576,-0.7566438787353366,0.2897919936956218,-0.6399402714398204,0.324542721102065,-0.32426525189401056,0.10920080151526704
V9D5x,HN_8,2.0,3.0,0.0,4.0,3.0,1.0,2.0,1.0,2.0,6.0,2.0,5.0,-0.23481689062982447,0.19135269428985877,-0.26420757227577035,0.14974839562854708,-0.06369333051713649,-0.07278827072423576,-0.17109591915689104,-0.1363328100870051,-0.2299552035798653,0.49340704082654874,-0.32426525189401056,0.4655204809091602
V9D5x,HP_2,6.0,0.0,1.0,5.0,5.0,0.0,4.0,0.0,6.0,1.0,6.0,0.0,0.563448574019759,-0.293835689136226,-0.12374006424512922,0.43718549453568384,0.5605111158047725,-0.20688680456476521,0.4144520404215545,-0.2783744113478807,0.5900149321400449,-0.35091455779586994,0.5585782493686632,-0.42527871757557273
V9D5x,HP_4,6.0,0.0,4.0,4.0,4.0,0.0,4.0,0.0,5.0,2.0,6.0,2.0,0.563448574019759,-0.293835689136226,0.29766245984679424,0.14974839562854708,0.24840889264381802,-0.20688680456476521,0.4144520404215545,-0.2783744113478807,0.38502239821006734,-0.1820502380713862,0.5585782493686632,-0.06895903818167956
V9D5x,HP_5,5.0,0.0,1.0,5.0,4.0,0.0,4.0,0.0,4.0,0.0,4.0,0.0,0.36388220785736314,-0.293835689136226,-0.12374006424512922,0.43718549453568384,0.24840889264381802,-0.20688680456476521,0.4144520404215545,-0.2783744113478807,0.1800298642800898,-0.5197788775203537,0.11715649873732631,-0.42527871757557273
V9D5x,HP_6,4.0,1.0,2.0,4.0,4.0,1.0,4.0,1.0,4.0,3.0,4.0,1.0,0.16431584169496727,-0.13210622799419774,0.01672744378551193,0.14974839562854708,0.24840889264381802,-0.07278827072423576,0.4144520404215545,-0.1363328100870051,0.1800298642800898,-0.013185918346902472,0.11715649873732631,-0.24711887787862616
V9D5x,HP_8,7.0,0.0,4.0,4.0,4.0,0.0,4.0,0.0,4.0,2.0,6.0,2.0,0.7630149401821549,-0.293835689136226,0.29766245984679424,0.14974839562854708,0.24840889264381802,-0.20688680456476521,0.4144520404215545,-0.2783744113478807,0.1800298642800898,-0.1820502380713862,0.5585782493686632,-0.06895903818167956
V9D5x,LN_1,0.0,2.0,9.0,4.0,4.0,2.0,2.0,2.0,2.0,3.0,2.0,2.0,-0.6339496229546162,0.029623233147830514,1.0,0.14974839562854708,0.24840889264381802,0.06131026311629372,-0.17109591915689104,0.005708791173870536,-0.2299552035798653,-0.013185918346902472,-0.32426525189401056,-0.06895903818167956
V9D5x,LN_2,1.0,7.0,2.0,3.0,1.0,5.0,1.0,0.0,1.0,6.0,1.0,7.0,-0.43438325679222034,0.8382705388579718,0.01672744378551193,-0.1376887032785897,-0.6878977768390455,0.4636058646378821,-0.4638698989461138,-0.2783744113478807,-0.43494773750984284,0.49340704082654874,-0.5449761272096789,0.8218401603030534
V9D5x,LN_3,0.0,8.0,0.0,3.0,2.0,8.0,0.0,7.0,0.0,8.0,0.0,8.0,-0.6339496229546162,1.0,-0.26420757227577035,-0.1376887032785897,-0.375795553678091,0.8659014661594705,-0.7566438787353366,0.7159167974782488,-0.6399402714398204,0.8311356802755162,-0.7656870025253474,1.0
V9D5x,LN_4,0.0,4.0,1.0,1.0,0.0,0.0,0.0,1.0,0.0,8.0,0.0,8.0,-0.6339496229546162,0.353082155431887,-0.12374006424512922,-0.7125629010928632,-1.0,-0.20688680456476521,-0.7566438787353366,-0.1363328100870051,-0.6399402714398204,0.8311356802755162,-0.7656870025253474,1.0
V9D5x,LN_5,3.0,0.0,4.0,4.0,4.0,0.0,4.0,0.0,4.0,4.0,4.0,2.0,-0.035250524467428594,-0.293835689136226,0.29766245984679424,0.14974839562854708,0.24840889264381802,-0.20688680456476521,0.4144520404215545,-0.2783744113478807,0.1800298642800898,0.15567840137758127,0.11715649873732631,-0.06895903818167956
V9D5x,LN_6,4.0,4.0,4.0,4.0,4.0,4.0,4.0,4.0,4.0,3.0,4.0,4.0,0.16431584169496727,0.353082155431887,0.29766245984679424,0.14974839562854708,0.24840889264381802,0.3295073307973526,0.4144520404215545,0.2897919936956218,0.1800298642800898,-0.013185918346902472,0.11715649873732631,0.2873606412122136
V9D5x,LN_8,4.0,4.0,4.0,4.0,4.0,4.0,4.0,4.0,4.0,4.0,4.0,4.0,0.16431584169496727,0.353082155431887,0.29766245984679424,0.14974839562854708,0.24840889264381802,0.3295073307973526,0.4144520404215545,0.2897919936956218,0.1800298642800898,0.15567840137758127,0.11715649873732631,0.2873606412122136
V9D5x,LP_1,4.0,1.0,3.0,4.0,4.0,1.0,4.0,1.0,4.0,1.0,4.0,1.0,0.16431584169496727,-0.13210622799419774,0.1571949518161531,0.14974839562854708,0.24840889264381802,-0.07278827072423576,0.4144520404215545,-0.1363328100870051,0.1800298642800898,-0.35091455779586994,0.11715649873732631,-0.24711887787862616
V9D5x,LP_2,6.0,0.0,0.0,5.0,5.0,0.0,6.0,0.0,8.0,0.0,8.0,0.0,0.563448574019759,-0.293835689136226,-0.26420757227577035,0.43718549453568384,0.5605111158047725,-0.20688680456476521,1.0,-0.2783744113478807,1.0,-0.5197788775203537,1.0,-0.42527871757557273
V9D5x,LP_3,4.0,0.0,5.0,5.0,5.0,0.0,2.0,0.0,5.0,1.0,5.0,0.0,0.16431584169496727,-0.293835689136226,0.4381299678774354,0.43718549453568384,0.5605111158047725,-0.20688680456476521,-0.17109591915689104,-0.2783744113478807,0.38502239821006734,-0.35091455779586994,0.3378673740529947,-0.42527871757557273
V9D5x,LP_4,2.0,0.0,2.0,4.0,4.0,0.0,3.0,0.0,3.0,2.0,3.0,0.0,-0.23481689062982447,-0.293835689136226,0.01672744378551193,0.14974839562854708,0.24840889264381802,-0.20688680456476521,0.12167806063233172,-0.2783744113478807,-0.02496266964988774,-0.1820502380713862,-0.10355437657834211,-0.42527871757557273
V9D5x,LP_5,6.0,0.0,1.0,6.0,6.0,0.0,4.0,0.0,7.0,0.0,7.0,0.0,0.563448574019759,-0.293835689136226,-0.12374006424512922,0.7246225934428207,0.872613338965727,-0.20688680456476521,0.4144520404215545,-0.2783744113478807,0.7950074660700225,-0.5197788775203537,0.7792891246843315,-0.42527871757557273
V9D5x,LP_6,4.0,1.0,1.0,4.0,4.0,1.0,4.0,1.0,4.0,1.0,4.0,1.0,0.16431584169496727,-0.13210622799419774,-0.12374006424512922,0.14974839562854708,0.24840889264381802,-0.07278827072423576,0.4144520404215545,-0.1363328100870051,0.1800298642800898,-0.35091455779586994,0.11715649873732631,-0.24711887787862616
V9D5x,LP_7,0.0,0.0,2.0,4.0,4.0,0.0,1.0,0.0,2.0,1.0,5.0,2.0,-0.6339496229546162,-0.293835689136226,0.01672744378551193,0.14974839562854708,0.24840889264381802,-0.20688680456476521,-0.4638698989461138,-0.2783744113478807,-0.2299552035798653,-0.35091455779586994,0.3378673740529947,-0.06895903818167956
V9D5x,LP_8,6.0,0.0,0.0,6.0,6.0,0.0,4.0,0.0,6.0,0.0,7.0,0.0,0.563448574019759,-0.293835689136226,-0.26420757227577035,0.7246225934428207,0.872613338965727,-0.20688680456476521,0.4144520404215545,-0.2783744113478807,0.5900149321400449,-0.5197788775203537,0.7792891246843315,-0.42527871757557273
sop2d,HN_1,0.0,8.0,0.0,0.0,0.0,9.0,0.0,9.0,0.0,9.0,0.0,8.0,-0.5572907344779032,1.0,-0.16791672572872587,-1.0,-0.6138424300090976,1.0,-0.2950547204667534,1.0,-0.5678298444243431,1.0,-0.5657503708064474,0.848456542133465
sop2d,HN_4,4.0,0.0,0.0,4.0,1.0,0.0,1.0,7.0,3.0,3.0,4.0,0.0,0.13483848084560926,-0.1322213079175249,-0.16791672572872587,0.08381407498294745,-0.3832935114363693,-0.13234698266739112,-0.06881022110810374,0.7259179338893491,0.02010634723478552,0.13798094955429474,0.13013868288530706,-0.3638911207988149
sop2d,HN_5,5.0,0.0,0.0,3.0,1.0,0.0,5.0,6.0,2.0,4.0,2.0,0.0,0.3078707846764874,-0.1322213079175249,-0.16791672572872587,-0.18713944376278943,-0.3832935114363693,-0.13234698266739112,0.8361677763264949,0.5888769008340238,-0.17587238331825739,0.2816507912952456,-0.21780584396057015,-0.3638911207988149
sop2d,HN_6,0.0,3.0,0.0,2.0,0.0,8.0,0.0,8.0,0.0,8.0,0.0,8.0,-0.5572907344779032,0.292361682551547,-0.16791672572872587,-0.45809296250852627,-0.6138424300090976,0.8741836685925121,-0.2950547204667534,0.8629589669446746,-0.5678298444243431,0.8563301582590491,-0.5657503708064474,0.848456542133465
sop2d,HN_7,0.0,0.0,0.0,3.0,0.0,0.0,0.0,2.0,0.0,0.0,0.0,0.0,-0.5572907344779032,-0.1322213079175249,-0.16791672572872587,-0.18713944376278943,-0.6138424300090976,-0.13234698266739112,-0.2950547204667534,0.040712768612722085,-0.5678298444243431,-0.29302857566855783,-0.5657503708064474,-0.3638911207988149
sop2d,HN_8,2.0,0.0,0.0,1.0,0.0,0.0,3.0,2.0,0.0,1.0,0.0,8.0,-0.211226126816147,-0.1322213079175249,-0.16791672572872587,-0.7290464812542632,-0.6138424300090976,-0.13234698266739112,0.38367877760919555,0.040712768612722085,-0.5678298444243431,-0.14935873392760698,-0.5657503708064474,0.848456542133465
sop2d,HP_2,9.0,0.0,0.0,5.0,7.0,0.0,4.0,0.0,8.0,0.0,8.0,2.0,1.0,-0.1322213079175249,-0.16791672572872587,0.3547675937286843,1.0,-0.13234698266739112,0.6099232769678452,-0.23336929749792876,1.0,-0.29302857566855783,0.8260277365770614,-0.06080420506574493
sop2d,HP_4,8.0,0.0,0.0,5.0,6.0,0.0,3.0,0.0,7.0,1.0,6.0,0.0,0.8269676961691219,-0.1322213079175249,-0.16791672572872587,0.3547675937286843,0.7694510814272718,-0.13234698266739112,0.38367877760919555,-0.23336929749792876,0.8040212694469571,-0.14935873392760698,0.47808320973118423,-0.3638911207988149
sop2d,HP_5,8.0,0.0,0.0,5.0,5.0,0.0,1.0,0.0,7.0,0.0,7.0,0.0,0.8269676961691219,-0.1322213079175249,-0.16791672572872587,0.3547675937286843,0.5389021628545436,-0.13234698266739112,-0.06881022110810374,-0.23336929749792876,0.8040212694469571,-0.29302857566855783,0.6520554731541228,-0.3638911207988149
sop2d,HP_6,0.0,0.0,5.0,5.0,4.0,0.0,0.0,0.0,0.0,3.0,0.0,0.0,-0.5572907344779032,-0.1322213079175249,0.6663095069346499,0.3547675937286843,0.3083532442818154,-0.13234698266739112,-0.2950547204667534,-0.23336929749792876,-0.5678298444243431,0.13798094955429474,-0.5657503708064474,-0.3638911207988149
sop2d,HP_8,4.0,1.0,5.0,3.0,0.0,1.0,0.0,0.0,0.0,4.0,0.0,1.0,0.13483848084560926,0.009306355572165723,0.6663095069346499,-0.18713944376278943,-0.6138424300090976,-0.006530651259903205,-0.2950547204667534,-0.23336929749792876,-0.5678298444243431,0.2816507912952456,-0.5657503708064474,-0.2123476629322799
sop2d,LN_1,0.0,0.0,1.0,4.0,3.0,0.0,0.0,0.0,1.0,1.0,3.0,4.0,-0.5572907344779032,-0.1322213079175249,-0.0010714791960507461,0.08381407498294745,0.07780432570908713,-0.13234698266739112,-0.2950547204667534,-0.23336929749792876,-0.37185111387130027,-0.14935873392760698,-0.043833580537631554,0.24228271066732504
sop2d,LN_2,0.0,0.0,0.0,4.0,1.0,0.0,0.0,3.0,0.0,0.0,0.0,5.0,-0.5572907344779032,-0.1322213079175249,-0.16791672572872587,0.08381407498294745,-0.3832935114363693,-0.13234698266739112,-0.2950547204667534,0.1777538016680475,-0.5678298444243431,-0.29302857566855783,-0.5657503708064474,0.39382616853386004
sop2d,LN_3,0.0,5.0,0.0,2.0,0.0,3.0,0.0,8.0,0.0,9.0,0.0,9.0,-0.5572907344779032,0.5754170095309281,-0.16791672572872587,-0.45809296250852627,-0.6138424300090976,0.2451020115550726,-0.2950547204667534,0.8629589669446746,-0.5678298444243431,1.0,-0.5657503708064474,1.0
sop2d,LN_4,0.0,2.0,0.0,4.0,0.0,2.0,0.0,0.0,0.0,0.0,0.0,6.0,-0.5572907344779032,0.15083401906185634,-0.16791672572872587,0.08381407498294745,-0.6138424300090976,0.1192856801475847,-0.2950547204667534,-0.23336929749792876,-0.5678298444243431,-0.29302857566855783,-0.5657503708064474,0.545369626400395
sop2d,LN_5,2.0,1.0,5.0,4.0,2.0,0.0,0.0,0.0,0.0,4.0,0.0,2.0,-0.211226126816147,0.009306355572165723,0.6663095069346499,0.08381407498294745,-0.1527445928636411,-0.13234698266739112,-0.2950547204667534,-0.23336929749792876,-0.5678298444243431,0.2816507912952456,-0.5657503708064474,-0.06080420506574493
sop2d,LN_6,0.0,0.0,3.0,3.0,0.0,0.0,0.0,0.0,0.0,2.0,0.0,4.0,-0.5572907344779032,-0.1322213079175249,0.33261901386929954,-0.18713944376278943,-0.6138424300090976,-0.13234698266739112,-0.2950547204667534,-0.23336929749792876,-0.5678298444243431,-0.005688892186656126,-0.5657503708064474,0.24228271066732504
sop2d,LN_8,0.0,0.0,0.0,4.0,4.0,0.0,0.0,0.0,0.0,0.0,2.0,7.0,-0.5572907344779032,-0.1322213079175249,-0.16791672572872587,0.08381407498294745,0.3083532442818154,-0.13234698266739112,-0.2950547204667534,-0.23336929749792876,-0.5678298444243431,-0.29302857566855783,-0.21780584396057015,0.69691308426693
sop2d,LP_1,7.0,0.0,0.0,6.0,6.0,0.0,2.0,0.0,7.0,0.0,7.0,2.0,0.6539353923382436,-0.1322213079175249,-0.16791672572872587,0.6257211124744212,0.7694510814272718,-0.13234698266739112,0.15743427825054593,-0.23336929749792876,0.8040212694469571,-0.29302857566855783,0.6520554731541228,-0.06080420506574493
sop2d,LP_2,7.0,0.0,0.0,4.0,4.0,0.0,2.0,0.0,6.0,2.0,7.0,3.0,0.6539353923382436,-0.1322213079175249,-0.16791672572872587,0.08381407498294745,0.3083532442818154,-0.13234698266739112,0.15743427825054593,-0.23336929749792876,0.6080425388939142,-0.005688892186656126,0.6520554731541228,0.09073925280079005
sop2d,LP_3,5.0,0.0,0.0,5.0,5.0,0.0,0.0,0.0,8.0,1.0,7.0,2.0,0.3078707846764874,-0.1322213079175249,-0.16791672572872587,0.3547675937286843,0.5389021628545436,-0.13234698266739112,-0.2950547204667534,-0.23336929749792876,1.0,-0.14935873392760698,0.6520554731541228,-0.06080420506574493
sop2d,LP_4,8.0,0.0,0.0,5.0,5.0,0.0,1.0,0.0,8.0,1.0,9.0,1.0,0.8269676961691219,-0.1322213079175249,-0.16791672572872587,0.3547675937286843,0.5389021628545436,-0.13234698266739112,-0.06881022110810374,-0.23336929749792876,1.0,-0.14935873392760698,1.0,-0.2123476629322799
sop2d,LP_5,4.0,0.0,0.0,3.0,2.0,0.0,0.0,0.0,5.0,0.0,7.0,7.0,0.13483848084560926,-0.1322213079175249,-0.16791672572872587,-0.18713944376278943,-0.1527445928636411,-0.13234698266739112,-0.2950547204667534,-0.23336929749792876,0.4120638083408713,-0.29302857566855783,0.6520554731541228,0.69691308426693
sop2d,LP_6,0.0,0.0,0.0,4.0,3.0,0.0,0.0,0.0,2.0,2.0,4.0,2.0,-0.5572907344779032,-0.1322213079175249,-0.16791672572872587,0.08381407498294745,0.07780432570908713,-0.13234698266739112,-0.2950547204667534,-0.23336929749792876,-0.17587238331825739,-0.005688892186656126,0.13013868288530706,-0.06080420506574493
sop2d,LP_7,4.0,0.0,0.0,5.0,5.0,0.0,1.0,0.0,8.0,0.0,8.0,0.0,0.13483848084560926,-0.1322213079175249,-0.16791672572872587,0.3547675937286843,0.5389021628545436,-0.13234698266739112,-0.06881022110810374,-0.23336929749792876,1.0,-0.29302857566855783,0.8260277365770614,-0.3638911207988149
sop2d,LP_8,7.0,0.0,0.0,6.0,6.0,0.0,1.0,0.0,7.0,0.0,8.0,1.0,0.6539353923382436,-0.1322213079175249,-0.16791672572872587,0.6257211124744212,0.7694510814272718,-0.13234698266739112,-0.06881022110810374,-0.23336929749792876,0.8040212694469571,-0.29302857566855783,0.8260277365770614,-0.2123476629322799
A5feTy,HP_1_L,7.0,0.0,2.0,5.0,5.0,0.0,5.0,0.0,7.0,0.0,7.0,0.0,0.5696785826560264,-0.11948086803248435,-0.13793887948348305,-0.031824720291758375,0.10352211776724732,-0.12861020384012214,0.13361998415158305,-0.09125465178247412,0.5578788695900987,-0.22802784098565096,0.4411534479160338,-0.11490296268226635
CVgs2,HP_1_H,8.0,0.0,0.0,6.0,4.0,0.0,3.0,0.0,5.0,0.0,3.0,0.0,0.9658353262571313,-0.15103518713548908,-0.2346134403055591,0.9644695762605854,0.5201918599639535,-0.18150255245760796,0.4403387226915013,-0.11883415551068674,0.6101613394611066,-0.26659024309027424,0.13348241408620912,-0.2594204606650505
Dwf5T,HP_1_H,8.0,0.0,0.0,3.0,4.0,0.0,4.0,0.0,7.0,0.0,5.0,0.0,0.8337789587532114,-0.1553962603166268,-0.2656634425791229,-0.010266182800607022,0.1539618368122205,-0.21056412656259188,0.5610765664768765,-0.1938373359244229,0.6545267207956617,-0.4504471105195746,0.3570163034695302,-0.3065660144964809
ERqc8,HP_1_L,4.0,0.0,0.0,8.0,3.0,0.0,3.0,0.0,4.0,0.0,4.0,0.0,0.10612885174618612,-0.13905555288682814,-0.08806695321298653,0.38162242440954236,0.2852780783500715,-0.23700604772549302,0.13487856470211707,-0.061821432559030276,0.07101181949374524,-0.36626897414061643,-0.008164342188210964,-0.19080953098442113
G4dLl,HP_1_H,5.0,2.0,1.0,4.0,6.0,0.0,6.0,0.0,7.0,2.0,8.0,0.0,0.16218245913622248,0.0002585892083419877,-0.3093022736773276,-0.03860246822032342,0.36884702850457185,-0.26438465175448783,0.7339144466908867,-0.3808399877007595,0.5956648216280981,-0.20625678327173716,0.7812260718161272,-0.47808246903958895
Gr33d,HP_1_L,3.0,0.0,5.0,5.0,5.0,0.0,4.0,4.0,2.0,0.0,4.0,0.0,-0.014236357128769955,-0.17879592494840477,0.5245704929510846,0.00795490160665045,0.05403512469415976,-0.13060376374971805,0.29883594155725673,0.31717294278934566,-0.23191610809689628,-0.35890219281306396,0.01619775426998162,-0.3457830291627518
Hx7dO,HP_1_H,9.0,0.0,0.0,5.0,5.0,0.0,9.0,0.0,9.0,0.0,9.0,0.0,1.0,-0.24786183926856983,-0.2248940344992407,0.159933870097584,0.23907516481009922,-0.2505150722445435,1.0,-0.24510635763049882,1.0,-0.34637993266446976,0.7601219896133056,-0.5174313943367729
Kgh4P3,HP_1_H,9.0,0.0,0.0,9.0,9.0,0.0,8.0,0.0,9.0,0.0,8.0,0.0,1.0,-0.12828268954330943,-0.06359021564303162,0.8440845140558807,0.9230915263039292,-0.2779377136248649,1.0,-0.24141092891725213,1.0,-0.4178448217217973,0.7977363138808983,-0.5640319675363623
SI3pa2,HP_1_H,9.0,0.0,0.0,9.0,9.0,0.0,9.0,0.0,9.0,0.0,9.0,0.0,1.0,-0.04599860447641028,-0.15798409371529942,0.7168430166946327,1.0,-0.08442771668025545,1.0,-0.16513881269507774,1.0,-0.24802607202345062,1.0,-0.41737208522398983
V9D5x,HP_1_H,5.0,0.0,0.0,4.0,4.0,0.0,4.0,0.0,4.0,2.0,4.0,2.0,0.36388220785736314,-0.293835689136226,-0.26420757227577035,0.14974839562854708,0.24840889264381802,-0.20688680456476521,0.4144520404215545,-0.2783744113478807,0.1800298642800898,-0.1820502380713862,0.11715649873732631,-0.06895903818167956
sop2d,HP_1_L,1.0,0.0,7.0,5.0,1.0,0.0,0.0,0.0,2.0,0.0,3.0,0.0,-0.38425843064702514,-0.1322213079175249,1.0,0.3547675937286843,-0.3832935114363693,-0.13234698266739112,-0.2950547204667534,-0.23336929749792876,-0.17587238331825739,-0.29302857566855783,-0.043833580537631554,-0.3638911207988149
A5feTy,HP_1_H,7.0,0.46153846153846156,0.7692307692307693,3.9615384615384617,4.961538461538462,0.34615384615384615,5.269230769230769,0.34615384615384615,6.230769230769231,0.8076923076923077,5.961538461538462,0.5384615384615384,0.5696785826560264,-0.06207159274876721,-0.3380160451069526,-0.23290727838500852,0.09503348609211468,-0.08520211907704052,0.19193402367984186,0.003180846929470753,0.38783228097090594,-0.11782021423052844,0.2273559583900288,-0.04819936662435299
CVgs2,HP_1_L,4.324324324324325,0.0,2.0,4.918918918918919,4.54054054054054,0.0,3.918918918918919,0.10810810810810811,4.756756756756757,0.2702702702702703,5.216216216216216,0.0,0.29608460495548933,-0.15103518713548908,0.38269327984722046,0.6105110940514711,0.6829248804319289,-0.18150255245760796,0.6486560233112915,-0.10539470619524305,0.5674230317963935,-0.22380003217506225,0.5886860468064867,-0.2594204606650505
Dwf5T,HP_1_L,4.324324324324325,0.0,2.0,4.918918918918919,4.54054054054054,0.0,3.918918918918919,0.10810810810810811,4.756756756756757,0.2702702702702703,5.216216216216216,0.0,0.22280432065690736,-0.1553962603166268,0.15622437161391806,0.31283696575274034,0.24542542202171014,-0.21056412656259188,0.5432823732259392,-0.17770439895247125,0.2670364211475525,-0.3851116550907649,0.3917721789576637,-0.3065660144964809
ERqc8,HP_1_H,7.0,0.46153846153846156,0.7692307692307693,3.9615384615384617,4.961538461538462,0.34615384615384615,5.269230769230769,0.34615384615384615,6.230769230769231,0.8076923076923077,5.961538461538462,0.5384615384615384,0.6424515406984744,-0.08064244761058054,0.031500843843385626,-0.31583120329719777,0.7525962578904094,-0.1894288920437433,0.8555323017004994,-0.0009249826261955804,0.4854834692580743,-0.2436550918459457,0.38734628436254875,-0.11956451631013952
G4dLl,HP_1_L,4.324324324324325,0.0,2.0,4.918918918918919,4.54054054054054,0.0,3.918918918918919,0.10810810810810811,4.756756756756757,0.2702702702702703,5.216216216216216,0.0,0.020659225882206065,-0.28538181387498884,-0.04744181894186208,0.15227582323638475,-0.019609560665644524,-0.26438465175448783,0.18016883575029954,-0.3642533211818314,0.142153743183938,-0.554006486557283,0.17220675822318413,-0.47808246903958895
Gr33d,HP_1_H,7.0,0.46153846153846156,0.7692307692307693,3.9615384615384617,4.961538461538462,0.34615384615384615,5.269230769230769,0.34615384615384615,6.230769230769231,0.8076923076923077,5.961538461538462,0.5384615384615384,0.6619212142904101,-0.10107311671004839,-0.14590701698969333,-0.20138957795780768,0.04592716219651241,-0.07469478642143527,0.5213206908708194,-0.18181606055690175,0.5126485726210082,-0.23694943191958387,0.4021509429794504,-0.26526609579404015
Hx7dO,HP_1_L,4.324324324324325,0.0,2.0,4.918918918918919,4.54054054054054,0.0,3.918918918918919,0.10810810810810811,4.756756756756757,0.2702702702702703,5.216216216216216,0.0,0.009742713718857376,-0.24786183926856983,0.26506357930045554,0.14290550259956214,0.12521420371944142,-0.2505150722445435,-0.001399661603147438,-0.23015012510640873,0.07311689818055728,-0.3059481028547259,0.0201307627488527,-0.5174313943367729
Kgh4P3,HP_1_L,4.324324324324325,0.0,2.0,4.918918918918919,4.54054054054054,0.0,3.918918918918919,0.10810810810810811,4.756756756756757,0.2702702702702703,5.216216216216216,0.0,0.10928504144142372,-0.12828268954330943,0.17276316561097543,0.007878022697208154,-0.02979166240522496,-0.2779377136248649,0.17127736827911424,-0.2264990859272551,0.13956707262377516,-0.3752668991475692,0.2346779444142095,-0.5640319675363623
SI3pa2,HP_1_L,4.324324324324325,0.0,2.0,4.918918918918919,4.54054054054054,0.0,3.918918918918919,0.10810810810810811,4.756756756756757,0.2702702702702703,5.216216216216216,0.0,0.07116067114118281,-0.04599860447641028,0.1315119297135254,-0.06166537826299345,0.1185235402614027,-0.08442771668025545,0.057188851885032026,-0.15114315128132305,0.20323581681638506,-0.21054781160232594,0.17918017916528692,-0.41737208522398983
V9D5x,HP_1_L,4.324324324324325,0.0,2.0,4.918918918918919,4.54054054054054,0.0,3.918918918918919,0.10810810810810811,4.756756756756757,0.2702702702702703,5.216216216216216,0.0,0.22904006855844708,-0.293835689136226,0.01672744378551193,0.41387978381348367,0.4171127970551447,-0.20688680456476521,0.3907136096278337,-0.2630185625629212,0.3351593494162891,-0.47413987218941217,0.3855886443915175,-0.42527871757557273
sop2d,HP_1_H,7.0,0.46153846153846156,0.7692307692307693,3.9615384615384617,4.961538461538462,0.34615384615384615,5.269230769230769,0.34615384615384615,6.230769230769231,0.8076923076923077,5.961538461538462,0.5384615384615384,0.6539353923382436,-0.06690084784535999,-0.039574228395898844,0.07339278580041914,0.5300348967555926,-0.08879517564172222,0.8970797569230544,-0.18593201682493152,0.6532683997907702,-0.17698754964702063,0.47139196883030204,-0.2822907973322192
A5feTy,HP_3_L,0.0,0.0,9.0,7.0,0.0,0.0,0.0,0.0,0.0,0.0,0.0,0.0,-0.936446378047881,-0.11948086803248435,1.0,0.35544539159153826,-1.0,-0.12861020384012214,-0.9493550356589382,-0.09125465178247412,-0.9895450868445558,-0.22802784098565096,-1.0,-0.11490296268226635
CVgs2,HP_3_L,5.0,0.0,0.0,4.0,4.0,0.0,1.0,0.0,1.0,0.0,4.0,0.0,0.41920054637123233,-0.15103518713548908,-0.2346134403055591,0.3096463841737236,0.5201918599639535,-0.18150255245760796,-0.013057755128041908,-0.11883415551068674,-0.09264638658084207,-0.26659024309027424,0.3388791751917003,-0.2594204606650505
Dwf5T,HP_3_H,9.0,2.0,1.0,2.0,3.0,0.0,5.0,0.0,8.0,0.0,6.0,0.0,1.0,0.17471695691669514,-0.05471953548260241,-0.17864387993404152,-0.0152457958253354,-0.21056412656259188,0.7805382832384383,-0.1938373359244229,0.8272633603978309,-0.4504471105195746,0.5177622276021477,-0.3065660144964809
ERqc8,HP_3_L,1.0,0.0,0.0,7.0,1.0,0.0,4.0,0.0,4.0,0.0,6.0,0.0,-0.4301938372061022,-0.13905555288682814,-0.08806695321298653,0.20891962135834957,-0.19120320274988079,-0.23700604772549302,0.45245478778615,-0.061821432559030276,0.07101181949374524,-0.36626897414061643,0.39510139468707345,-0.19080953098442113
G4dLl,HP_3_L,8.0,0.0,4.0,5.0,5.0,0.0,4.0,0.0,7.0,2.0,8.0,0.0,0.7905456147840556,-0.28538181387498884,0.47627909052906897,0.16911802542374127,0.10268232851757178,-0.26438465175448783,0.2017433400726601,-0.3808399877007595,0.5956648216280981,-0.20625678327173716,0.7812260718161272,-0.47808246903958895
Gr33d,HP_3_H,9.0,0.0,0.0,5.0,5.0,0.0,8.0,0.0,9.0,0.0,9.0,0.0,1.0,-0.17879592494840477,-0.26781201879710753,0.00795490160665045,0.05403512469415976,-0.13060376374971805,1.0,-0.2290887029791778,1.0,-0.35890219281306396,1.0,-0.3457830291627518
Hx7dO,HP_3_L,7.0,0.0,1.0,6.0,6.0,0.0,7.0,0.0,8.0,0.0,7.0,0.0,0.5764217388161587,-0.24786183926856983,0.02008477240060741,0.369950402573188,0.48689019777211906,-0.2505150722445435,0.6058320480923781,-0.24510635763049882,0.7815625810998765,-0.34637993266446976,0.3689837696992377,-0.5174313943367729
Kgh4P3,HP_3_H,5.0,2.0,0.0,5.0,5.0,7.0,5.0,0.0,5.0,7.0,5.0,7.0,0.2380010759152064,0.12244679702187045,-0.06359021564303162,0.024491396697711505,0.06838418127996065,0.7160138414166967,0.39080654224491185,-0.24141092891725213,0.18889125317400454,0.6849233729507117,0.19094525552359298,0.6524373405474752
SI3pa2,HP_3_L,4.0,0.0,0.0,6.0,4.0,0.0,4.0,0.0,7.0,0.0,7.0,0.0,0.006732509601842837,-0.04599860447641028,-0.15798409371529942,0.14456201112975514,0.011677908777936417,-0.08442771668025545,0.07223371063154749,-0.16513881269507774,0.624455098372054,-0.24802607202345062,0.5661380947016517,-0.41737208522398983
V9D5x,HP_3_L,6.0,0.0,1.0,4.0,4.0,0.0,4.0,0.0,5.0,0.0,6.0,0.0,0.563448574019759,-0.293835689136226,-0.12374006424512922,0.14974839562854708,0.24840889264381802,-0.20688680456476521,0.4144520404215545,-0.2783744113478807,0.38502239821006734,-0.5197788775203537,0.5585782493686632,-0.42527871757557273
sop2d,HP_3_L,7.0,0.0,2.0,4.0,3.0,0.0,0.0,0.0,1.0,1.0,2.0,0.0,0.6539353923382436,-0.1322213079175249,0.16577376733662438,0.08381407498294745,0.07780432570908713,-0.13234698266739112,-0.2950547204667534,-0.23336929749792876,-0.37185111387130027,-0.14935873392760698,-0.21780584396057015,-0.3638911207988149
A5feTy,HP_3_H,8.1875,0.1875,0.15625,4.90625,5.59375,0.40625,5.46875,0.0625,7.21875,0.46875,7.21875,0.40625,0.8251819242040107,-0.09615834994847426,-0.437663852204579,-0.0499780067862879,0.23456536925210794,-0.07766599325011662,0.2351488922588194,-0.07420379784837296,0.6062358682286817,-0.16406805760098164,0.48618949316340987,-0.0645774817278585
CVgs2,HP_3_H,8.1875,0.1875,0.15625,4.90625,5.59375,0.40625,5.46875,0.0625,7.21875,0.46875,7.21875,0.40625,1.0,-0.10787136761790825,-0.1863863527936232,0.6063631430880829,1.0,-0.021507415145640214,1.0,-0.11106447387519586,1.0,-0.19237597103420348,1.0,-0.1954655153969034
Dwf5T,HP_3_L,4.0,0.03225806451612903,2.129032258064516,4.161290322580645,3.6774193548387095,0.16129032258064516,3.129032258064516,0.0967741935483871,4.193548387096774,0.2903225806451613,4.516129032258065,0.03225806451612903,0.16889479376605696,-0.15007185358705707,0.1834429402715336,0.18526920741886527,0.09937872950978309,-0.1826709439229008,0.36993249058777444,-0.17939575524791782,0.16974969997667075,-0.38026418581701454,0.279236017598909,-0.30188298218645765
ERqc8,HP_3_H,8.1875,0.1875,0.15625,4.90625,5.59375,0.40625,5.46875,0.0625,7.21875,0.46875,7.21875,0.40625,0.8547459384087552,-0.11532522886835256,-0.06377974443591095,-0.15267687253008536,0.9032147397765722,-0.18116896918232842,0.9188948654408233,-0.05082624021004623,0.6690479606946467,-0.2951091317374593,0.6408414530954498,-0.13705771187748544
G4dLl,HP_3_H,8.1875,0.1875,0.15625,4.90625,5.59375,0.40625,5.46875,0.0625,7.21875,0.46875,7.21875,0.40625,0.8298183120120451,-0.2586030260859266,-0.5302470323603766,0.1496442291446102,0.2607176191348531,-0.20731173344612555,0.5925564964954203,-0.3712508211195042,0.639888981762525,-0.5141035665025451,0.6103089404224766,-0.4113634687009964
Gr33d,HP_3_L,4.0,0.03225806451612903,2.129032258064516,4.161290322580645,3.6774193548387095,0.16129032258064516,3.129032258064516,0.0967741935483871,4.193548387096774,0.2903225806451613,4.516129032258065,0.03225806451612903,0.15480303572602505,-0.17336368566292823,0.06958956685050977,-0.16112140446930384,-0.22477416635397285,-0.10455298578313467,0.14616312238020776,-0.21587269542026194,0.1541221193251726,-0.3150666382061909,0.11775153447437071,-0.34095943407614693
Hx7dO,HP_3_H,8.1875,0.1875,0.15625,4.90625,5.59375,0.40625,5.46875,0.0625,7.21875,0.46875,7.21875,0.40625,0.8279213313940644,-0.2218647176171413,-0.18661609592113945,0.14024482017799614,0.38621534063129853,-0.19406821134461621,0.30404720991310513,-0.23645978570250922,0.6109083475841551,-0.2762559778381953,0.41176451250233886,-0.44893622723129356
Kgh4P3,HP_3_L,4.0,0.03225806451612903,2.129032258064516,4.161290322580645,3.6774193548387095,0.16129032258064516,3.129032258064516,0.0967741935483871,4.193548387096774,0.2903225806451613,4.516129032258065,0.03225806451612903,0.04750134489400797,-0.1242386655664517,0.18801177085316942,-0.1473587730709369,-0.21422066667151285,-0.2550356040616953,0.01087943955894277,-0.22806242430523868,0.025361263894569944,-0.3721078919888361,0.09307572998209222,-0.5584261181903538
SI3pa2,HP_3_H,8.1875,0.1875,0.15625,4.90625,5.59375,0.40625,5.46875,0.0625,7.21875,0.46875,7.21875,0.40625,0.8385940328102994,-0.024206966883151732,-0.13536721688492248,-0.0640821054824398,0.32670557535496914,-0.03547785446899392,0.3447650581335304,-0.15704757094025082,0.6655303219876106,-0.18302471410556256,0.6135917405936585,-0.3533934841548514
V9D5x,HP_3_H,8.1875,0.1875,0.15625,4.90625,5.59375,0.40625,5.46875,0.0625,7.21875,0.46875,7.21875,0.40625,1.0,-0.2635114151720957,-0.24225952414598267,0.41023826651313977,0.7458218108065893,-0.15240927519205014,0.8444638232369754,-0.269496811269076,0.839849582867205,-0.440623727649502,0.827569628659634,-0.3529012826986882
sop2d,HP_3_H,8.1875,0.1875,0.15625,4.90625,5.59375,0.40625,5.46875,0.0625,7.21875,0.46875,7.21875,0.40625,0.8594112531374115,-0.1056848710132079,-0.14184715595799538,0.32936570134627147,0.675790583257101,-0.08123409803309915,0.9422198854008619,-0.2248042329319709,0.8468916167554352,-0.22568333735248713,0.6901119057778907,-0.30232659104053505
A5feTy,HP_7_L,8.0,0.0,3.0,8.0,9.0,0.0,9.0,0.0,9.0,0.0,9.0,0.0,0.7848392913280132,-0.11948086803248435,0.024623817585585957,0.5490804475331866,0.9863398119810451,-0.12861020384012214,1.0,-0.09125465178247412,1.0,-0.22802784098565096,0.8529115758920435,-0.11490296268226635
CVgs2,HP_7_H,6.0,0.0,0.0,1.0,5.0,0.0,1.0,0.0,2.0,0.0,3.0,0.0,0.6014121396665321,-0.15103518713548908,-0.2346134403055591,-0.672588403956569,0.8212479478297081,-0.18150255245760796,-0.013057755128041908,-0.11883415551068674,0.0830555449296451,-0.26659024309027424,0.13348241408620912,-0.2594204606650505
Dwf5T,HP_7_H,9.0,0.0,0.0,2.0,6.0,0.0,6.0,0.0,8.0,0.0,7.0,0.0,1.0,-0.1553962603166268,-0.2656634425791229,-0.17864387993404152,0.4923771020873323,-0.21056412656259188,1.0,-0.1938373359244229,0.8272633603978309,-0.4504471105195746,0.6785081517347651,-0.3065660144964809
ERqc8,HP_7_L,5.0,0.0,0.0,8.0,1.0,0.0,4.0,0.0,5.0,0.0,8.0,0.0,0.2849030813969489,-0.13905555288682814,-0.08806695321298653,0.38162242440954236,-0.19120320274988079,-0.23700604772549302,0.45245478778615,-0.061821432559030276,0.2568094555949962,-0.36626897414061643,0.7983671315623578,-0.19080953098442113
G4dLl,HP_7_H,9.0,0.0,1.0,6.0,7.0,0.0,5.0,2.0,8.0,1.0,9.0,1.0,1.0,-0.28538181387498884,-0.3093022736773276,0.37683851906780597,0.635011728491572,-0.26438465175448783,0.4678288933817734,-0.0739866571005907,0.7978324108140491,-0.40729958048369336,1.0,-0.3138510835907457
Gr33d,HP_7_L,4.0,0.0,5.0,7.0,4.0,0.0,4.0,0.0,4.0,0.0,5.0,0.0,0.15480303572602505,-0.17879592494840477,0.5245704929510846,0.4111368622493106,-0.1567719002446722,-0.13060376374971805,0.29883594155725673,-0.2290887029791778,0.12005992278793126,-0.35890219281306396,0.21295820341598531,-0.3457830291627518
Hx7dO,HP_7_H,9.0,0.0,0.0,4.0,4.0,0.0,9.0,0.0,9.0,0.0,9.0,0.0,1.0,-0.24786183926856983,-0.2248940344992407,-0.05008266237801999,-0.008739868151920622,-0.2505150722445435,1.0,-0.24510635763049882,1.0,-0.34637993266446976,0.7601219896133056,-0.5174313943367729
Kgh4P3,HP_7_L,7.0,0.0,0.0,7.0,7.0,0.0,6.0,0.0,7.0,0.0,7.0,0.0,0.6190005379576032,-0.12828268954330943,-0.06359021564303162,0.4342879553767961,0.4957378537919449,-0.2779377136248649,0.5938710281632745,-0.24141092891725213,0.5944456265870023,-0.4178448217217973,0.5954726277617964,-0.5640319675363623
SI3pa2,HP_7_L,8.0,0.0,7.0,8.0,8.0,0.0,8.0,0.0,8.0,0.0,8.0,0.0,0.8013465019203686,-0.04599860447641028,0.8552519882855876,0.5260826815063402,0.8023355817555873,-0.08442771668025545,0.8144467421263095,-0.16513881269507774,0.812227549186027,-0.24802607202345062,0.7830690473508258,-0.41737208522398983
V9D5x,HP_7_L,6.0,0.0,1.0,4.0,4.0,0.0,4.0,0.0,6.0,0.0,6.0,0.0,0.563448574019759,-0.293835689136226,-0.12374006424512922,0.14974839562854708,0.24840889264381802,-0.20688680456476521,0.4144520404215545,-0.2783744113478807,0.5900149321400449,-0.5197788775203537,0.5585782493686632,-0.42527871757557273
sop2d,HP_7_L,4.0,0.0,2.0,5.0,2.0,0.0,0.0,0.0,4.0,2.0,5.0,0.0,0.13483848084560926,-0.1322213079175249,0.16577376733662438,0.3547675937286843,-0.1527445928636411,-0.13234698266739112,-0.2950547204667534,-0.23336929749792876,0.21608507778782843,-0.005688892186656126,0.30411094630824564,-0.3638911207988149
A5feTy,HP_7_H,7.724137931034483,0.13793103448275862,0.41379310344827586,4.758620689655173,5.620689655172414,0.1724137931034483,5.724137931034483,0.20689655172413793,7.413793103448276,0.27586206896551724,6.9655172413793105,0.20689655172413793,0.7254846130736721,-0.10232407312010912,-0.395796950696489,-0.07856421655353552,0.24051107031766422,-0.10698931870908532,0.29046464219310686,-0.03481044565579443,0.6493522069162851,-0.1903871408788111,0.4340541698474819,-0.08927300951715679
CVgs2,HP_7_L,4.588235294117647,0.029411764705882353,2.823529411764706,4.617647058823529,4.205882352941177,0.058823529411764705,3.7058823529411766,0.058823529411764705,4.823529411764706,0.29411764705882354,5.4411764705882355,0.11764705882352941,0.3441722432496383,-0.14426439191704502,0.6368783999101297,0.5118711934946661,0.5821739957010207,-0.1583358357427529,0.600361008980752,-0.1115215139714012,0.5791551162533735,-0.22002442532960237,0.634892154431967,-0.24089957153762329
Dwf5T,HP_7_L,4.588235294117647,0.029411764705882353,2.823529411764706,4.617647058823529,4.205882352941177,0.058823529411764705,3.7058823529411766,0.058823529411764705,4.823529411764706,0.29411764705882354,5.4411764705882355,0.11764705882352941,0.2666718768524031,-0.15054165418084264,0.3299428833404644,0.26210950373877223,0.18879870235524673,-0.2003913187763516,0.4965290027234761,-0.18505912021909626,0.2785705051909405,-0.37934676196469347,0.4279336229398027,-0.28948672018933735
ERqc8,HP_7_H,7.724137931034483,0.13793103448275862,0.41379310344827586,4.758620689655173,5.620689655172414,0.1724137931034483,5.724137931034483,0.20689655172413793,7.413793103448276,0.27586206896551724,6.9655172413793105,0.20689655172413793,0.7719087414800614,-0.12159876280427138,-0.023747724451627723,-0.1781728682391515,0.9096328604810435,-0.21330861386101999,1.0,-0.025423554438255513,0.7052865082531881,-0.3243909979217469,0.5897814055923831,-0.16343459923765283
G4dLl,HP_7_L,4.588235294117647,0.029411764705882353,2.823529411764706,4.617647058823529,4.205882352941177,0.058823529411764705,3.7058823529411766,0.058823529411764705,4.823529411764706,0.29411764705882354,5.4411764705882355,0.11764705882352941,0.07593653581201003,-0.2811812197119987,0.16820796731087428,0.08969548373630468,-0.10868375676622237,-0.2561206997822363,0.12348288321703858,-0.37181488974193105,0.15565300987044017,-0.5492121432215448,0.2214221967573941,-0.45876112957501913
Gr33d,HP_7_H,7.724137931034483,0.13793103448275862,0.41379310344827586,4.758620689655173,5.620689655172414,0.1724137931034483,5.724137931034483,0.20689655172413793,7.413793103448276,0.27586206896551724,6.9655172413793105,0.20689655172413793,0.7843290504956064,-0.15556841903809135,-0.20223553506622266,-0.040704990195049875,0.18488086431136577,-0.10275638040612892,0.6010618288170599,-0.2008337902670128,0.720846596194792,-0.3172500183207095,0.5996942586339926,-0.3148454882624587
Hx7dO,HP_7_L,4.588235294117647,0.029411764705882353,2.823529411764706,4.617647058823529,4.205882352941177,0.058823529411764705,3.7058823529411766,0.058823529411764705,4.823529411764706,0.29411764705882354,5.4411764705882355,0.11764705882352941,0.06563618856505572,-0.2437838594016791,0.466810832041507,0.07963343120985299,0.04228087392849527,-0.24234177111876218,-0.04338575504958724,-0.23696840758062626,0.08770254459360197,-0.3023805884597485,0.06412603947209655,-0.49759568983563857
Kgh4P3,HP_7_H,7.724137931034483,0.13793103448275862,0.41379310344827586,4.758620689655173,5.620689655172414,0.1724137931034483,5.724137931034483,0.20689655172413793,7.413793103448276,0.27586206896551724,6.9655172413793105,0.20689655172413793,0.7569486190419193,-0.11099100081467633,-0.01468951607323706,-0.024966808660109013,0.20101118309402471,-0.25345614822975254,0.537853238944416,-0.2128727466432923,0.6783534279827949,-0.37438597661155065,0.5884980178956206,-0.5280772096619631
SI3pa2,HP_7_H,7.724137931034483,0.13793103448275862,0.41379310344827586,4.758620689655173,5.620689655172414,0.1724137931034483,5.724137931034483,0.20689655172413793,7.413793103448276,0.27586206896551724,6.9655172413793105,0.20689655172413793,0.7465455369328841,-0.02996797452274882,-0.09808836473002533,-0.09224392220743553,0.33203058662232937,-0.06365323934921607,0.39215312075860015,-0.1383540124032369,0.7021540435364567,-0.209772399317751,0.5586577170240941,-0.38478881889700156
V9D5x,HP_7_H,7.724137931034483,0.13793103448275862,0.41379310344827586,4.758620689655173,5.620689655172414,0.1724137931034483,5.724137931034483,0.20689655172413793,7.413793103448276,0.27586206896551724,6.9655172413793105,0.20689655172413793,0.9075285156790623,-0.2715281772545669,-0.20608308619412577,0.3678041258339612,0.7542297370770891,-0.18376636769570842,0.9192347641960765,-0.24898649384563062,0.8798319628686339,-0.473195616906703,0.7716784048458603,-0.3884180610865493
sop2d,HP_7_H,7.724137931034483,0.13793103448275862,0.41379310344827586,4.758620689655173,5.620689655172414,0.1724137931034483,5.724137931034483,0.20689655172413793,7.413793103448276,0.27586206896551724,6.9655172413793105,0.20689655172413793,0.7792346468364657,-0.11270025088446411,-0.09887731337037756,0.2893650202383341,0.6820014916238232,-0.1106545117350656,1.0,-0.20501598031406834,0.8851159165723541,-0.2533955158779507,0.6460564295878146,-0.3325373019298766
A5feTy,HN_2_H,8.0,0.0,0.0,3.0,6.0,0.0,8.0,2.0,7.0,0.0,7.0,0.0,0.7848392913280132,-0.11948086803248435,-0.463064273621621,-0.419094832175055,0.3242265413206968,-0.12861020384012214,0.7834049960378957,0.4543726741087629,0.5578788695900987,-0.22802784098565096,0.4411534479160338,-0.11490296268226635
CVgs2,HN_2_H,0.0,2.0,0.0,0.0,0.0,1.0,0.0,9.0,0.0,6.0,0.0,3.0,-0.4918574201052661,0.3093788877187065,-0.2346134403055591,-1.0,-0.6840324914990653,0.21233163169492805,-0.23975599403781353,1.0,-0.26834831809132925,0.6833524392274315,-0.4827078692302643,0.21286221208434344
Dwf5T,HN_2_H,3.0,0.0,0.0,0.0,0.0,0.0,0.0,6.0,0.0,5.0,0.0,0.0,0.002673752519268324,-0.1553962603166268,-0.2656634425791229,-0.5153992742009106,-0.5228686937380032,-0.21056412656259188,-0.3167703005693703,0.7015406660188943,-0.5546297564195224,0.7582588149134042,-0.44671331719355695,-0.3065660144964809
ERqc8,HN_2_L,0.0,0.0,1.0,5.0,1.0,5.0,0.0,0.0,0.0,6.0,0.0,0.0,-0.608968066856865,-0.13905555288682814,0.06737118296029726,-0.13648598474403603,-0.19120320274988079,0.45021953434422535,-0.8178501045499817,-0.061821432559030276,-0.6721787249112585,0.5445770086197945,-0.8146958159387797,-0.19080953098442113
G4dLl,HN_2_H,3.0,5.0,2.0,0.0,1.0,5.0,2.0,9.0,0.0,4.0,0.0,2.0,-0.25672631129566625,0.4287191938333383,-0.04744181894186208,-0.8694844427965821,-0.9619764714304285,0.4380512658868943,-0.3304277665455665,1.0,-0.8195083026735583,0.19582881115217524,-0.9689653536548547,-0.1496196981419025
Gr33d,HN_2_H,3.0,0.0,0.0,2.0,2.0,3.0,3.0,0.0,3.0,3.0,4.0,0.0,-0.014236357128769955,-0.17879592494840477,-0.26781201879710753,-0.5968180393573398,-0.5783859501223361,0.35394070642873254,0.12354492694657092,-0.2290887029791778,-0.0559280926544825,0.09406520479129067,0.01619775426998162,-0.3457830291627518
Hx7dO,HN_2_H,0.0,8.0,1.0,0.0,0.0,9.0,0.0,9.0,0.0,9.0,0.0,8.0,-0.9061021753272862,0.8613486845257144,0.02008477240060741,-0.890148792280436,-1.0,1.0,-0.7737557835842983,1.0,-0.9659367701011111,1.0,-1.0,0.8313965117403586
Kgh4P3,HN_2_H,2.0,0.0,0.0,5.0,5.0,0.0,2.0,8.0,2.0,0.0,4.0,0.0,-0.33349811714838884,-0.12828268954330943,-0.06359021564303162,0.024491396697711505,0.06838418127996065,-0.2779377136248649,-0.21838691551017644,0.8620654523425275,-0.41944030694549206,-0.4178448217217973,-0.011318430595508775,-0.5640319675363623
SI3pa2,HN_2_H,0.0,0.0,0.0,0.0,0.0,0.0,0.0,9.0,0.0,0.0,0.0,0.0,-0.7878814827166829,-0.04599860447641028,-0.15798409371529942,-1.0,-0.7789797641997144,-0.08442771668025545,-0.6699793208632145,1.0,-0.6899520573257566,-0.24802607202345062,-0.9523785738425673,-0.41737208522398983
V9D5x,HN_2_H,1.0,4.0,2.0,2.0,1.0,6.0,1.0,8.0,1.0,6.0,1.0,2.0,-0.43438325679222034,0.353082155431887,0.01672744378551193,-0.4251258021857265,-0.6878977768390455,0.5977043984784116,-0.4638698989461138,0.8579583987391244,-0.43494773750984284,0.49340704082654874,-0.5449761272096789,-0.06895903818167956
sop2d,HN_2_H,0.0,8.0,0.0,1.0,0.0,7.0,2.0,8.0,0.0,4.0,0.0,0.0,-0.5572907344779032,1.0,-0.16791672572872587,-0.7290464812542632,-0.6138424300090976,0.7483673371850242,0.15743427825054593,0.8629589669446746,-0.5678298444243431,0.2816507912952456,-0.5657503708064474,-0.3638911207988149
A5feTy,HN_2_L,0.5714285714285714,0.14285714285714285,2.5714285714285716,2.5714285714285716,0.8571428571428571,2.0,0.2857142857142857,1.1428571428571428,0.2857142857142857,2.857142857142857,0.5714285714285714,0.42857142857142855,-0.8134974016638886,-0.10171133044466714,-0.04504590972972929,-0.5020812847214757,-0.810824779811329,0.122192063679905,-0.8874707488126227,0.22053239158394705,-0.9263849253574271,0.16182226726376206,-0.882354820578283,-0.061812345411682255
CVgs2,HN_2_L,0.5714285714285714,0.14285714285714285,2.5714285714285716,2.5714285714285716,0.8571428571428571,2.0,0.2857142857142857,1.1428571428571428,0.2857142857142857,2.857142857142857,0.5714285714285714,0.42857142857142855,-0.38773650965080914,-0.11814846750304653,0.5590666284623004,-0.1580844673168919,-0.42598441618556127,0.6061658158474641,-0.17498506863502164,0.02324002296686078,-0.21814776623119003,0.18576341515625228,-0.36533829145569796,-0.19195150741513706
Dwf5T,HN_2_L,0.5714285714285714,0.14285714285714285,2.5714285714285716,2.5714285714285716,0.8571428571428571,2.0,0.2857142857142857,1.1428571428571428,0.2857142857142857,2.857142857142857,0.5714285714285714,0.42857142857142855,-0.40100591908007543,-0.13181674479996092,0.27676374709764406,-0.08242805300065036,-0.37783358004866946,0.13531133816957724,-0.2540669529232098,-0.023289145078076782,-0.5052764308189027,0.24024198972784194,-0.3548585034034899,-0.2443485852347437
ERqc8,HN_2_H,1.7142857142857142,1.0178571428571428,0.42857142857142855,1.0535714285714286,1.6428571428571428,2.3035714285714284,1.8392857142857142,6.035714285714286,1.0,4.0,1.25,1.0,-0.30249795888412884,-0.010233793929389251,-0.021450609138722054,-0.8180452610710647,-0.038048505253467556,0.07960859544234146,-0.23373669423470692,1.0,-0.4863810888100076,0.2409616810329909,-0.562654730391727,-0.058497360875041
G4dLl,HN_2_L,0.5714285714285714,0.14285714285714285,2.5714285714285716,2.5714285714285716,0.8571428571428571,2.0,0.2857142857142857,1.1428571428571428,0.2857142857142857,2.857142857142857,0.5714285714285714,0.42857142857142855,-0.7654012468201027,-0.26497892794046524,0.10219272662126112,-0.3353460305689872,-1.0,0.016589715302065,-0.7865744293611894,-0.2054952273578059,-0.7617461343347153,-0.03393438566148897,-0.8439516804069275,-0.4076975895615133
Gr33d,HN_2_L,0.5714285714285714,0.14285714285714285,2.5714285714285716,2.5714285714285716,0.8571428571428571,2.0,0.2857142857142857,1.1428571428571428,0.2857142857142857,2.857142857142857,0.5714285714285714,0.42857142857142855,-0.42476059691898643,-0.15473886525558017,0.1396989872448199,-0.4816231934594369,-0.8193082643381441,0.19242588303591568,-0.35224496985386206,-0.07301394704531397,-0.5336098488553199,0.07249532871489284,-0.6584094999448882,-0.2816981230121446
Hx7dO,HN_2_L,0.5714285714285714,0.14285714285714285,2.5714285714285716,2.5714285714285716,0.8571428571428571,2.0,0.2857142857142857,1.1428571428571428,0.2857142857142857,2.857142857142857,0.5714285714285714,0.42857142857142855,-0.7850798149890459,-0.22805450848652906,0.40505146895751165,-0.35010628020031137,-0.787587114603983,0.027377166032021717,-0.7174460761689238,-0.08699761380440374,-0.9035260789867902,0.08104226818139366,-0.888246222881695,-0.4451727565112123
Kgh4P3,HN_2_L,0.5714285714285714,0.14285714285714285,2.5714285714285716,2.5714285714285716,0.8571428571428571,2.0,0.2857142857142857,1.1428571428571428,0.2857142857142857,2.857142857142857,0.5714285714285714,0.42857142857142855,-0.6056405900358152,-0.11037344050293946,0.2402927031121203,-0.47311871026974833,-0.8168484260662925,0.006048444958438407,-0.5664974627987983,-0.08377144588014075,-0.7670583412994901,0.0322646454914717,-0.7047939258610005,-0.4895542547965355
SI3pa2,HN_2_L,0.5714285714285714,0.14285714285714285,2.5714285714285716,2.5714285714285716,0.8571428571428571,2.0,0.2857142857142857,1.1428571428571428,0.2857142857142857,2.857142857142857,0.5714285714285714,0.42857142857142855,-0.6743651980997507,-0.02939545202440377,0.21422507926461826,-0.5094734238015335,-0.6095531199902178,0.15655622035980132,-0.6169641043278744,-0.017184677749671053,-0.6363027856646215,0.14817268099986705,-0.8284180294716107,-0.34987817640379987
V9D5x,HN_2_L,0.5714285714285714,0.14285714285714285,2.5714285714285716,2.5714285714285716,0.8571428571428571,2.0,0.2857142857142857,1.1428571428571428,0.2857142857142857,2.857142857142857,0.5714285714285714,0.42857142857142855,-0.5199116994332472,-0.2707314804016505,0.09699459123159261,-0.2608760313816483,-0.7324838087191818,0.06131026311629372,-0.6729941702241301,-0.11604115276402288,-0.5813709760312554,-0.03730939259325728,-0.6395665023449655,-0.3489245005625956
sop2d,HN_2_L,0.5714285714285714,0.14285714285714285,2.5714285714285716,2.5714285714285716,0.8571428571428571,2.0,0.2857142857142857,1.1428571428571428,0.2857142857142857,2.857142857142857,0.5714285714285714,0.42857142857142855,-0.45841513228883,-0.11200307027614054,0.2611139082124388,-0.30326238036810516,-0.4162290712324733,0.1192856801475847,-0.23041343493571068,-0.07675097400612828,-0.5118359214091881,0.11745668644844462,-0.4663376488504824,-0.2989439245702999
A5feTy,HN_3_H,2.0,0.0,0.0,2.0,2.0,0.0,8.0,2.0,2.0,0.0,4.0,0.0,-0.5061249607039074,-0.11948086803248435,-0.463064273621621,-0.6127298881167034,-0.558591152893101,-0.12861020384012214,0.7834049960378957,0.4543726741087629,-0.5474239564346545,-0.22802784098565096,-0.1764837440479807,-0.11490296268226635
CVgs2,HN_3_H,0.0,1.0,1.0,0.0,1.0,1.0,1.0,5.0,0.0,3.0,0.0,3.0,-0.4918574201052661,0.07917185029160873,0.07403991977083067,-1.0,-0.3829764036333106,0.21233163169492805,-0.013057755128041908,0.5027403753285836,-0.26834831809132925,0.2083810980685786,-0.4827078692302643,0.21286221208434344
Dwf5T,HN_3_H,1.0,0.0,0.0,0.0,0.0,0.0,2.0,7.0,0.0,2.0,0.0,0.0,-0.32976832997430894,-0.1553962603166268,-0.2656634425791229,-0.5153992742009106,-0.5228686937380032,-0.21056412656259188,0.12215313295375316,0.8507703330094472,-0.5546297564195224,0.03303525965361697,-0.44671331719355695,-0.3065660144964809
ERqc8,HN_3_L,0.0,4.0,0.0,7.0,1.0,5.0,0.0,0.0,0.0,4.0,0.0,0.0,-0.608968066856865,0.3671913595073177,-0.08806695321298653,0.20891962135834957,-0.19120320274988079,0.45021953434422535,-0.8178501045499817,-0.061821432559030276,-0.6721787249112585,0.2409616810329909,-0.8146958159387797,-0.19080953098442113
G4dLl,HN_3_H,3.0,2.0,1.0,0.0,1.0,1.0,3.0,8.0,0.0,3.0,0.0,0.0,-0.25672631129566625,0.0002585892083419877,-0.3093022736773276,-0.8694844427965821,-0.9619764714304285,-0.12389746822621142,-0.0643422132364532,0.8465733346999156,-0.8195083026735583,-0.00521398605978096,-0.9689653536548547,-0.47808246903958895
Gr33d,HN_3_H,1.0,1.0,0.0,3.0,3.0,4.0,1.0,6.0,1.0,4.0,1.0,1.0,-0.35231514283835996,-0.010396507098632643,-0.26781201879710753,-0.39522705903600974,-0.36757892518350416,0.5154555298215494,-0.22703710227480073,0.5903037656736074,-0.40790412353931005,0.24505433732607554,-0.5740835931680295,-0.1962515814780016
Hx7dO,HN_3_H,0.0,4.0,1.0,0.0,0.0,8.0,0.0,9.0,0.0,9.0,1.0,7.0,-0.9061021753272862,0.3067434226285723,0.02008477240060741,-0.890148792280436,-1.0,0.8610538808617174,-0.7737557835842983,1.0,-0.9659367701011111,1.0,-0.8044308900429661,0.6627930234807171
Kgh4P3,HN_3_H,1.0,0.0,0.0,1.0,1.0,0.0,1.0,9.0,1.0,1.0,1.0,1.0,-0.5239978481695873,-0.12828268954330943,-0.06359021564303162,-0.7951017206604577,-0.7863231637440079,-0.2779377136248649,-0.4214514014285392,1.0,-0.6222174936519909,-0.2603065081971532,-0.618109488952814,-0.3902506378100998
SI3pa2,HN_3_H,0.0,0.0,0.0,0.0,0.0,0.0,0.0,8.0,0.0,5.0,0.0,1.0,-0.7878814827166829,-0.04599860447641028,-0.15798409371529942,-1.0,-0.7789797641997144,-0.08442771668025545,-0.6699793208632145,0.8705401319227691,-0.6899520573257566,0.4453217457673553,-0.9523785738425673,-0.25988629797687984
V9D5x,HN_3_H,4.0,1.0,0.0,0.0,0.0,0.0,2.0,8.0,0.0,6.0,2.0,0.0,0.16431584169496727,-0.13210622799419774,-0.26420757227577035,-1.0,-1.0,-0.20688680456476521,-0.17109591915689104,0.8579583987391244,-0.6399402714398204,0.49340704082654874,-0.32426525189401056,-0.42527871757557273
sop2d,HN_3_H,0.0,4.0,0.0,0.0,0.0,5.0,5.0,8.0,0.0,7.0,0.0,0.0,-0.5572907344779032,0.4338893460412376,-0.16791672572872587,-1.0,-0.6138424300090976,0.4967346743700484,0.8361677763264949,0.8629589669446746,-0.5678298444243431,0.7126603165180982,-0.5657503708064474,-0.3638911207988149
A5feTy,HN_3_L,0.5714285714285714,0.5714285714285714,1.0,1.7142857142857142,1.1428571428571428,0.7142857142857143,1.1428571428571428,1.2857142857142858,0.2857142857142857,1.4285714285714286,0.8571428571428571,0.0,-0.8134974016638886,-0.04840271768121551,-0.30050157655255205,-0.6680541898143171,-0.7477663730817721,-0.03903796544011245,-0.7018178882736762,0.2595057720047497,-0.9263849253574271,-0.033102786860944464,-0.8235322308674246,-0.11490296268226635
CVgs2,HN_3_L,0.5714285714285714,0.5714285714285714,1.0,1.7142857142857142,1.1428571428571428,0.7142857142857143,1.1428571428571428,1.2857142857142858,0.2857142857142857,1.4285714285714286,0.8571428571428571,0.0,-0.38773650965080914,-0.019488308605718915,0.07403991977083067,-0.4387229782112613,-0.33996839108106,0.09980757907991776,0.019327707573354024,0.04099929527655424,-0.21814776623119003,-0.040413413967010973,-0.3066535025684147,-0.2594204606650505
Dwf5T,HN_3_L,0.5714285714285714,0.5714285714285714,1.0,1.7142857142857142,1.1428571428571428,0.7142857142857143,1.1428571428571428,1.2857142857142858,0.2857142857142857,1.4285714285714286,0.8571428571428571,0.0,-0.40100591908007543,-0.06107819824996337,-0.05471953548260241,-0.22675179340073712,-0.32948854215222495,-0.08703717487253147,-0.06595690998472833,-0.0019706212222834908,-0.5052764308189027,-0.10510256039586632,-0.3089310965084563,-0.3065660144964809
ERqc8,HN_3_H,1.4821428571428572,0.9464285714285714,0.42857142857142855,1.0178571428571428,1.6785714285714286,1.9642857142857142,1.8928571428571428,6.035714285714286,0.9464285714285714,3.4642857142857144,1.1428571428571428,0.9821428571428571,-0.34399911933877014,-0.019273917364998994,-0.021450609138722054,-0.824213218322893,-0.029539910948111245,0.03297543094475345,-0.21672368228377656,1.0,-0.496334533601146,0.15963614685795421,-0.5842582520100458,-0.0608600781984228
G4dLl,HN_3_L,0.5714285714285714,0.5714285714285714,1.0,1.7142857142857142,1.1428571428571428,0.7142857142857143,1.1428571428571428,1.2857142857142858,0.2857142857142857,1.4285714285714286,0.8571428571428571,0.0,-0.7654012468201027,-0.20377027013689433,-0.3093022736773276,-0.5133921679781855,-0.9239529428608572,-0.1640366635200047,-0.5585010979533779,-0.1835771323149367,-0.7617461343347153,-0.32113838167856923,-0.7814448437829637,-0.47808246903958895
Gr33d,HN_3_L,0.5714285714285714,0.5714285714285714,1.0,1.7142857142857142,1.1428571428571428,0.7142857142857143,1.1428571428571428,1.2857142857142858,0.2857142857142857,1.4285714285714286,0.8571428571428571,0.0,-0.42476059691898643,-0.08256768617710641,-0.1093355164474691,-0.6544154623062912,-0.7590776857841921,-0.015236032754848845,-0.20199552875898846,-0.05350460255358097,-0.5336098488553199,-0.14320343204908556,-0.6021922287603156,-0.3457830291627518
Hx7dO,HN_3_L,0.5714285714285714,0.5714285714285714,1.0,1.7142857142857142,1.1428571428571428,0.7142857142857143,1.1428571428571428,1.2857142857142858,0.2857142857142857,1.4285714285714286,0.8571428571428571,0.0,-0.7850798149890459,-0.16863251614040667,0.02008477240060741,-0.5301204508936862,-0.7167828194719773,-0.15126784428862738,-0.5485169539228001,-0.06723402082614183,-0.9035260789867902,-0.13266883224153803,-0.8323693343225425,-0.5174313943367729
Kgh4P3,HN_3_L,0.5714285714285714,0.5714285714285714,1.0,1.7142857142857142,1.1428571428571428,0.7142857142857143,1.1428571428571428,1.2857142857142858,0.2857142857142857,1.4285714285714286,0.8571428571428571,0.0,-0.6056405900358152,-0.056645693381829475,0.05458647498397191,-0.6487458068464989,-0.7557979014217233,-0.17651408555939946,-0.3924421891544874,-0.0640665105005018,-0.7670583412994901,-0.19279008811516282,-0.6470043012555429,-0.5640319675363623
SI3pa2,HN_3_L,0.5714285714285714,0.5714285714285714,1.0,1.7142857142857142,1.1428571428571428,0.7142857142857143,1.1428571428571428,1.2857142857142858,0.2857142857142857,1.4285714285714286,0.8571428571428571,0.0,-0.6743651980997507,0.020414005331615772,-0.013236082000887009,-0.6729822825343557,-0.5530775719203856,0.0016379751197648264,-0.457918454721854,0.0013095891185048063,-0.6363027856646215,-0.049926695511791776,-0.7664377572861324,-0.41737208522398983
V9D5x,HN_3_L,0.5714285714285714,0.5714285714285714,1.0,1.7142857142857142,1.1428571428571428,0.7142857142857143,1.1428571428571428,1.2857142857142858,0.2857142857142857,1.4285714285714286,0.8571428571428571,0.0,-0.5199116994332472,-0.20141885419792413,-0.12374006424512922,-0.5072506875877656,-0.6433117449589092,-0.1111021375358156,-0.4220450446905106,-0.09574949544104062,-0.5813709760312554,-0.2785441350568055,-0.5765062522547745,-0.42527871757557273
sop2d,HN_3_L,0.5714285714285714,0.5714285714285714,1.0,1.7142857142857142,1.1428571428571428,0.7142857142857143,1.1428571428571428,1.2857142857142858,0.2857142857142857,1.4285714285714286,0.8571428571428571,0.0,-0.45841513228883,-0.0513483573519874,-0.0010714791960507461,-0.5355082535787369,-0.3503579516402653,-0.04247817451918546,-0.036489578342582374,-0.0571736835696532,-0.5118359214091881,-0.08778594461005662,-0.4166312878725,-0.3638911207988149
A5feTy,LN_7_N,0.0,4.0,4.0,4.0,0.0,4.0,0.0,4.0,0.0,1.0,0.0,1.0,-0.936446378047881,0.37806618442639756,0.18718651465465494,-0.2254597762334067,-1.0,0.37299433119993214,-0.9493550356589382,1.0,-0.9895450868445558,-0.09158030309835642,-1.0,0.008975144282429893
CVgs2,LN_7_N,0.0,0.0,4.0,4.0,0.0,0.0,0.0,0.0,0.0,0.0,0.0,4.0,-0.4918574201052661,-0.15103518713548908,1.0,0.3096463841737236,-0.6840324914990653,-0.18150255245760796,-0.23975599403781353,-0.11883415551068674,-0.26834831809132925,-0.26659024309027424,-0.4827078692302643,0.37028976966747473
Dwf5T,LN_7_N,0.0,0.0,2.0,4.0,2.0,0.0,0.0,0.0,0.0,0.0,0.0,3.0,-0.49598937122109754,-0.1553962603166268,0.15622437161391806,0.15811151433282747,-0.1844534284628913,-0.21056412656259188,-0.3167703005693703,-0.1938373359244229,-0.5546297564195224,-0.4504471105195746,-0.44671331719355695,0.12895599033567942
ERqc8,LN_7_N,0.0,1.0,0.0,4.0,1.0,5.0,0.0,0.0,0.0,9.0,0.0,8.0,-0.608968066856865,-0.012493824788291679,-0.08806695321298653,-0.3091887877952288,-0.19120320274988079,0.45021953434422535,-0.8178501045499817,-0.061821432559030276,-0.6721787249112585,1.0,-0.8146958159387797,0.8676878298906199
G4dLl,LN_7_N,1.0,2.0,2.0,1.0,2.0,3.0,2.0,1.0,1.0,4.0,0.0,8.0,-0.675635081727555,0.0002585892083419877,-0.04744181894186208,-0.6617639491525175,-0.6958117714434285,0.15707689883034143,-0.3304277665455665,-0.2274133224006751,-0.6173407134876074,0.19582881115217524,-0.9689653536548547,0.8357686145511568
Gr33d,LN_7_N,0.0,2.0,0.0,3.0,3.0,0.0,0.0,5.0,0.0,0.0,0.0,9.0,-0.5213545356931549,0.15800291075113948,-0.26781201879710753,-0.39522705903600974,-0.36757892518350416,-0.13060376374971805,-0.40232811688548653,0.45373835423147657,-0.5838921389817238,-0.35890219281306396,-0.7708440423140331,1.0
Hx7dO,LN_7_N,2.0,0.0,1.0,2.0,2.0,0.0,1.0,0.0,1.0,0.0,5.0,7.0,-0.4825239141434448,-0.24786183926856983,0.02008477240060741,-0.47011572732922796,-0.5043699340759603,-0.2505150722445435,-0.5766718076304874,-0.24510635763049882,-0.7474993512009876,-0.34637993266446976,-0.022154450214830236,0.6627930234807171
Kgh4P3,LN_7_N,0.0,0.0,0.0,0.0,3.0,0.0,0.0,0.0,3.0,0.0,3.0,9.0,-0.7144975791907856,-0.12828268954330943,-0.06359021564303162,-1.0,-0.3589694912320236,-0.2779377136248649,-0.624515887346902,-0.24141092891725213,-0.21666312023899317,-0.4178448217217973,-0.21358211671461053,1.0
SI3pa2,LN_7_N,0.0,0.0,0.0,6.0,3.0,0.0,0.0,0.0,0.0,0.0,1.0,9.0,-0.7878814827166829,-0.04599860447641028,-0.15798409371529942,0.14456201112975514,-0.18598650946647627,-0.08442771668025545,-0.6699793208632145,-0.16513881269507774,-0.6899520573257566,-0.24802607202345062,-0.7354476211933932,1.0
V9D5x,LN_7_N,1.0,2.0,3.0,3.0,2.0,1.0,1.0,5.0,1.0,5.0,1.0,6.0,-0.43438325679222034,0.029623233147830514,0.1571949518161531,-0.1376887032785897,-0.375795553678091,-0.07278827072423576,-0.4638698989461138,0.4318335949564974,-0.43494773750984284,0.324542721102065,-0.5449761272096789,0.6436803206061068
sop2d,LN_7_N,0.0,2.0,1.0,4.0,2.0,0.0,0.0,0.0,0.0,1.0,0.0,5.0,-0.5572907344779032,0.15083401906185634,-0.0010714791960507461,0.08381407498294745,-0.1527445928636411,-0.13234698266739112,-0.2950547204667534,-0.23336929749792876,-0.5678298444243431,-0.14935873392760698,-0.5657503708064474,0.39382616853386004
A5feTy,LN_7_P,2.3333333333333335,0.0,2.3333333333333335,4.333333333333333,5.0,1.3333333333333333,0.6666666666666666,0.6666666666666666,2.6666666666666665,1.6666666666666667,3.0,2.6666666666666665,-0.4344047244799118,-0.11948086803248435,-0.08375131379379334,-0.16091475758619064,0.10352211776724732,0.03859130783989594,-0.8049583663508687,0.09062112351460488,-0.4000502462980208,-0.0006152778401600375,-0.3823628080359855,0.21543865589025696
CVgs2,LN_7_P,2.3333333333333335,0.0,2.3333333333333335,4.333333333333333,5.0,1.3333333333333333,0.6666666666666666,0.6666666666666666,2.6666666666666665,1.6666666666666667,3.0,2.6666666666666665,-0.06669703574956681,-0.15103518713548908,0.4855777332060171,0.41878358285486716,0.8212479478297081,0.3436096930791067,-0.08862383476463245,-0.03595755139878402,0.20019016593663652,-0.002717275779800426,0.13348241408620912,0.16038635955663297
Dwf5T,LN_7_P,2.3333333333333335,0.0,2.3333333333333335,4.333333333333333,5.0,1.3333333333333333,0.6666666666666666,0.6666666666666666,2.6666666666666665,1.6666666666666667,3.0,2.6666666666666665,-0.10814027497859073,-0.1553962603166268,0.22653900731275825,0.2142374133773056,0.3231694694497764,0.02001951659218752,-0.1704624893949958,-0.09435089126405434,-0.09399871748040473,-0.04754513537524827,0.03552445520429537,0.08056465646543937
ERqc8,LN_7_P,2.3333333333333335,0.0,2.3333333333333335,4.333333333333333,5.0,1.3333333333333333,0.6666666666666666,0.6666666666666666,2.6666666666666665,1.6666666666666667,3.0,2.6666666666666665,-0.19182819767175183,-0.13905555288682814,0.2746220311913423,-0.2516211867781646,0.7617593594500238,-0.05374589250690148,-0.6061326224939598,0.05546061916346617,-0.17671836197458937,-0.11325620115161336,-0.20979721062585316,0.16202292264059254
G4dLl,LN_7_P,2.3333333333333335,0.0,2.3333333333333335,4.333333333333333,5.0,1.3333333333333333,0.6666666666666666,0.6666666666666666,2.6666666666666665,1.6666666666666667,3.0,2.6666666666666665,-0.39636256810629583,-0.28538181387498884,0.03984499930329313,0.030637696327698083,0.10268232851757178,-0.07706840705011929,-0.685208504291051,-0.27855554416736994,-0.28039473151102257,-0.27327104900905586,-0.31264356910323643,-0.04013210784267372
Gr33d,LN_7_P,2.3333333333333335,0.0,2.3333333333333335,4.333333333333333,5.0,1.3333333333333333,0.6666666666666666,0.6666666666666666,2.6666666666666665,1.6666666666666667,3.0,2.6666666666666665,-0.12692928569863327,-0.17879592494840477,0.10196648668538218,-0.12643908527423633,0.05403512469415976,0.08474933410737111,-0.2854674404783627,-0.13804509535109055,-0.11459076446862045,-0.10725363858842249,-0.18056269487602208,0.05296749799658205
Hx7dO,LN_7_P,2.3333333333333335,0.0,2.3333333333333335,4.333333333333333,5.0,1.3333333333333333,0.6666666666666666,0.6666666666666666,2.6666666666666665,1.6666666666666667,3.0,2.6666666666666665,-0.41192753727947123,-0.24786183926856983,0.34672318160040494,0.01992284844718128,0.23907516481009922,-0.0652535800601667,-0.6423664662817578,-0.1528762570652767,-0.3834369863674486,-0.09705031550438274,-0.41329267012889814,-0.06782209231106241
Kgh4P3,LN_7_P,2.3333333333333335,0.0,2.3333333333333335,4.333333333333333,5.0,1.3333333333333333,0.6666666666666666,0.6666666666666666,2.6666666666666665,1.6666666666666667,3.0,2.6666666666666665,-0.26999820680798936,-0.12828268954330943,0.2121553958199766,-0.11210745619531676,0.06838418127996065,-0.0886136079026627,-0.4891395634013268,-0.1494545638122705,-0.28425551580782615,-0.1552809658473904,-0.21358211671461053,-0.100615088266329
SI3pa2,LN_7_P,2.3333333333333335,0.0,2.3333333333333335,4.333333333333333,5.0,1.3333333333333333,0.6666666666666666,0.6666666666666666,2.6666666666666665,1.6666666666666667,3.0,2.6666666666666665,-0.32435665386420953,-0.04599860447641028,0.17976126695166292,-0.17337188085073246,0.20934232702234912,0.07622824134644905,-0.5462771489474209,-0.07883223397692385,-0.18922552182182878,-0.016910132759848637,-0.3015857158950449,0.002590014101636797
V9D5x,LN_7_P,2.3333333333333335,0.0,2.3333333333333335,4.333333333333333,5.0,1.3333333333333333,0.6666666666666666,0.6666666666666666,2.6666666666666665,1.6666666666666667,3.0,2.6666666666666665,-0.16829476857569248,-0.293835689136226,0.06354994646239233,0.2455607619309259,0.5605111158047725,-0.02808875944405927,-0.5614612255425214,-0.18368001050729701,-0.09329351429321361,-0.23833834464621412,-0.10355437657834211,0.04981418828295148
sop2d,LN_7_P,2.3333333333333335,0.0,2.3333333333333335,4.333333333333333,5.0,1.3333333333333333,0.6666666666666666,0.6666666666666666,2.6666666666666665,1.6666666666666667,3.0,2.6666666666666665,-0.15354869220585426,-0.1322213079175249,0.2213888495141828,0.17413191456485966,0.5389021628545436,0.03540812587592609,-0.14422505422765364,-0.14200860879437846,-0.04521989628289547,-0.05357883943363974,-0.043833580537631554,0.04022476684527837
